# Blender 5.2.0 LTS
# www.blender.org
mtllib triangles.mtl
o Plane
v -0.250678 0.000100 0.248308
v 0.247835 0.000230 0.249610
v -0.251806 0.000086 -0.250202
v 0.249877 0.000784 -0.250511
v -0.249854 0.000641 -0.244593
v -0.249194 -0.000230 -0.235487
v -0.249948 0.000708 -0.225707
v -0.249037 0.000650 -0.216241
v -0.251002 0.000201 -0.211220
v -0.250492 -0.000174 -0.201221
v -0.251542 -0.000089 -0.194775
v -0.249579 -0.000199 -0.187788
v -0.250862 0.000083 -0.179176
v -0.251205 0.000041 -0.174653
v -0.249482 -0.000415 -0.163521
v -0.250554 -0.000002 -0.155560
v -0.249190 -0.000280 -0.150022
v -0.248177 -0.000438 -0.141518
v -0.245844 -0.000239 -0.135144
v -0.249593 -0.000316 -0.128300
v -0.253135 0.000206 -0.117604
v -0.249174 -0.000156 -0.109940
v -0.250456 -0.000229 -0.100642
v -0.254372 -0.000005 -0.092286
v -0.249866 0.000634 -0.084233
v -0.250971 -0.000153 -0.074715
v -0.251154 0.000118 -0.070740
v -0.249977 0.000043 -0.063355
v -0.250259 -0.000021 -0.054768
v -0.249109 -0.000189 -0.048921
v -0.250687 0.000232 -0.036933
v -0.250753 0.000275 -0.034724
v -0.252082 0.000172 -0.022892
v -0.248153 -0.000268 -0.014316
v -0.250130 -0.000013 -0.007814
v -0.249865 -0.000175 0.000182
v -0.246023 0.000116 0.008612
v -0.249341 -0.000325 0.016715
v -0.252420 0.000128 0.024956
v -0.251071 -0.000408 0.034020
v -0.249600 0.000407 0.036992
v -0.251638 -0.000506 0.049449
v -0.248553 0.000089 0.056814
v -0.251256 -0.000186 0.063689
v -0.248405 0.000117 0.073721
v -0.248885 0.000025 0.079511
v -0.250854 0.000311 0.086667
v -0.250320 -0.000177 0.093999
v -0.252245 -0.000193 0.100865
v -0.247891 -0.000337 0.107078
v -0.253006 0.000085 0.116418
v -0.247980 0.000136 0.123029
v -0.247197 -0.000252 0.132777
v -0.250312 -0.000016 0.138492
v -0.252244 -0.000035 0.144443
v -0.250799 0.000131 0.155109
v -0.251752 -0.000258 0.161750
v -0.250194 0.000131 0.171133
v -0.252759 -0.000070 0.178989
v -0.246678 0.000014 0.186231
v -0.251539 0.000019 0.193937
v -0.249227 -0.000135 0.202571
v -0.250476 -0.000215 0.210855
v -0.250008 0.000044 0.219691
v -0.250979 -0.000099 0.226200
v -0.248562 -0.000530 0.233734
v -0.249765 0.000101 0.242204
v -0.244090 0.000348 0.251537
v -0.229735 0.000118 0.249540
v -0.226075 0.000018 0.249560
v -0.218373 0.000188 0.247162
v -0.211819 0.000001 0.249338
v -0.202666 0.000043 0.249523
v -0.199215 -0.000319 0.248619
v -0.189714 -0.000068 0.251882
v -0.182367 0.000070 0.249603
v -0.171756 -0.000017 0.250042
v -0.163674 0.000203 0.250683
v -0.154604 -0.000029 0.248318
v -0.148996 0.000008 0.253079
v -0.143959 -0.000042 0.248783
v -0.134516 0.000332 0.251718
v -0.125281 -0.000170 0.248834
v -0.116324 -0.000115 0.250540
v -0.108299 0.000166 0.250877
v -0.101405 -0.000006 0.250049
v -0.093262 0.000129 0.247386
v -0.086002 0.000006 0.250019
v -0.079248 0.000182 0.249253
v -0.070319 0.000742 0.249657
v -0.061665 0.000331 0.252220
v -0.055252 0.000074 0.249795
v -0.045521 0.000065 0.249541
v -0.039266 -0.000022 0.250509
v -0.031616 0.000123 0.254178
v -0.021632 -0.000303 0.252273
v -0.013833 -0.000084 0.253336
v -0.007125 0.000090 0.249732
v -0.000500 -0.000273 0.252403
v 0.008263 -0.000037 0.249631
v 0.015693 0.000019 0.250226
v 0.023797 0.000010 0.249875
v 0.030596 0.000377 0.248940
v 0.038121 0.000294 0.252300
v 0.048363 -0.000369 0.249641
v 0.055405 0.000615 0.251364
v 0.065413 0.000166 0.249791
v 0.066915 0.000195 0.250003
v 0.078839 0.000503 0.251925
v 0.086443 0.000003 0.250283
v 0.097843 0.000186 0.250135
v 0.099625 0.000628 0.247987
v 0.109094 0.000022 0.249777
v 0.115373 -0.000216 0.251325
v 0.123988 0.000241 0.249388
v 0.132764 0.000000 0.249625
v 0.139602 -0.000365 0.251486
v 0.148778 0.000129 0.246648
v 0.156415 0.000011 0.250102
v 0.163615 0.000017 0.254055
v 0.174650 0.000309 0.250361
v 0.179179 -0.000075 0.249330
v 0.188797 0.000213 0.253204
v 0.190717 0.000087 0.248693
v 0.200802 -0.000401 0.251324
v 0.213120 -0.000148 0.249423
v 0.218931 0.000745 0.248587
v 0.225774 0.000110 0.248265
v 0.234325 0.000033 0.249801
v 0.246061 -0.000466 0.249992
v 0.249729 -0.000011 0.241828
v 0.248457 0.000176 0.233437
v 0.249058 0.000026 0.227084
v 0.250445 0.000493 0.216442
v 0.250380 0.000041 0.210546
v 0.249244 -0.000236 0.201376
v 0.250962 -0.000001 0.194542
v 0.247508 0.000182 0.189947
v 0.250275 -0.000353 0.179883
v 0.250222 -0.000081 0.171507
v 0.248495 0.000057 0.164936
v 0.253797 0.000094 0.159353
v 0.249853 0.000016 0.148592
v 0.249831 0.000005 0.140587
v 0.251372 0.000202 0.129768
v 0.252499 -0.000238 0.121817
v 0.251806 -0.000220 0.117996
v 0.248646 0.000032 0.109461
v 0.250609 0.000026 0.102143
v 0.247935 0.000236 0.089767
v 0.250332 -0.000250 0.087001
v 0.251702 0.000180 0.077515
v 0.249212 0.000141 0.070979
v 0.248734 0.000207 0.060664
v 0.248613 0.000169 0.055463
v 0.249685 0.000123 0.046826
v 0.249666 -0.000107 0.039024
v 0.250194 -0.000001 0.031344
v 0.253461 0.000116 0.021156
v 0.250838 -0.000164 0.016131
v 0.251470 0.000503 0.004937
v 0.250026 -0.000027 -0.000082
v 0.249267 0.000172 -0.008640
v 0.249434 -0.000086 -0.016040
v 0.246935 -0.000129 -0.024806
v 0.248871 0.000467 -0.031690
v 0.247670 0.000057 -0.039325
v 0.249903 0.000028 -0.047343
v 0.250514 0.000197 -0.055261
v 0.251471 0.000147 -0.058662
v 0.251048 0.000493 -0.072812
v 0.248102 0.000187 -0.080007
v 0.248997 0.000108 -0.085318
v 0.251015 0.000602 -0.093475
v 0.245437 0.000234 -0.102884
v 0.248057 0.000061 -0.109623
v 0.249852 0.000126 -0.120489
v 0.252579 0.000274 -0.125032
v 0.247965 0.000201 -0.133480
v 0.249961 -0.000042 -0.140508
v 0.247801 0.000284 -0.147072
v 0.247239 -0.000387 -0.154815
v 0.249774 -0.000370 -0.164658
v 0.247541 0.000063 -0.173622
v 0.253677 -0.000027 -0.180799
v 0.249321 -0.000339 -0.184724
v 0.248772 -0.000063 -0.193472
v 0.248853 0.000056 -0.202981
v 0.249760 0.000188 -0.212337
v 0.247149 -0.000058 -0.215147
v 0.251374 -0.000162 -0.227227
v 0.251223 0.000220 -0.235841
v 0.248428 0.000120 -0.245059
v 0.241891 0.000088 -0.249772
v 0.233194 -0.000155 -0.249772
v 0.227933 -0.000399 -0.250824
v 0.219392 -0.000015 -0.249210
v 0.209785 0.000067 -0.249968
v 0.203369 -0.000045 -0.250275
v 0.194821 0.000498 -0.251360
v 0.186463 0.000335 -0.249799
v 0.179543 -0.000533 -0.253024
v 0.170248 0.000196 -0.247859
v 0.163630 0.000040 -0.249344
v 0.155008 0.000268 -0.248736
v 0.145633 0.000285 -0.250849
v 0.141340 -0.000166 -0.250086
v 0.136223 -0.000338 -0.251925
v 0.126367 -0.000452 -0.250531
v 0.117223 0.000128 -0.250246
v 0.109036 -0.000008 -0.248975
v 0.099923 -0.000119 -0.249484
v 0.095952 0.000681 -0.250744
v 0.085957 -0.000007 -0.250201
v 0.079397 -0.000350 -0.249247
v 0.067285 -0.000214 -0.249744
v 0.061073 -0.000216 -0.252107
v 0.054779 -0.000013 -0.249732
v 0.047505 0.000115 -0.249511
v 0.037845 0.000669 -0.247819
v 0.028959 -0.000364 -0.250178
v 0.024162 0.000005 -0.249617
v 0.015426 0.000058 -0.250139
v 0.008554 0.000126 -0.251214
v 0.002653 0.000054 -0.252020
v -0.007769 0.000042 -0.250006
v -0.017570 0.000126 -0.249382
v -0.025252 0.000311 -0.250548
v -0.031816 -0.000019 -0.249194
v -0.039310 -0.000173 -0.250365
v -0.048316 0.000252 -0.251258
v -0.052388 -0.000198 -0.249284
v -0.065512 -0.000136 -0.250936
v -0.070539 -0.000327 -0.249626
v -0.078115 0.000245 -0.249768
v -0.085108 0.000304 -0.252627
v -0.097172 0.000480 -0.251053
v -0.103041 0.000527 -0.251527
v -0.112004 -0.000116 -0.249666
v -0.116393 -0.000075 -0.247478
v -0.125812 0.000573 -0.250077
v -0.133371 0.000205 -0.250614
v -0.139693 -0.000248 -0.250234
v -0.151611 -0.000236 -0.248925
v -0.157289 -0.000046 -0.249652
v -0.164097 0.000003 -0.250015
v -0.174523 0.000372 -0.250852
v -0.181920 -0.000401 -0.249473
v -0.185339 -0.000368 -0.248265
v -0.191716 -0.000221 -0.247167
v -0.201378 -0.000161 -0.251268
v -0.208270 0.000182 -0.252703
v -0.219905 0.000058 -0.250544
v -0.229575 0.000427 -0.250611
v -0.233601 -0.000016 -0.249187
v -0.244660 -0.000031 -0.248265
v -0.240786 -0.000115 0.240691
v -0.235659 0.000540 0.243830
v -0.226794 -0.000185 0.241011
v -0.218860 0.000367 0.241167
v -0.211691 -0.000353 0.241999
v -0.203041 -0.000087 0.241923
v -0.193005 0.000476 0.244294
v -0.183679 -0.000078 0.242532
v -0.179751 0.000020 0.242214
v -0.171346 0.000034 0.241782
v -0.160255 0.000220 0.242285
v -0.156533 0.000117 0.241436
v -0.148203 -0.000041 0.242917
v -0.140639 0.000015 0.241862
v -0.132845 0.000171 0.241922
v -0.125150 0.000216 0.240774
v -0.116487 -0.000073 0.242995
v -0.111082 0.000212 0.246093
v -0.101826 -0.000344 0.241385
v -0.091650 0.000082 0.244403
v -0.086196 0.000072 0.242398
v -0.074520 0.000335 0.244615
v -0.069762 0.000419 0.239780
v -0.062854 0.000008 0.242237
v -0.054515 -0.000248 0.242667
v -0.048564 -0.000059 0.244565
v -0.038057 -0.000266 0.243093
v -0.031417 0.000055 0.242074
v -0.023501 -0.000137 0.242104
v -0.016584 -0.000040 0.242642
v -0.009338 -0.000172 0.242611
v -0.001049 -0.000151 0.242898
v 0.006353 -0.000279 0.240762
v 0.015477 0.000032 0.241971
v 0.025616 -0.000017 0.240811
v 0.027886 0.000184 0.240042
v 0.035528 0.000046 0.243258
v 0.046958 -0.000235 0.238467
v 0.055192 -0.000125 0.242392
v 0.062367 0.000017 0.242080
v 0.073426 0.000173 0.243198
v 0.078341 -0.000065 0.243454
v 0.086606 -0.000073 0.241343
v 0.092773 0.000134 0.245002
v 0.097630 -0.000187 0.242066
v 0.110150 0.000289 0.242570
v 0.117081 -0.000023 0.242242
v 0.121313 -0.000003 0.243216
v 0.134265 -0.000131 0.242650
v 0.142871 0.000282 0.243584
v 0.148392 0.000009 0.242188
v 0.156178 0.000015 0.242179
v 0.164457 0.000272 0.241504
v 0.175486 -0.000197 0.245101
v 0.178401 0.000041 0.241095
v 0.184678 0.000151 0.238745
v 0.195400 -0.000136 0.241607
v 0.202730 0.000027 0.242199
v 0.210500 -0.000114 0.238629
v 0.221526 0.000128 0.238482
v 0.225853 -0.000036 0.241725
v 0.234338 -0.000004 0.242116
v 0.241436 0.000135 0.243728
v -0.242175 0.000290 0.237450
v -0.233004 0.000197 0.234707
v -0.226705 -0.000524 0.233054
v -0.218731 -0.000041 0.234430
v -0.210034 -0.000331 0.230479
v -0.203248 0.000476 0.232756
v -0.195251 0.000027 0.234221
v -0.186168 -0.000276 0.235162
v -0.182707 -0.000284 0.236559
v -0.172044 -0.000046 0.234738
v -0.167319 -0.000344 0.231668
v -0.156156 0.000004 0.234336
v -0.147199 -0.000027 0.229827
v -0.139420 -0.000029 0.232530
v -0.136939 0.000149 0.236043
v -0.129375 0.000160 0.235823
v -0.115776 0.000197 0.234527
v -0.113320 -0.000131 0.232968
v -0.099254 0.000034 0.233715
v -0.091846 -0.000266 0.235285
v -0.085078 0.000416 0.233977
v -0.077962 0.000192 0.233256
v -0.069555 -0.000132 0.236247
v -0.062496 0.000005 0.233862
v -0.055392 0.000365 0.235464
v -0.046593 0.000017 0.234344
v -0.041470 -0.000366 0.233220
v -0.032438 0.000115 0.234647
v -0.019163 -0.000135 0.232370
v -0.015225 -0.000127 0.234516
v -0.006364 -0.000093 0.234814
v -0.001428 -0.000086 0.230906
v 0.005657 -0.000288 0.230420
v 0.015686 0.000229 0.232685
v 0.024235 -0.000016 0.232281
v 0.032017 -0.000087 0.238343
v 0.038178 -0.000020 0.231607
v 0.046426 0.000337 0.237763
v 0.053085 0.000231 0.232182
v 0.063507 -0.000125 0.233125
v 0.068434 0.000471 0.232898
v 0.076692 0.000686 0.234413
v 0.085372 0.000081 0.236748
v 0.092452 0.000184 0.234136
v 0.098951 -0.000205 0.231461
v 0.109453 0.000000 0.234387
v 0.116017 -0.000016 0.235525
v 0.124870 0.000130 0.234207
v 0.133971 0.000564 0.231765
v 0.136090 -0.000066 0.235070
v 0.148232 0.000106 0.234736
v 0.160176 0.000171 0.232355
v 0.164765 0.000422 0.232669
v 0.171674 0.000026 0.234308
v 0.180238 0.000031 0.233820
v 0.185626 -0.000203 0.238620
v 0.198726 0.000399 0.232775
v 0.203002 0.000632 0.234203
v 0.210046 0.000310 0.235503
v 0.219025 0.000018 0.235394
v 0.225329 -0.000273 0.234656
v 0.231580 -0.000114 0.238386
v 0.241486 0.000219 0.236975
v -0.240370 -0.000096 0.226307
v -0.235899 0.000311 0.222226
v -0.227866 -0.000091 0.229238
v -0.217852 -0.000101 0.223844
v -0.214045 0.000077 0.229098
v -0.205333 0.000182 0.225256
v -0.194698 -0.000080 0.222380
v -0.187823 0.000236 0.227792
v -0.176373 0.000370 0.228997
v -0.169732 0.000123 0.226304
v -0.163393 -0.000366 0.224523
v -0.155153 -0.000223 0.230669
v -0.147828 -0.000219 0.224315
v -0.143014 -0.000314 0.222784
v -0.130969 -0.000619 0.225693
v -0.123335 -0.000464 0.224546
v -0.117461 0.000181 0.226178
v -0.111691 0.000092 0.226506
v -0.099088 0.000219 0.228433
v -0.094343 -0.000109 0.225240
v -0.084013 0.000306 0.227207
v -0.077280 0.000175 0.225261
v -0.069535 0.000459 0.224120
v -0.058012 0.000121 0.228383
v -0.058968 0.000085 0.226686
v -0.048443 0.000146 0.227013
v -0.039716 0.000255 0.227846
v -0.032238 -0.000190 0.230994
v -0.022637 -0.000137 0.229139
v -0.015746 -0.000327 0.224944
v -0.007200 -0.000057 0.226513
v 0.002847 -0.000079 0.228808
v 0.005910 0.000380 0.224278
v 0.014506 0.000052 0.231123
v 0.027000 0.000287 0.227935
v 0.031285 0.000003 0.226535
v 0.039386 0.000011 0.226823
v 0.046895 0.000004 0.226657
v 0.054749 0.000004 0.226831
v 0.062034 0.000022 0.226324
v 0.074412 -0.000257 0.228115
v 0.079781 -0.000208 0.226838
v 0.089105 -0.000117 0.225186
v 0.093706 -0.000006 0.226467
v 0.097916 0.000429 0.226021
v 0.109575 0.000178 0.228502
v 0.117947 -0.000269 0.226911
v 0.125337 -0.000377 0.227271
v 0.132467 0.000314 0.227382
v 0.139150 0.000286 0.227672
v 0.148522 -0.000007 0.226641
v 0.154321 -0.000533 0.224638
v 0.164493 0.000068 0.221676
v 0.172046 0.000213 0.225099
v 0.177064 0.000551 0.227812
v 0.188448 0.000595 0.228773
v 0.197798 0.000015 0.225508
v 0.203407 -0.000017 0.226492
v 0.210409 0.000089 0.227046
v 0.218281 0.000170 0.226791
v 0.225707 0.000095 0.226667
v 0.234371 -0.000002 0.226569
v 0.241382 -0.000196 0.227176
v -0.245848 -0.000078 0.218066
v -0.235648 -0.000259 0.218500
v -0.225851 0.000605 0.220064
v -0.216381 0.000262 0.222821
v -0.210926 -0.000098 0.218718
v -0.204746 -0.000288 0.221593
v -0.195719 -0.000103 0.218624
v -0.191681 -0.000070 0.218442
v -0.180039 0.000011 0.218089
v -0.168096 -0.000253 0.216579
v -0.162812 -0.000302 0.218769
v -0.154684 0.000187 0.218173
v -0.148647 0.000112 0.219112
v -0.142830 0.000241 0.220068
v -0.132570 0.000054 0.218804
v -0.128929 -0.000255 0.217511
v -0.121352 0.000401 0.219532
v -0.107970 -0.000641 0.221371
v -0.103037 -0.000013 0.221054
v -0.092963 -0.000072 0.218789
v -0.082423 -0.000322 0.218654
v -0.077939 -0.000067 0.219048
v -0.071918 0.000184 0.218763
v -0.061859 -0.000121 0.219863
v -0.055576 -0.000634 0.216848
v -0.047100 0.000014 0.219169
v -0.037337 -0.000063 0.216026
v -0.031227 0.000054 0.218554
v -0.021827 0.000100 0.219501
v -0.013763 0.000061 0.219748
v -0.007761 -0.000199 0.214815
v -0.000562 -0.000144 0.222461
v 0.008158 0.000046 0.222835
v 0.012650 -0.000359 0.215521
v 0.021597 -0.000352 0.221609
v 0.028765 -0.000673 0.217763
v 0.039036 0.000106 0.218936
v 0.049261 0.000018 0.219854
v 0.054819 0.000012 0.218585
v 0.064130 0.000271 0.218974
v 0.071712 0.000650 0.219933
v 0.077965 -0.000135 0.218395
v 0.085934 -0.000015 0.219215
v 0.093984 -0.000070 0.218652
v 0.102436 0.000117 0.218267
v 0.107586 -0.000175 0.222220
v 0.118729 -0.000513 0.218504
v 0.127593 -0.000138 0.218317
v 0.132608 0.000096 0.218907
v 0.136495 -0.000357 0.218200
v 0.146428 -0.000038 0.218839
v 0.154816 0.000289 0.219352
v 0.162795 -0.000166 0.219844
v 0.171411 0.000146 0.214078
v 0.181646 0.000478 0.217788
v 0.188016 0.000019 0.219270
v 0.195554 0.000130 0.219760
v 0.201477 -0.000041 0.214851
v 0.210968 0.000080 0.214247
v 0.220301 -0.000303 0.215957
v 0.226162 0.000703 0.219173
v 0.231610 -0.000409 0.218811
v 0.242846 0.000097 0.219779
v -0.241378 -0.000186 0.211860
v -0.233981 -0.000202 0.215025
v -0.228313 0.000123 0.209998
v -0.218498 0.000314 0.207633
v -0.210574 0.000001 0.210778
v -0.203231 0.000003 0.212179
v -0.195142 -0.000309 0.211977
v -0.187083 0.000283 0.210582
v -0.179839 0.000045 0.211234
v -0.171558 0.000045 0.210490
v -0.161969 -0.000067 0.210844
v -0.157709 -0.000102 0.213739
v -0.147554 -0.000165 0.212369
v -0.142390 -0.000003 0.211282
v -0.132465 0.000035 0.211114
v -0.125181 -0.000397 0.209572
v -0.117156 0.000216 0.209348
v -0.112895 -0.000191 0.211406
v -0.104323 0.000084 0.210093
v -0.095078 0.000127 0.210480
v -0.082988 -0.000136 0.214000
v -0.079730 -0.000396 0.208999
v -0.070872 -0.000070 0.210478
v -0.060864 -0.000465 0.211115
v -0.054447 -0.000006 0.210818
v -0.046387 -0.000310 0.212287
v -0.036786 -0.000121 0.206906
v -0.032410 0.000343 0.210205
v -0.023313 0.000305 0.207554
v -0.016006 -0.000398 0.210561
v -0.006192 -0.000236 0.210223
v -0.000084 0.000007 0.211088
v 0.005892 0.000221 0.210685
v 0.014201 -0.000169 0.211306
v 0.020916 0.000549 0.210537
v 0.031193 -0.000150 0.209725
v 0.036876 -0.000143 0.210150
v 0.046432 -0.000120 0.211326
v 0.054579 -0.000011 0.211077
v 0.060180 0.000081 0.211101
v 0.071452 0.000107 0.207707
v 0.078226 0.000019 0.210795
v 0.085499 -0.000064 0.211302
v 0.093300 -0.000107 0.211137
v 0.104398 0.000136 0.209759
v 0.108853 -0.000554 0.214463
v 0.117726 0.000168 0.215619
v 0.123549 0.000136 0.212148
v 0.132154 0.000007 0.212110
v 0.140365 -0.000024 0.210768
v 0.148877 -0.000430 0.211036
v 0.158162 -0.000100 0.209803
v 0.163812 -0.000547 0.210088
v 0.172840 0.000029 0.208570
v 0.183313 -0.000223 0.209123
v 0.185448 0.000092 0.208920
v 0.197713 0.000213 0.208072
v 0.205213 -0.000332 0.212006
v 0.210460 0.000158 0.210699
v 0.221855 -0.000145 0.211308
v 0.227148 0.000154 0.211479
v 0.232733 -0.000007 0.209756
v 0.242396 0.000162 0.209717
v -0.242877 0.000018 0.199321
v -0.237335 -0.000066 0.206265
v -0.225806 -0.000205 0.198686
v -0.217594 -0.000201 0.200884
v -0.211193 0.000059 0.203130
v -0.203375 -0.000019 0.204147
v -0.192615 -0.000302 0.203500
v -0.186286 -0.000037 0.199692
v -0.179691 0.000018 0.204538
v -0.173430 0.000401 0.202998
v -0.164346 0.000171 0.202088
v -0.160619 0.000114 0.202117
v -0.148527 -0.000030 0.202943
v -0.139771 -0.000166 0.202766
v -0.132307 0.000302 0.205152
v -0.127578 -0.000185 0.204351
v -0.117428 -0.000449 0.199524
v -0.107904 0.000497 0.200626
v -0.098817 0.000083 0.204928
v -0.092132 -0.000230 0.205424
v -0.086034 -0.000142 0.204574
v -0.076981 0.000051 0.203254
v -0.068394 0.000405 0.204493
v -0.061730 0.000077 0.202089
v -0.058141 -0.000494 0.201632
v -0.047452 -0.000169 0.202747
v -0.037280 0.000206 0.201938
v -0.027720 -0.000337 0.205318
v -0.020351 -0.000522 0.204350
v -0.013070 0.000493 0.203659
v -0.009519 -0.000036 0.203390
v 0.000005 0.000011 0.203119
v 0.004651 -0.000106 0.203052
v 0.015865 -0.000032 0.203232
v 0.023456 -0.000005 0.203109
v 0.033851 0.000288 0.203856
v 0.036019 -0.000093 0.205612
v 0.046658 -0.000010 0.203409
v 0.054413 0.000053 0.202540
v 0.061932 0.000273 0.200181
v 0.068483 -0.000011 0.201069
v 0.079722 -0.000247 0.200692
v 0.086136 0.000499 0.202440
v 0.094364 0.000174 0.202580
v 0.099350 0.000162 0.201094
v 0.108594 0.000406 0.204515
v 0.118984 -0.000421 0.202089
v 0.123260 0.000334 0.199155
v 0.130761 0.000034 0.200271
v 0.139140 0.000562 0.201425
v 0.149413 0.000157 0.204005
v 0.156287 -0.000100 0.203029
v 0.164896 -0.000513 0.203604
v 0.170207 0.000032 0.203575
v 0.179904 -0.000557 0.204963
v 0.187171 -0.000371 0.199664
v 0.193610 -0.000039 0.203807
v 0.203261 0.000003 0.203035
v 0.210781 0.000045 0.202734
v 0.221404 -0.000177 0.203128
v 0.226571 -0.000001 0.203270
v 0.230766 -0.000173 0.205532
v 0.243642 0.000024 0.201511
v -0.239117 -0.000344 0.194147
v -0.233323 0.000187 0.195063
v -0.227755 -0.000459 0.193692
v -0.219540 -0.000066 0.194630
v -0.210124 0.000127 0.191410
v -0.203798 -0.000057 0.196028
v -0.196317 -0.000679 0.197700
v -0.184814 -0.000131 0.196221
v -0.182653 0.000473 0.195984
v -0.168016 0.000144 0.198179
v -0.164873 -0.000030 0.195439
v -0.158384 -0.000207 0.196442
v -0.148685 -0.000450 0.196229
v -0.141210 -0.000173 0.194619
v -0.133164 -0.000020 0.196763
v -0.125603 -0.000246 0.197934
v -0.116744 -0.000155 0.198776
v -0.107600 -0.000435 0.196600
v -0.101675 -0.000092 0.195496
v -0.095389 0.000147 0.195086
v -0.082438 -0.000406 0.197302
v -0.078210 -0.000081 0.195205
v -0.070319 0.000006 0.195186
v -0.061981 0.000014 0.194377
v -0.050963 -0.000014 0.192369
v -0.048687 0.000176 0.190911
v -0.037873 -0.000012 0.195318
v -0.029874 0.000690 0.195272
v -0.025135 -0.000164 0.192702
v -0.015447 -0.000527 0.194780
v -0.007375 0.000424 0.194123
v -0.001176 -0.000599 0.195817
v 0.011457 -0.000005 0.196735
v 0.015885 -0.000516 0.191914
v 0.022513 0.000421 0.193037
v 0.031417 0.000010 0.195526
v 0.039597 -0.000610 0.194524
v 0.049892 -0.000592 0.196782
v 0.055360 0.000045 0.192341
v 0.061941 -0.000161 0.197455
v 0.072156 0.000120 0.194151
v 0.078042 -0.000509 0.194323
v 0.086786 0.000280 0.196296
v 0.091427 -0.000202 0.194646
v 0.102344 -0.000326 0.195788
v 0.107131 -0.000080 0.193346
v 0.116575 0.000277 0.196628
v 0.126437 0.000194 0.192368
v 0.129817 -0.000034 0.198936
v 0.140510 -0.000077 0.195627
v 0.146835 0.000495 0.192273
v 0.160814 0.000017 0.194788
v 0.164119 0.000161 0.195938
v 0.172861 0.000226 0.194225
v 0.179486 -0.000011 0.194876
v 0.187851 -0.000113 0.198023
v 0.194738 -0.000132 0.195162
v 0.202908 0.000273 0.195464
v 0.212635 0.000361 0.191581
v 0.217867 -0.000303 0.196298
v 0.228595 -0.000240 0.197122
v 0.233777 0.000272 0.195460
v 0.241193 0.000395 0.195828
v -0.245402 0.000013 0.185279
v -0.231680 0.000240 0.187249
v -0.228933 0.000189 0.186244
v -0.219269 0.000034 0.188323
v -0.211187 -0.000034 0.187300
v -0.203005 0.000722 0.187964
v -0.193063 0.000089 0.189673
v -0.189724 0.000591 0.189245
v -0.175788 0.000174 0.187600
v -0.171570 -0.000610 0.187786
v -0.163672 0.000319 0.187059
v -0.158640 -0.000479 0.184755
v -0.150344 0.000237 0.187703
v -0.140523 -0.000017 0.187560
v -0.132999 -0.000100 0.187635
v -0.123490 0.000084 0.187446
v -0.117625 0.000535 0.188385
v -0.108946 -0.000173 0.185665
v -0.102834 -0.000549 0.187581
v -0.093647 -0.000114 0.187298
v -0.086147 0.000175 0.185090
v -0.077743 -0.000568 0.185860
v -0.071548 -0.000166 0.185539
v -0.065272 0.000224 0.188668
v -0.054792 0.000374 0.189100
v -0.047020 0.000289 0.187707
v -0.041472 -0.000137 0.189624
v -0.030120 -0.000599 0.186904
v -0.022393 0.000629 0.187445
v -0.016661 0.000036 0.190300
v -0.007716 -0.000067 0.189672
v -0.001380 -0.000237 0.185585
v 0.008129 -0.000122 0.186693
v 0.012868 -0.000125 0.186188
v 0.021030 0.000266 0.185602
v 0.031494 0.000146 0.187584
v 0.037246 -0.000017 0.186193
v 0.046406 -0.000243 0.188228
v 0.055676 0.000759 0.188350
v 0.061695 -0.000342 0.187782
v 0.069016 -0.000182 0.187829
v 0.078941 0.000090 0.187006
v 0.086816 0.000049 0.189144
v 0.093292 -0.000165 0.186008
v 0.102435 -0.000113 0.189401
v 0.109808 -0.000033 0.187632
v 0.117071 -0.000040 0.187393
v 0.122712 0.000222 0.187494
v 0.132143 -0.000083 0.187949
v 0.140779 0.000592 0.187506
v 0.148573 -0.000252 0.183588
v 0.154724 -0.000093 0.184985
v 0.160249 -0.000398 0.187730
v 0.174103 0.000180 0.191394
v 0.181060 0.000618 0.190300
v 0.187386 -0.000472 0.184749
v 0.194500 0.000008 0.187469
v 0.204192 0.000517 0.188785
v 0.211506 -0.000071 0.187279
v 0.217101 0.000044 0.188389
v 0.227089 -0.000080 0.188350
v 0.236003 0.000116 0.186613
v 0.243482 0.000619 0.185799
v -0.242161 -0.000130 0.178789
v -0.234026 0.000098 0.179609
v -0.227042 -0.000065 0.181301
v -0.223177 -0.000141 0.181295
v -0.211533 -0.000001 0.179844
v -0.202803 0.000029 0.179908
v -0.195854 0.000317 0.180949
v -0.187480 0.000028 0.179507
v -0.178823 -0.000091 0.178326
v -0.173859 0.000662 0.179561
v -0.163550 0.000625 0.178683
v -0.155506 -0.000306 0.177821
v -0.148254 0.000048 0.179848
v -0.143715 0.000198 0.179995
v -0.129374 0.000212 0.182312
v -0.125100 0.000182 0.181966
v -0.117562 0.000094 0.179532
v -0.109566 0.000047 0.179880
v -0.099493 0.000135 0.184152
v -0.095282 0.000237 0.178715
v -0.087561 0.000169 0.180900
v -0.074472 -0.000472 0.178954
v -0.071415 -0.000097 0.180024
v -0.064821 0.000126 0.179572
v -0.054721 -0.000005 0.179653
v -0.047544 0.000133 0.179616
v -0.038958 0.000048 0.181007
v -0.031183 0.000019 0.179658
v -0.026011 -0.000276 0.181030
v -0.014267 0.000538 0.179693
v -0.009208 0.000003 0.179854
v 0.001314 0.000093 0.181048
v 0.008591 0.000025 0.181028
v 0.015111 -0.000307 0.180359
v 0.020671 -0.000019 0.177829
v 0.031539 0.000107 0.179214
v 0.040114 -0.000090 0.179122
v 0.046868 -0.000016 0.179748
v 0.054160 -0.000329 0.183533
v 0.062900 0.000094 0.177890
v 0.068923 -0.000047 0.175121
v 0.077665 -0.000609 0.177117
v 0.090461 -0.000072 0.178040
v 0.096899 -0.000090 0.179924
v 0.100733 -0.000316 0.178911
v 0.109894 -0.000014 0.179500
v 0.115747 -0.000451 0.178526
v 0.121365 -0.000138 0.177607
v 0.132820 0.000000 0.179723
v 0.143537 0.000459 0.178169
v 0.149746 0.000083 0.179924
v 0.154994 -0.000054 0.179792
v 0.165269 0.000314 0.181426
v 0.169126 -0.000054 0.177159
v 0.177899 0.000358 0.176734
v 0.186732 0.000103 0.181833
v 0.198870 -0.000059 0.181882
v 0.201645 -0.000130 0.179767
v 0.211393 0.000118 0.179451
v 0.216926 0.000365 0.178750
v 0.225719 -0.000104 0.179423
v 0.239241 0.000023 0.178884
v 0.242202 0.000002 0.179701
v -0.240628 0.000014 0.172143
v -0.232182 0.000584 0.169454
v -0.226608 0.000012 0.171388
v -0.219528 0.000141 0.172205
v -0.210627 -0.000458 0.170879
v -0.203152 0.000533 0.173190
v -0.195922 0.000138 0.169816
v -0.188270 0.000022 0.169610
v -0.178927 0.000501 0.171087
v -0.171911 0.000416 0.172346
v -0.163642 -0.000034 0.176083
v -0.155121 -0.000299 0.173308
v -0.148867 -0.000548 0.170804
v -0.138649 -0.000306 0.174601
v -0.135422 0.000108 0.167690
v -0.124562 0.000002 0.171736
v -0.115599 -0.000116 0.169772
v -0.109009 0.000021 0.171750
v -0.101149 -0.000068 0.172836
v -0.093097 -0.000220 0.176220
v -0.084722 -0.000025 0.174889
v -0.077723 0.000007 0.171769
v -0.069926 -0.000032 0.171800
v -0.062264 -0.000058 0.172166
v -0.052033 0.000029 0.167846
v -0.047215 0.000067 0.173455
v -0.037434 -0.000064 0.171021
v -0.031378 -0.000128 0.171828
v -0.028113 -0.000217 0.172898
v -0.013705 0.000182 0.171541
v -0.008574 0.000746 0.170364
v -0.001748 0.000413 0.171419
v 0.007418 -0.000597 0.170718
v 0.012054 -0.000195 0.175001
v 0.026196 -0.000134 0.171614
v 0.030804 0.000431 0.170975
v 0.038520 -0.000214 0.171472
v 0.047540 0.000355 0.172400
v 0.054589 0.000004 0.171858
v 0.064329 0.000086 0.172147
v 0.066051 0.000091 0.173066
v 0.077492 -0.000135 0.172115
v 0.086089 0.000027 0.171560
v 0.094097 -0.000178 0.172824
v 0.100643 -0.000197 0.171659
v 0.110140 -0.000682 0.170477
v 0.116044 0.000728 0.170524
v 0.125294 0.000225 0.171283
v 0.131122 -0.000631 0.174422
v 0.140512 0.000005 0.171705
v 0.147617 0.000100 0.171152
v 0.156757 -0.000024 0.170897
v 0.166743 0.000333 0.172823
v 0.170498 0.000454 0.169785
v 0.182231 0.000041 0.175076
v 0.185280 0.000178 0.171815
v 0.197200 -0.000439 0.172019
v 0.201560 -0.000070 0.168959
v 0.209744 -0.000082 0.167122
v 0.219000 0.000007 0.171267
v 0.223672 -0.000065 0.174669
v 0.231665 0.000385 0.171502
v 0.242037 0.000001 0.171996
v -0.242834 0.000099 0.161181
v -0.232262 -0.000385 0.165384
v -0.223823 0.000010 0.161995
v -0.218027 0.000189 0.162943
v -0.211444 0.000178 0.163226
v -0.200786 0.000277 0.167113
v -0.195388 0.000030 0.164050
v -0.184798 -0.000188 0.162543
v -0.176247 0.000281 0.165192
v -0.173477 0.000584 0.163131
v -0.164300 -0.000088 0.163359
v -0.157148 0.000399 0.162311
v -0.148822 -0.000025 0.167781
v -0.140282 -0.000170 0.164409
v -0.132945 0.000383 0.164939
v -0.124597 0.000247 0.164876
v -0.121164 0.000315 0.166130
v -0.108644 -0.000746 0.165636
v -0.097706 -0.000041 0.164568
v -0.093688 -0.000007 0.164342
v -0.085537 -0.000086 0.164920
v -0.077541 0.000142 0.164211
v -0.070176 0.000556 0.165196
v -0.060012 -0.000411 0.164278
v -0.056116 0.000167 0.161526
v -0.047001 0.000470 0.160143
v -0.040591 -0.000118 0.162059
v -0.030849 -0.000068 0.168335
v -0.026587 -0.000033 0.162575
v -0.016268 0.000267 0.166550
v -0.008626 0.000151 0.166341
v 0.001433 -0.000363 0.163516
v 0.007641 0.000424 0.162614
v 0.012627 0.000288 0.160969
v 0.026628 -0.000394 0.162575
v 0.031569 -0.000192 0.167680
v 0.038384 0.000063 0.163535
v 0.047172 -0.000005 0.164757
v 0.054808 0.000029 0.164289
v 0.059258 0.000385 0.163051
v 0.069880 0.000458 0.162662
v 0.075329 0.000630 0.164093
v 0.085150 0.000013 0.163676
v 0.092702 0.000054 0.164851
v 0.101207 0.000009 0.164817
v 0.105321 -0.000270 0.164125
v 0.117017 -0.000011 0.163677
v 0.126104 0.000173 0.159951
v 0.134848 -0.000439 0.165980
v 0.140285 -0.000102 0.164091
v 0.147900 0.000069 0.162913
v 0.156043 -0.000019 0.163910
v 0.166191 -0.000458 0.162080
v 0.172511 0.000290 0.162471
v 0.184393 -0.000075 0.165512
v 0.187326 -0.000205 0.164036
v 0.195136 0.000007 0.164120
v 0.202194 -0.000296 0.164989
v 0.213004 0.000088 0.166993
v 0.219035 0.000052 0.163851
v 0.226566 -0.000000 0.164061
v 0.234887 -0.000241 0.164932
v 0.241407 -0.000139 0.164704
v -0.242454 -0.000047 0.157154
v -0.236757 -0.000084 0.158525
v -0.227131 0.000327 0.156424
v -0.217701 0.000046 0.158470
v -0.211148 -0.000058 0.155212
v -0.202609 0.000086 0.158062
v -0.192291 -0.000170 0.155016
v -0.188100 -0.000072 0.153543
v -0.180576 -0.000118 0.156910
v -0.172637 -0.000110 0.155705
v -0.167612 -0.000015 0.158555
v -0.156496 0.000028 0.156266
v -0.148672 0.000309 0.155170
v -0.140563 -0.000012 0.156190
v -0.132801 0.000023 0.154943
v -0.124727 0.000192 0.158595
v -0.115721 0.000144 0.158440
v -0.109288 0.000007 0.156283
v -0.103575 -0.000026 0.160036
v -0.093594 -0.000201 0.155671
v -0.088103 -0.000028 0.157684
v -0.076981 -0.000285 0.160416
v -0.071418 0.000302 0.156491
v -0.063260 -0.000028 0.156144
v -0.056249 -0.000530 0.154002
v -0.046598 0.000306 0.160280
v -0.039416 0.000087 0.156406
v -0.030778 -0.000155 0.153539
v -0.023939 0.000003 0.155706
v -0.014311 0.000023 0.154921
v -0.006510 0.000321 0.156014
v 0.001898 -0.000155 0.156604
v 0.004669 0.000470 0.156848
v 0.015777 -0.000045 0.156160
v 0.022977 0.000182 0.154492
v 0.032315 -0.000133 0.155667
v 0.038752 -0.000380 0.156318
v 0.047546 0.000227 0.156494
v 0.051599 -0.000012 0.155057
v 0.063192 -0.000006 0.155684
v 0.070280 -0.000000 0.156251
v 0.079155 0.000545 0.155948
v 0.088131 0.000543 0.155286
v 0.093086 0.000139 0.160506
v 0.098761 -0.000106 0.158135
v 0.107831 -0.000014 0.152360
v 0.118688 0.000157 0.157829
v 0.125162 -0.000111 0.158959
v 0.132299 -0.000004 0.155998
v 0.141338 -0.000059 0.159561
v 0.150119 0.000110 0.155984
v 0.155494 -0.000352 0.156577
v 0.160974 0.000514 0.155693
v 0.171524 -0.000009 0.156022
v 0.178968 -0.000107 0.156851
v 0.187346 0.000029 0.155799
v 0.195182 -0.000011 0.156222
v 0.203181 0.000331 0.160275
v 0.210298 0.000212 0.156898
v 0.219855 -0.000151 0.154168
v 0.227292 0.000749 0.155392
v 0.235629 -0.000178 0.156630
v 0.242126 0.000012 0.156268
v -0.241442 -0.000101 0.147998
v -0.233053 -0.000114 0.152723
v -0.228039 0.000297 0.148103
v -0.221166 0.000166 0.150236
v -0.212045 -0.000076 0.148210
v -0.204149 0.000191 0.149311
v -0.196157 0.000197 0.152049
v -0.183942 0.000092 0.148148
v -0.180251 0.000428 0.144328
v -0.171550 0.000061 0.148535
v -0.164246 0.000438 0.148980
v -0.156274 0.000126 0.148088
v -0.146278 -0.000564 0.147009
v -0.137963 -0.000472 0.147194
v -0.132672 -0.000020 0.147646
v -0.121148 -0.000188 0.151051
v -0.118814 0.000001 0.145988
v -0.110680 0.000298 0.148654
v -0.103883 0.000118 0.149758
v -0.092611 -0.000125 0.148244
v -0.087127 0.000046 0.149597
v -0.078602 0.000020 0.146621
v -0.073865 0.000283 0.146206
v -0.062847 -0.000020 0.146717
v -0.054571 -0.000444 0.151498
v -0.046342 0.000603 0.151622
v -0.038386 0.000051 0.147256
v -0.031315 0.000169 0.147789
v -0.022203 -0.000027 0.147295
v -0.017054 -0.000513 0.148879
v -0.007340 0.000271 0.149834
v 0.000865 -0.000251 0.149668
v 0.009771 0.000164 0.148341
v 0.016200 0.000119 0.148019
v 0.026326 -0.000544 0.149285
v 0.030632 0.000162 0.151016
v 0.037743 -0.000574 0.147068
v 0.047926 0.000081 0.146056
v 0.058123 -0.000369 0.148243
v 0.061819 -0.000418 0.147251
v 0.068708 -0.000074 0.149001
v 0.076802 0.000337 0.148717
v 0.083666 -0.000451 0.147887
v 0.095630 -0.000180 0.145708
v 0.101616 -0.000001 0.148438
v 0.108921 -0.000445 0.149898
v 0.116815 0.000073 0.148810
v 0.125435 -0.000054 0.148172
v 0.131858 -0.000129 0.150672
v 0.137217 0.000022 0.149614
v 0.149158 -0.000379 0.144973
v 0.155475 0.000038 0.148356
v 0.163552 0.000360 0.147180
v 0.172688 -0.000092 0.148253
v 0.180313 0.000016 0.147724
v 0.188644 0.000092 0.147948
v 0.195128 -0.000130 0.148626
v 0.202362 -0.000025 0.147592
v 0.210898 -0.000010 0.148469
v 0.218792 -0.000108 0.148799
v 0.224724 0.000335 0.152103
v 0.236990 -0.000014 0.150257
v 0.242140 -0.000286 0.147466
v -0.241000 -0.000028 0.142473
v -0.234541 -0.000088 0.141098
v -0.228128 0.000293 0.142347
v -0.218460 -0.000642 0.142450
v -0.213414 -0.000207 0.142938
v -0.203323 0.000134 0.141498
v -0.196126 -0.000276 0.143871
v -0.184938 0.000354 0.138709
v -0.179991 0.000129 0.140282
v -0.173426 0.000118 0.140480
v -0.162691 -0.000160 0.137961
v -0.156245 -0.000007 0.140609
v -0.146238 -0.000020 0.143120
v -0.142735 -0.000172 0.140282
v -0.133325 0.000174 0.140080
v -0.124981 -0.000002 0.141273
v -0.116417 0.000214 0.144455
v -0.112153 -0.000607 0.140738
v -0.101942 -0.000204 0.142110
v -0.091411 -0.000381 0.143307
v -0.087759 0.000310 0.138546
v -0.078129 -0.000001 0.140607
v -0.071035 -0.000010 0.141682
v -0.063590 0.000434 0.137953
v -0.053691 -0.000235 0.141186
v -0.046376 0.000619 0.141632
v -0.038636 -0.000373 0.140925
v -0.031429 0.000056 0.140925
v -0.023613 -0.000196 0.141284
v -0.017023 -0.000031 0.142204
v -0.008897 -0.000115 0.137949
v 0.000492 -0.000016 0.140507
v 0.009436 0.000005 0.142370
v 0.014546 -0.000091 0.141582
v 0.023512 0.000024 0.140448
v 0.029543 -0.000019 0.141888
v 0.038843 0.000028 0.140707
v 0.047667 -0.000365 0.139952
v 0.055313 -0.000031 0.140286
v 0.064388 0.000017 0.136174
v 0.066823 0.000144 0.141093
v 0.077456 -0.000071 0.141197
v 0.086004 -0.000145 0.140769
v 0.091840 -0.000558 0.138224
v 0.100433 -0.000087 0.140433
v 0.109587 -0.000435 0.142757
v 0.117982 0.000051 0.140349
v 0.128650 0.000118 0.137729
v 0.133674 0.000001 0.141162
v 0.140409 0.000100 0.142159
v 0.148397 -0.000002 0.140599
v 0.156461 0.000039 0.140372
v 0.162901 0.000282 0.137740
v 0.174144 -0.000266 0.139495
v 0.178644 -0.000250 0.140331
v 0.187147 0.000025 0.140749
v 0.197712 0.000088 0.142100
v 0.203242 0.000017 0.140507
v 0.213493 -0.000026 0.142685
v 0.218442 -0.000008 0.140289
v 0.225244 -0.000056 0.140563
v 0.238697 0.000003 0.141566
v 0.244036 -0.000087 0.143146
v -0.244871 0.000120 0.136449
v -0.233201 0.000081 0.133125
v -0.227008 0.000050 0.131550
v -0.219416 0.000110 0.132088
v -0.211301 0.000114 0.131647
v -0.202448 0.000088 0.133243
v -0.194177 -0.000093 0.133320
v -0.184954 -0.000458 0.129906
v -0.181302 -0.000021 0.135955
v -0.172487 -0.000104 0.131653
v -0.165135 -0.000145 0.133600
v -0.157330 -0.000261 0.134893
v -0.145705 -0.000483 0.134667
v -0.141317 -0.000057 0.133782
v -0.133469 0.000126 0.133690
v -0.126946 0.000324 0.129398
v -0.117049 -0.000101 0.133028
v -0.108955 0.000248 0.133143
v -0.100873 0.000407 0.134059
v -0.095754 0.000280 0.136186
v -0.086601 -0.000011 0.130614
v -0.078400 -0.000038 0.132320
v -0.068808 -0.000231 0.133394
v -0.061168 -0.000644 0.130565
v -0.055345 0.000138 0.131794
v -0.046977 0.000117 0.131984
v -0.043490 -0.000162 0.133171
v -0.031658 0.000092 0.131760
v -0.024864 -0.000424 0.133535
v -0.017926 -0.000107 0.132245
v -0.008254 -0.000385 0.132163
v 0.000203 0.000119 0.133960
v 0.004305 0.000249 0.130750
v 0.017255 -0.000422 0.136467
v 0.022162 0.000121 0.131835
v 0.027121 0.000026 0.133861
v 0.034669 0.000153 0.131469
v 0.050791 -0.000341 0.130937
v 0.054621 -0.000004 0.136040
v 0.061398 0.000038 0.134097
v 0.069955 0.000225 0.137288
v 0.078345 -0.000203 0.131518
v 0.085039 0.000080 0.134360
v 0.091744 0.000311 0.133775
v 0.105180 -0.000433 0.132004
v 0.108363 -0.000199 0.133718
v 0.118297 0.000368 0.132631
v 0.124896 -0.000017 0.133020
v 0.131510 -0.000114 0.128584
v 0.141615 0.000045 0.132264
v 0.146368 0.000117 0.131622
v 0.157686 -0.000140 0.133259
v 0.164115 -0.000030 0.132821
v 0.172359 -0.000246 0.131600
v 0.180665 -0.000120 0.135641
v 0.187907 0.000180 0.132341
v 0.197150 -0.000059 0.132969
v 0.202490 0.000360 0.130453
v 0.210537 0.000029 0.133016
v 0.221630 0.000107 0.131752
v 0.226658 -0.000150 0.133630
v 0.237570 -0.000195 0.131468
v 0.241968 -0.000103 0.133408
v -0.242386 -0.000648 0.123167
v -0.234693 0.000068 0.124627
v -0.225092 0.000180 0.124096
v -0.219116 -0.000040 0.125265
v -0.209670 0.000045 0.125164
v -0.202114 -0.000258 0.121004
v -0.195448 -0.000511 0.126685
v -0.189416 -0.000255 0.128386
v -0.177436 -0.000123 0.123137
v -0.172355 -0.000024 0.125249
v -0.159877 -0.000005 0.125303
v -0.154351 0.000390 0.127930
v -0.145741 0.000367 0.126553
v -0.138378 -0.000184 0.125433
v -0.130051 0.000215 0.127147
v -0.126084 -0.000383 0.121632
v -0.114794 0.000195 0.124842
v -0.109352 0.000002 0.124974
v -0.100378 0.000167 0.121466
v -0.096018 -0.000471 0.124733
v -0.085541 -0.000278 0.124869
v -0.074815 -0.000205 0.125194
v -0.065901 -0.000364 0.125316
v -0.060430 -0.000513 0.127864
v -0.054686 -0.000000 0.124981
v -0.044297 0.000322 0.123336
v -0.039081 -0.000054 0.125030
v -0.031768 0.000025 0.125020
v -0.022945 0.000486 0.127393
v -0.015281 -0.000092 0.126162
v -0.011297 0.000216 0.127197
v 0.000092 -0.000471 0.122605
v 0.009006 0.000280 0.122159
v 0.014118 0.000005 0.124686
v 0.023393 -0.000005 0.124945
v 0.033678 0.000157 0.122250
v 0.039066 -0.000001 0.125029
v 0.048746 0.000402 0.126188
v 0.056786 -0.000477 0.122221
v 0.064876 -0.000138 0.123339
v 0.072125 0.000137 0.123347
v 0.079017 0.000572 0.125372
v 0.085921 -0.000001 0.124947
v 0.091584 0.000499 0.126061
v 0.101361 0.000018 0.129611
v 0.108378 -0.000074 0.124847
v 0.117051 0.000075 0.124911
v 0.128657 0.000298 0.125050
v 0.134591 -0.000533 0.124097
v 0.138819 -0.000090 0.125673
v 0.147902 -0.000611 0.123294
v 0.158810 -0.000022 0.127228
v 0.163577 -0.000087 0.124343
v 0.171471 -0.000305 0.126145
v 0.177178 0.000127 0.123973
v 0.186305 0.000144 0.120794
v 0.196055 -0.000569 0.125771
v 0.205476 -0.000154 0.125133
v 0.208263 0.000404 0.127998
v 0.218952 -0.000224 0.124556
v 0.226445 0.000027 0.125032
v 0.238329 0.000221 0.124438
v 0.246240 0.000228 0.125537
v -0.244224 -0.000049 0.119049
v -0.237545 0.000485 0.115155
v -0.226518 -0.000091 0.117488
v -0.221603 -0.000022 0.115600
v -0.209657 -0.000095 0.115935
v -0.200704 0.000050 0.118769
v -0.194295 -0.000032 0.117067
v -0.187402 -0.000330 0.118497
v -0.181146 0.000391 0.115253
v -0.172289 0.000015 0.117025
v -0.164156 0.000162 0.117076
v -0.156113 -0.000003 0.117285
v -0.147432 0.000705 0.115842
v -0.141711 0.000031 0.115811
v -0.134098 0.000116 0.117577
v -0.125016 -0.000002 0.117170
v -0.115473 -0.000373 0.113365
v -0.109207 -0.000004 0.117117
v -0.100538 0.000371 0.114189
v -0.094314 -0.000119 0.119123
v -0.088840 0.000143 0.118055
v -0.076549 0.000307 0.115370
v -0.072291 -0.000011 0.115039
v -0.064251 0.000148 0.113449
v -0.054522 -0.000069 0.119098
v -0.047253 0.000288 0.118246
v -0.039839 -0.000511 0.119077
v -0.035218 0.000200 0.119277
v -0.023176 0.000069 0.117789
v -0.015279 -0.000083 0.118116
v -0.008242 -0.000017 0.116941
v 0.001261 0.000308 0.114074
v 0.005143 0.000027 0.115958
v 0.017300 0.000217 0.114610
v 0.025596 0.000513 0.119572
v 0.031010 -0.000041 0.115997
v 0.038515 0.000030 0.116974
v 0.047032 -0.000025 0.117025
v 0.057679 0.000056 0.120319
v 0.064136 0.000248 0.118611
v 0.069561 -0.000644 0.119565
v 0.077500 0.000192 0.118244
v 0.085475 -0.000078 0.118084
v 0.095274 0.000106 0.117712
v 0.101296 -0.000044 0.117120
v 0.110564 -0.000104 0.116499
v 0.117208 0.000009 0.117456
v 0.121583 0.000476 0.117264
v 0.133696 0.000070 0.116312
v 0.140977 0.000022 0.117072
v 0.152083 0.000243 0.115539
v 0.156162 0.000016 0.117171
v 0.164207 0.000067 0.117492
v 0.170915 0.000099 0.115604
v 0.181064 0.000092 0.114846
v 0.185929 0.000084 0.119098
v 0.195661 -0.000046 0.117742
v 0.199793 0.000248 0.116206
v 0.210990 -0.000069 0.117568
v 0.218256 0.000159 0.116966
v 0.225905 0.000128 0.119072
v 0.233151 -0.000324 0.114646
v 0.244532 -0.000199 0.116232
v -0.242327 -0.000035 0.109523
v -0.234143 -0.000033 0.109514
v -0.224621 0.000017 0.110999
v -0.218396 0.000120 0.107737
v -0.212671 0.000135 0.108749
v -0.204150 0.000118 0.109534
v -0.191423 -0.000461 0.110290
v -0.188331 -0.000444 0.112312
v -0.180121 0.000211 0.112818
v -0.172222 -0.000314 0.107444
v -0.164845 0.000386 0.111111
v -0.155867 0.000353 0.107647
v -0.146883 -0.000370 0.110324
v -0.142609 -0.000477 0.110804
v -0.133006 0.000033 0.109547
v -0.124705 -0.000185 0.109979
v -0.116258 0.000059 0.108917
v -0.109400 -0.000469 0.109865
v -0.102299 0.000361 0.111788
v -0.092052 0.000108 0.107052
v -0.084681 0.000598 0.111427
v -0.078994 -0.000274 0.110096
v -0.070439 -0.000678 0.107043
v -0.060469 0.000379 0.107371
v -0.053634 0.000405 0.109514
v -0.046629 0.000217 0.106482
v -0.043171 0.000035 0.109710
v -0.030607 -0.000234 0.110549
v -0.024546 0.000197 0.109557
v -0.017134 0.000328 0.109530
v -0.008474 -0.000661 0.107682
v -0.001334 0.000336 0.110166
v 0.009120 0.000561 0.106962
v 0.018016 0.000276 0.108607
v 0.023877 0.000121 0.107852
v 0.031763 0.000193 0.109886
v 0.040671 -0.000434 0.110257
v 0.046027 -0.000062 0.110341
v 0.053963 0.000074 0.109467
v 0.062379 -0.000143 0.109378
v 0.069736 -0.000048 0.109031
v 0.074991 0.000282 0.107305
v 0.083101 0.000380 0.111433
v 0.093326 0.000277 0.108117
v 0.100701 -0.000144 0.111267
v 0.109416 -0.000230 0.109615
v 0.116127 0.000134 0.109013
v 0.125099 -0.000032 0.111126
v 0.132881 0.000046 0.108763
v 0.139835 0.000347 0.107684
v 0.148639 0.000366 0.110613
v 0.156595 -0.000081 0.109144
v 0.165044 -0.000218 0.106679
v 0.171396 0.000060 0.110155
v 0.179983 0.000492 0.110768
v 0.187310 0.000600 0.110167
v 0.191695 0.000165 0.109906
v 0.204959 0.000266 0.107316
v 0.210777 -0.000334 0.109402
v 0.220120 0.000366 0.111437
v 0.226392 -0.000167 0.107298
v 0.234718 0.000162 0.112432
v 0.238668 -0.000365 0.109929
v -0.238969 0.000324 0.101018
v -0.233348 0.000192 0.097802
v -0.226766 -0.000389 0.104033
v -0.220140 0.000453 0.098050
v -0.208810 0.000088 0.100852
v -0.206557 -0.000315 0.101727
v -0.192169 -0.000114 0.099816
v -0.188024 -0.000566 0.101480
v -0.178501 0.000079 0.100298
v -0.173916 0.000331 0.100347
v -0.163898 0.000122 0.101977
v -0.157701 0.000186 0.102115
v -0.148778 0.000053 0.101413
v -0.140619 -0.000039 0.101409
v -0.132777 -0.000001 0.101542
v -0.121172 0.000273 0.103663
v -0.118073 0.000350 0.099741
v -0.108570 0.000275 0.099466
v -0.099212 0.000002 0.101768
v -0.093717 0.000001 0.101589
v -0.089531 0.000008 0.102233
v -0.074841 0.000087 0.100531
v -0.072024 -0.000183 0.102557
v -0.062588 -0.000005 0.101585
v -0.058325 0.000222 0.099921
v -0.047715 -0.000290 0.098827
v -0.037626 0.000046 0.099706
v -0.030615 0.000134 0.104784
v -0.022474 0.000169 0.101069
v -0.015410 0.000077 0.100715
v -0.007994 0.000237 0.103312
v -0.002741 0.000098 0.105543
v 0.007310 0.000163 0.102036
v 0.015089 -0.000011 0.099832
v 0.020184 -0.000450 0.100927
v 0.030457 0.000039 0.101527
v 0.041778 0.000092 0.100979
v 0.048256 -0.000443 0.104208
v 0.055766 0.000067 0.102434
v 0.063659 -0.000326 0.105316
v 0.070157 -0.000065 0.100261
v 0.081572 0.000103 0.102717
v 0.086586 -0.000178 0.098669
v 0.097567 0.000083 0.102495
v 0.101511 -0.000100 0.102276
v 0.108820 0.000184 0.101627
v 0.113984 0.000361 0.103425
v 0.123402 0.000177 0.099458
v 0.133032 -0.000021 0.101504
v 0.139399 -0.000004 0.105108
v 0.147743 -0.000466 0.101424
v 0.157536 0.000153 0.100386
v 0.162636 -0.000090 0.101447
v 0.171346 -0.000047 0.101537
v 0.181393 0.000149 0.100893
v 0.185126 0.000016 0.102343
v 0.196358 0.000477 0.101744
v 0.204858 0.000359 0.100553
v 0.209375 -0.000476 0.100862
v 0.217931 -0.000076 0.103546
v 0.228029 -0.000196 0.102110
v 0.238324 -0.000099 0.100304
v 0.241214 0.000089 0.101899
v -0.242259 0.000027 0.093779
v -0.233963 0.000013 0.093726
v -0.226450 0.000004 0.093878
v -0.218022 -0.000074 0.093596
v -0.209920 0.000231 0.092314
v -0.201919 0.000034 0.093845
v -0.198184 0.000508 0.095866
v -0.189026 -0.000082 0.093352
v -0.179832 -0.000248 0.094143
v -0.173629 -0.000126 0.096951
v -0.163769 -0.000162 0.094570
v -0.155713 0.000414 0.094431
v -0.148633 -0.000094 0.093937
v -0.139929 -0.000041 0.092828
v -0.132094 -0.000209 0.095283
v -0.124854 -0.000294 0.092847
v -0.117059 -0.000048 0.094371
v -0.110077 0.000465 0.093596
v -0.101648 -0.000009 0.093594
v -0.096249 -0.000017 0.095911
v -0.084647 0.000063 0.097807
v -0.078383 0.000006 0.093644
v -0.070578 -0.000140 0.094311
v -0.061793 -0.000276 0.097543
v -0.053067 -0.000039 0.095998
v -0.047363 0.000020 0.093445
v -0.039755 -0.000025 0.093899
v -0.032031 0.000477 0.093612
v -0.020859 -0.000538 0.094711
v -0.016498 -0.000117 0.092950
v -0.007779 -0.000005 0.093771
v 0.001427 0.000278 0.095229
v 0.009184 -0.000088 0.094908
v 0.013747 -0.000108 0.092055
v 0.023277 0.000180 0.093714
v 0.031091 -0.000190 0.094852
v 0.041556 -0.000054 0.097184
v 0.046964 -0.000088 0.093677
v 0.054206 -0.000086 0.095168
v 0.059580 -0.000184 0.096696
v 0.070285 0.000011 0.093575
v 0.078969 -0.000449 0.091680
v 0.086452 -0.000026 0.093317
v 0.090892 0.000096 0.090723
v 0.101481 -0.000228 0.093504
v 0.110477 -0.000577 0.096153
v 0.116461 0.000161 0.093452
v 0.127957 0.000323 0.091555
v 0.132918 -0.000011 0.094166
v 0.142316 0.000394 0.092894
v 0.149329 -0.000147 0.092921
v 0.157247 -0.000334 0.091743
v 0.164830 -0.000464 0.090564
v 0.168792 0.000027 0.092598
v 0.180560 0.000033 0.096282
v 0.186920 -0.000276 0.094026
v 0.195308 0.000022 0.093752
v 0.203163 -0.000000 0.093757
v 0.214771 -0.000159 0.094503
v 0.219927 -0.000082 0.094103
v 0.228164 0.000484 0.096073
v 0.234984 -0.000052 0.092054
v 0.238031 -0.000168 0.096162
v -0.244974 -0.000025 0.087379
v -0.235034 -0.000057 0.085902
v -0.225470 -0.000082 0.085636
v -0.216939 -0.000179 0.084154
v -0.211088 -0.000088 0.086048
v -0.202528 -0.000070 0.086329
v -0.195400 -0.000040 0.086057
v -0.190081 -0.000116 0.084508
v -0.179694 0.000011 0.085999
v -0.172672 0.000585 0.085641
v -0.161559 -0.000082 0.083428
v -0.156538 -0.000000 0.086026
v -0.149876 0.000204 0.086798
v -0.138933 -0.000142 0.082413
v -0.133282 0.000128 0.084262
v -0.122053 0.000031 0.089676
v -0.118864 0.000442 0.086357
v -0.108958 -0.000061 0.086126
v -0.102792 0.000617 0.084630
v -0.091486 0.000258 0.086284
v -0.087817 -0.000061 0.084285
v -0.080894 0.000128 0.085614
v -0.067872 -0.000080 0.087324
v -0.059186 -0.000026 0.084247
v -0.054684 0.000069 0.085889
v -0.043815 -0.000273 0.085571
v -0.038701 -0.000022 0.086613
v -0.031577 0.000002 0.085625
v -0.023516 0.000053 0.085804
v -0.015905 -0.000280 0.084142
v -0.007695 -0.000015 0.086031
v 0.000603 -0.000091 0.085363
v 0.008361 0.000066 0.085529
v 0.015630 -0.000003 0.085868
v 0.025753 0.000034 0.087849
v 0.031278 -0.000036 0.085618
v 0.039613 0.000276 0.083723
v 0.049814 0.000414 0.085384
v 0.054206 -0.000035 0.084073
v 0.061045 -0.000269 0.086415
v 0.072278 -0.000418 0.083733
v 0.078031 -0.000005 0.085942
v 0.085633 -0.000036 0.085627
v 0.091429 0.000075 0.085887
v 0.101339 0.000026 0.086750
v 0.109004 -0.000418 0.087841
v 0.119242 -0.000277 0.087585
v 0.127003 0.000027 0.084581
v 0.132305 0.000223 0.085960
v 0.140520 -0.000049 0.085226
v 0.146178 -0.000355 0.088704
v 0.155412 0.000001 0.085583
v 0.164140 0.000648 0.086665
v 0.171631 0.000260 0.084845
v 0.175276 0.000021 0.086182
v 0.188038 0.000468 0.083431
v 0.194600 -0.000085 0.086571
v 0.203799 0.000176 0.084142
v 0.208649 0.000115 0.085362
v 0.220827 0.000326 0.084393
v 0.226522 0.000025 0.085946
v 0.235902 -0.000348 0.088923
v 0.238735 -0.000487 0.086428
v -0.242957 -0.000077 0.075551
v -0.232657 -0.000153 0.081000
v -0.228351 0.000365 0.080330
v -0.218996 -0.000145 0.077757
v -0.213773 -0.000604 0.078776
v -0.204502 -0.000030 0.077149
v -0.198305 -0.000056 0.077520
v -0.188463 -0.000134 0.077401
v -0.181985 0.000088 0.081631
v -0.172925 -0.000134 0.079521
v -0.160675 0.000136 0.077713
v -0.154626 -0.000179 0.080078
v -0.149225 -0.000115 0.079053
v -0.140908 0.000025 0.077907
v -0.135329 0.000227 0.077350
v -0.123202 0.000038 0.080668
v -0.117683 0.000001 0.079259
v -0.108261 -0.000205 0.079280
v -0.103529 -0.000714 0.078142
v -0.091416 0.000145 0.079735
v -0.085701 -0.000029 0.076448
v -0.078130 0.000387 0.081242
v -0.068780 0.000245 0.080253
v -0.063599 -0.000105 0.078772
v -0.051456 0.000461 0.079331
v -0.047085 -0.000041 0.077609
v -0.039544 0.000150 0.076807
v -0.027360 -0.000413 0.076490
v -0.023447 -0.000008 0.078158
v -0.015801 0.000470 0.076355
v -0.009893 -0.000632 0.079860
v 0.000825 0.000103 0.078239
v 0.003886 0.000089 0.077134
v 0.017756 -0.000108 0.076768
v 0.024061 0.000005 0.078977
v 0.032088 0.000166 0.076330
v 0.035821 0.000239 0.081488
v 0.044675 0.000484 0.079683
v 0.054944 0.000423 0.076782
v 0.061944 -0.000008 0.078693
v 0.070516 -0.000099 0.077863
v 0.074148 0.000128 0.077758
v 0.085749 0.000176 0.077742
v 0.094283 0.000040 0.080022
v 0.099539 0.000614 0.077930
v 0.109582 -0.000555 0.074803
v 0.118311 0.000207 0.076237
v 0.124216 0.000250 0.079740
v 0.133170 -0.000316 0.081145
v 0.140797 -0.000065 0.078149
v 0.148530 0.000031 0.077985
v 0.153882 0.000546 0.078431
v 0.164255 0.000003 0.077866
v 0.171175 -0.000094 0.078263
v 0.179555 0.000199 0.079006
v 0.188795 0.000267 0.080184
v 0.195679 -0.000004 0.078213
v 0.202603 -0.000072 0.079216
v 0.211096 0.000044 0.080479
v 0.218190 -0.000046 0.078128
v 0.225598 -0.000052 0.078504
v 0.232246 0.000159 0.078569
v 0.243103 0.000238 0.073656
v -0.242647 0.000165 0.069168
v -0.234694 -0.000655 0.067977
v -0.225969 -0.000087 0.069317
v -0.220802 -0.000278 0.070051
v -0.210250 0.000049 0.072308
v -0.205034 -0.000284 0.071537
v -0.193786 0.000183 0.068802
v -0.187456 0.000333 0.071079
v -0.180167 -0.000124 0.069952
v -0.172801 0.000024 0.070681
v -0.163804 -0.000042 0.070043
v -0.156652 -0.000132 0.069712
v -0.148301 0.000004 0.069838
v -0.142930 -0.000412 0.067473
v -0.132397 0.000238 0.069880
v -0.124090 0.000004 0.070315
v -0.118156 0.000021 0.067066
v -0.107811 -0.000084 0.072957
v -0.098381 -0.000130 0.069039
v -0.094151 0.000020 0.070192
v -0.084212 -0.000167 0.070421
v -0.078062 0.000355 0.071147
v -0.070454 0.000034 0.070974
v -0.062180 -0.000126 0.070722
v -0.056211 -0.000122 0.070405
v -0.045857 -0.000049 0.070513
v -0.040515 -0.000389 0.070125
v -0.028376 0.000074 0.068045
v -0.023925 -0.000254 0.069239
v -0.016303 0.000004 0.070693
v -0.007980 0.000238 0.074884
v -0.000377 0.000034 0.069595
v 0.004942 -0.000202 0.070624
v 0.016209 -0.000132 0.072101
v 0.025965 0.000449 0.070530
v 0.031753 -0.000079 0.072113
v 0.036022 -0.000192 0.068924
v 0.048691 -0.000212 0.068041
v 0.055054 0.000025 0.070220
v 0.064032 0.000189 0.074576
v 0.069752 -0.000275 0.074495
v 0.078103 0.000082 0.070348
v 0.084127 -0.000047 0.073111
v 0.096951 0.000278 0.068346
v 0.101189 0.000455 0.069173
v 0.108790 0.000173 0.068796
v 0.119443 0.000524 0.070214
v 0.125694 0.000089 0.070445
v 0.132559 -0.000027 0.070007
v 0.136518 -0.000241 0.072372
v 0.151885 -0.000312 0.070509
v 0.157607 -0.000069 0.066941
v 0.162606 -0.000061 0.069488
v 0.169688 0.000348 0.068994
v 0.179803 -0.000314 0.069505
v 0.184727 -0.000326 0.068640
v 0.195307 0.000021 0.070332
v 0.205222 0.000213 0.067526
v 0.211189 -0.000171 0.074115
v 0.217869 0.000038 0.070102
v 0.226149 -0.000115 0.068982
v 0.233581 0.000494 0.072905
v 0.243478 -0.000230 0.070365
v -0.245785 -0.000001 0.062271
v -0.235283 0.000330 0.060608
v -0.228446 0.000111 0.062717
v -0.216905 -0.000360 0.065566
v -0.211111 -0.000175 0.064136
v -0.203452 -0.000261 0.064668
v -0.194187 -0.000623 0.063621
v -0.183446 0.000238 0.062701
v -0.180799 -0.000154 0.063616
v -0.168176 -0.000346 0.063986
v -0.164638 -0.000547 0.065789
v -0.155250 -0.000377 0.062148
v -0.148766 0.000419 0.062130
v -0.137284 -0.000419 0.060017
v -0.135615 -0.000197 0.061978
v -0.128444 -0.000151 0.063399
v -0.117736 -0.000061 0.061974
v -0.109645 0.000033 0.062175
v -0.102638 -0.000480 0.061339
v -0.092385 0.000131 0.064250
v -0.086055 -0.000780 0.061528
v -0.077929 -0.000021 0.062190
v -0.068099 0.000512 0.061681
v -0.059349 -0.000250 0.062903
v -0.052768 0.000092 0.063177
v -0.047290 -0.000252 0.061935
v -0.039125 0.000021 0.062626
v -0.032022 -0.000085 0.062174
v -0.021454 -0.000181 0.063576
v -0.013592 0.000037 0.061481
v -0.007955 0.000114 0.062504
v 0.000557 -0.000058 0.062591
v 0.007043 -0.000069 0.062856
v 0.014224 -0.000615 0.061971
v 0.023102 0.000115 0.063060
v 0.030472 0.000126 0.063624
v 0.039057 -0.000002 0.062481
v 0.046394 0.000738 0.061581
v 0.058541 0.000006 0.061143
v 0.059529 0.000100 0.064585
v 0.068198 0.000141 0.060377
v 0.077471 -0.000018 0.064988
v 0.085146 0.000181 0.063235
v 0.095445 -0.000056 0.063251
v 0.101697 0.000156 0.059428
v 0.112007 -0.000041 0.064426
v 0.116477 -0.000106 0.061728
v 0.125838 -0.000179 0.061134
v 0.132114 -0.000103 0.063435
v 0.142450 0.000277 0.063186
v 0.148965 0.000017 0.062819
v 0.156694 -0.000731 0.063009
v 0.162930 0.000504 0.059908
v 0.172627 -0.000094 0.061554
v 0.176932 0.000199 0.060439
v 0.188293 -0.000043 0.063939
v 0.194435 -0.000325 0.058689
v 0.203132 0.000019 0.062166
v 0.210920 -0.000139 0.062819
v 0.219523 0.000144 0.062082
v 0.226543 0.000003 0.062488
v 0.234353 0.000002 0.062412
v 0.238286 -0.000186 0.063825
v -0.240560 -0.000323 0.054254
v -0.236754 -0.000255 0.050703
v -0.224521 0.000132 0.057371
v -0.219447 0.000142 0.054632
v -0.213716 -0.000332 0.053274
v -0.203076 0.000079 0.055606
v -0.194972 -0.000058 0.055337
v -0.188975 0.000571 0.054530
v -0.179267 -0.000416 0.055467
v -0.170011 0.000008 0.055073
v -0.160350 -0.000121 0.054533
v -0.154616 0.000375 0.052748
v -0.148774 0.000199 0.051363
v -0.140708 -0.000122 0.055014
v -0.132513 -0.000105 0.054688
v -0.125614 -0.000126 0.055591
v -0.116785 0.000149 0.054635
v -0.105420 0.000111 0.052971
v -0.098106 -0.000089 0.055233
v -0.094371 0.000038 0.054520
v -0.084296 -0.000105 0.053606
v -0.076990 0.000332 0.055778
v -0.072820 -0.000112 0.051611
v -0.059390 0.000181 0.058352
v -0.054765 -0.000012 0.054412
v -0.046857 -0.000414 0.055046
v -0.039529 -0.000029 0.059646
v -0.033089 -0.000397 0.055184
v -0.024657 0.000506 0.053951
v -0.018868 0.000056 0.056136
v -0.007203 0.000101 0.056359
v 0.003859 -0.000046 0.056750
v 0.009900 -0.000073 0.055882
v 0.015506 -0.000782 0.055660
v 0.020654 -0.000447 0.055126
v 0.032732 -0.000093 0.056221
v 0.040301 0.000364 0.052886
v 0.046935 -0.000155 0.051012
v 0.054560 -0.000046 0.054915
v 0.062501 -0.000000 0.054688
v 0.071055 -0.000014 0.055017
v 0.082386 -0.000316 0.055040
v 0.085419 0.000034 0.054184
v 0.096825 0.000002 0.053388
v 0.098534 0.000421 0.055269
v 0.111429 -0.000053 0.053617
v 0.117011 -0.000270 0.053463
v 0.125355 0.000023 0.055843
v 0.131582 0.000354 0.052081
v 0.142723 0.000213 0.055661
v 0.149276 -0.000103 0.055884
v 0.156257 0.000000 0.054671
v 0.162281 -0.000050 0.055343
v 0.171694 0.000337 0.059170
v 0.181110 0.000264 0.054343
v 0.188238 0.000019 0.055494
v 0.194329 0.000181 0.054864
v 0.203266 -0.000069 0.054446
v 0.209449 -0.000277 0.054550
v 0.218965 -0.000018 0.055181
v 0.227966 -0.000389 0.054484
v 0.234384 -0.000005 0.054687
v 0.241389 -0.000092 0.054554
v -0.245429 0.000101 0.045009
v -0.236643 -0.000288 0.047493
v -0.226607 -0.000018 0.046654
v -0.216414 -0.000265 0.043243
v -0.210096 0.000061 0.048187
v -0.201976 0.000008 0.047566
v -0.194541 -0.000095 0.045627
v -0.191516 0.000388 0.045991
v -0.180414 0.000588 0.048265
v -0.174090 -0.000259 0.044415
v -0.163652 -0.000129 0.046449
v -0.152908 -0.000092 0.044561
v -0.148932 0.000014 0.046885
v -0.139159 -0.000013 0.049342
v -0.133890 0.000094 0.047503
v -0.122656 -0.000249 0.046789
v -0.116738 -0.000053 0.045449
v -0.109905 0.000510 0.047071
v -0.102161 -0.000183 0.047452
v -0.094963 -0.000196 0.046971
v -0.085246 -0.000529 0.043631
v -0.077861 0.000008 0.046644
v -0.069891 -0.000008 0.047531
v -0.059658 0.000021 0.046952
v -0.050596 -0.000125 0.048983
v -0.045688 -0.000170 0.046079
v -0.037564 -0.000059 0.046199
v -0.028747 0.000543 0.048938
v -0.024283 0.000357 0.045767
v -0.015492 -0.000246 0.049613
v -0.008381 -0.000216 0.047586
v 0.002123 -0.000228 0.047750
v 0.008225 0.000513 0.046938
v 0.012590 -0.000519 0.048312
v 0.024295 -0.000243 0.044891
v 0.031169 0.000007 0.046825
v 0.038901 -0.000111 0.046803
v 0.046850 0.000002 0.046872
v 0.054793 -0.000000 0.046917
v 0.062504 0.000038 0.046327
v 0.068794 0.000052 0.046571
v 0.078290 0.000098 0.043107
v 0.085507 -0.000090 0.047747
v 0.092936 0.000199 0.048747
v 0.104699 0.000537 0.047309
v 0.107943 0.000318 0.046858
v 0.117178 -0.000262 0.048617
v 0.124172 -0.000100 0.047153
v 0.132463 0.000180 0.044872
v 0.141023 -0.000325 0.046356
v 0.148477 -0.000003 0.046858
v 0.156642 -0.000081 0.050959
v 0.163917 -0.000002 0.049416
v 0.171679 -0.000080 0.047649
v 0.179713 -0.000007 0.045847
v 0.186633 0.000460 0.048171
v 0.196904 0.000609 0.046460
v 0.203375 -0.000081 0.046915
v 0.212041 -0.000597 0.048802
v 0.217636 0.000066 0.047455
v 0.226842 -0.000002 0.046822
v 0.232276 0.000254 0.044135
v 0.241014 -0.000305 0.046617
v -0.239771 0.000069 0.038992
v -0.234361 -0.000225 0.039162
v -0.224864 -0.000176 0.038979
v -0.222703 0.000030 0.040145
v -0.209233 -0.000244 0.037759
v -0.205855 -0.000645 0.038544
v -0.194710 -0.000167 0.038858
v -0.187602 -0.000001 0.039248
v -0.179672 -0.000008 0.039043
v -0.171254 0.000348 0.042295
v -0.163439 0.000048 0.040623
v -0.160092 0.000481 0.039685
v -0.149184 0.000233 0.035976
v -0.140609 -0.000003 0.039311
v -0.133974 0.000032 0.039659
v -0.123922 0.000035 0.039635
v -0.117320 -0.000188 0.038405
v -0.106354 -0.000194 0.040051
v -0.101368 -0.000021 0.039124
v -0.093391 0.000235 0.038754
v -0.086031 0.000543 0.037259
v -0.077565 -0.000054 0.041825
v -0.071063 -0.000013 0.038763
v -0.061920 -0.000294 0.041876
v -0.054700 -0.000409 0.036020
v -0.046282 0.000238 0.039235
v -0.041233 -0.000364 0.036914
v -0.030874 0.000069 0.039090
v -0.026282 -0.000518 0.039544
v -0.015334 -0.000125 0.039617
v -0.007659 0.000308 0.042067
v 0.000031 -0.000670 0.038469
v 0.010982 -0.000371 0.037883
v 0.013265 -0.000210 0.039172
v 0.019400 -0.000059 0.039012
v 0.030950 0.000542 0.035483
v 0.039353 -0.000587 0.039230
v 0.045927 0.000593 0.041416
v 0.051864 -0.000392 0.039830
v 0.064917 0.000033 0.038073
v 0.070761 -0.000085 0.039174
v 0.075189 -0.000212 0.037684
v 0.085265 0.000085 0.038806
v 0.094380 0.000169 0.035839
v 0.101315 -0.000003 0.038923
v 0.113556 -0.000151 0.039988
v 0.117732 -0.000494 0.039751
v 0.120669 0.000146 0.041177
v 0.132462 0.000268 0.038498
v 0.141524 -0.000058 0.038373
v 0.148884 -0.000211 0.037693
v 0.155258 -0.000064 0.037652
v 0.164227 -0.000308 0.042427
v 0.172364 0.000002 0.038768
v 0.180608 0.000290 0.039352
v 0.186923 -0.000313 0.042103
v 0.193930 0.000426 0.042710
v 0.201639 -0.000150 0.042130
v 0.211983 -0.000235 0.043603
v 0.217830 0.000300 0.037745
v 0.226454 0.000514 0.038822
v 0.233941 0.000005 0.038603
v 0.240549 0.000485 0.041584
v -0.242335 0.000073 0.034042
v -0.233873 -0.000088 0.031194
v -0.226569 0.000003 0.031245
v -0.218751 -0.000088 0.032919
v -0.210438 -0.000110 0.030763
v -0.201791 -0.000408 0.030492
v -0.194937 -0.000341 0.035207
v -0.184116 -0.000368 0.032008
v -0.179676 -0.000311 0.029579
v -0.171744 -0.000231 0.029622
v -0.165078 -0.000150 0.030197
v -0.156755 0.000664 0.031923
v -0.149713 0.000077 0.031599
v -0.143280 0.000042 0.032336
v -0.129492 0.000265 0.033599
v -0.123630 -0.000379 0.034804
v -0.116600 -0.000266 0.033360
v -0.110469 0.000046 0.033983
v -0.103517 0.000643 0.031005
v -0.094717 -0.000121 0.027980
v -0.085760 -0.000012 0.032551
v -0.076608 0.000602 0.029490
v -0.072127 -0.000237 0.033603
v -0.062782 -0.000079 0.031897
v -0.054489 -0.000020 0.031151
v -0.047792 0.000020 0.032191
v -0.038082 0.000306 0.032532
v -0.031067 0.000035 0.031681
v -0.024480 0.000376 0.030685
v -0.011268 -0.000052 0.032110
v -0.010979 0.000485 0.030543
v -0.000192 0.000139 0.032387
v 0.008825 -0.000019 0.031835
v 0.015130 -0.000012 0.030721
v 0.023315 -0.000015 0.030939
v 0.027636 -0.000187 0.034296
v 0.037751 0.000236 0.031116
v 0.045111 -0.000181 0.031890
v 0.054647 -0.000057 0.031394
v 0.061396 -0.000463 0.030389
v 0.071632 0.000092 0.031677
v 0.079287 0.000057 0.029142
v 0.086929 0.000193 0.031106
v 0.091102 0.000291 0.033295
v 0.103239 -0.000066 0.029288
v 0.109431 0.000006 0.031177
v 0.118960 0.000239 0.027981
v 0.127307 -0.000151 0.031489
v 0.130976 0.000027 0.031642
v 0.140830 -0.000038 0.031276
v 0.146890 0.000078 0.031272
v 0.158042 -0.000458 0.030910
v 0.164266 -0.000374 0.031350
v 0.171468 0.000029 0.031573
v 0.178254 0.000192 0.029086
v 0.186146 -0.000213 0.030623
v 0.195388 -0.000002 0.031253
v 0.203463 0.000008 0.030721
v 0.208972 0.000022 0.030411
v 0.217966 0.000407 0.028146
v 0.225412 0.000016 0.032367
v 0.234734 0.000647 0.031489
v 0.245111 -0.000325 0.027901
v -0.239352 -0.000588 0.022543
v -0.236455 -0.000308 0.024139
v -0.226689 -0.000152 0.024079
v -0.218820 -0.000058 0.023700
v -0.210997 -0.000048 0.023185
v -0.201773 -0.000384 0.020797
v -0.195096 0.000152 0.022985
v -0.185900 -0.000035 0.021697
v -0.177206 0.000119 0.023264
v -0.172721 -0.000560 0.023305
v -0.163611 -0.000126 0.023431
v -0.157011 0.000171 0.024646
v -0.148767 0.000251 0.024713
v -0.141012 0.000157 0.024041
v -0.133563 0.000371 0.022643
v -0.123159 0.000708 0.023192
v -0.118757 0.000135 0.021944
v -0.107737 -0.000597 0.022926
v -0.102540 -0.000289 0.025936
v -0.095309 -0.000027 0.023985
v -0.086617 0.000502 0.024908
v -0.076021 0.000286 0.024646
v -0.070486 -0.000136 0.023854
v -0.062281 -0.000567 0.021207
v -0.054758 0.000083 0.024186
v -0.046640 0.000072 0.025948
v -0.039033 0.000156 0.024321
v -0.030100 0.000166 0.020976
v -0.022780 -0.000610 0.022659
v -0.015658 -0.000357 0.027540
v -0.008229 -0.000084 0.023539
v -0.001518 -0.000274 0.026278
v 0.007708 0.000011 0.023166
v 0.015873 -0.000007 0.023637
v 0.022125 0.000050 0.022666
v 0.031132 0.000035 0.023564
v 0.039217 -0.000019 0.022966
v 0.047624 0.000286 0.023284
v 0.053182 -0.000202 0.020880
v 0.063442 0.000001 0.023932
v 0.069987 -0.000089 0.025590
v 0.081925 0.000154 0.021425
v 0.085396 -0.000024 0.022369
v 0.093059 0.000077 0.022843
v 0.100650 -0.000011 0.024669
v 0.110065 0.000114 0.023590
v 0.113048 0.000029 0.020728
v 0.124409 -0.000019 0.023279
v 0.132636 0.000086 0.019164
v 0.142340 0.000022 0.022588
v 0.149486 -0.000387 0.022773
v 0.156479 0.000277 0.022844
v 0.162411 -0.000437 0.023582
v 0.172764 -0.000103 0.024886
v 0.179428 -0.000007 0.023283
v 0.190464 0.000498 0.024360
v 0.194513 -0.000072 0.024219
v 0.205763 0.000522 0.025714
v 0.211986 0.000205 0.025710
v 0.218501 0.000179 0.023369
v 0.222923 -0.000283 0.023989
v 0.234374 0.000058 0.023023
v 0.243473 0.000025 0.023901
v -0.242039 -0.000026 0.015331
v -0.233605 -0.000447 0.014928
v -0.226563 -0.000016 0.015636
v -0.218778 0.000005 0.015769
v -0.211388 -0.000231 0.015547
v -0.202372 -0.000333 0.015634
v -0.197027 0.000466 0.016867
v -0.189525 -0.000567 0.016789
v -0.179604 -0.000146 0.016778
v -0.170320 0.000024 0.016886
v -0.162218 0.000420 0.012893
v -0.156048 -0.000057 0.016222
v -0.146385 -0.000073 0.012411
v -0.141536 0.000073 0.015539
v -0.132692 -0.000046 0.015812
v -0.129541 0.000236 0.014349
v -0.118085 0.000365 0.016350
v -0.109346 -0.000014 0.015641
v -0.101451 0.000146 0.014973
v -0.094231 -0.000025 0.015605
v -0.084875 -0.000399 0.018729
v -0.077271 -0.000534 0.014077
v -0.067493 -0.000374 0.012901
v -0.062952 -0.000250 0.013791
v -0.054824 -0.000436 0.018373
v -0.044457 0.000022 0.011495
v -0.038912 0.000767 0.016905
v -0.034573 -0.000563 0.014469
v -0.021479 0.000458 0.017579
v -0.015355 0.000195 0.020298
v -0.006818 0.000260 0.019727
v 0.001235 -0.000059 0.012873
v 0.008289 -0.000035 0.015210
v 0.015766 0.000070 0.015531
v 0.021171 0.000645 0.016063
v 0.031424 -0.000006 0.015599
v 0.041806 -0.000365 0.017012
v 0.047117 0.000158 0.014715
v 0.053393 -0.000052 0.015547
v 0.063270 0.000561 0.018520
v 0.071519 -0.000489 0.015324
v 0.074311 0.000238 0.018047
v 0.086456 0.000524 0.017179
v 0.094872 -0.000658 0.017732
v 0.100680 0.000052 0.014871
v 0.109359 -0.000006 0.015513
v 0.117208 -0.000004 0.016026
v 0.125620 -0.000054 0.014562
v 0.133710 -0.000047 0.017186
v 0.144366 -0.000303 0.017082
v 0.150179 0.000181 0.014169
v 0.156038 -0.000318 0.015170
v 0.164883 -0.000194 0.013013
v 0.171676 -0.000232 0.015565
v 0.179345 -0.000054 0.014426
v 0.185408 -0.000158 0.015033
v 0.194097 -0.000272 0.016906
v 0.201539 -0.000049 0.013960
v 0.209397 -0.000216 0.015740
v 0.219033 -0.000147 0.015977
v 0.226879 0.000246 0.013751
v 0.233625 0.000098 0.015571
v 0.241782 -0.000539 0.015820
v -0.242560 0.000163 0.008939
v -0.234853 -0.000091 0.007343
v -0.225380 0.000199 0.006446
v -0.218045 -0.000008 0.008601
v -0.212469 -0.000517 0.009247
v -0.203988 -0.000116 0.008458
v -0.193252 -0.000445 0.007426
v -0.187307 -0.000009 0.007943
v -0.179700 -0.000469 0.003895
v -0.174530 -0.000231 0.011456
v -0.162009 -0.000458 0.007713
v -0.155392 -0.000490 0.005343
v -0.150354 0.000131 0.009297
v -0.143134 0.000174 0.009514
v -0.132819 -0.000026 0.007827
v -0.123436 0.000251 0.004875
v -0.114308 -0.000208 0.009355
v -0.108028 -0.000441 0.006799
v -0.101864 0.000006 0.007456
v -0.093823 -0.000010 0.007998
v -0.086637 -0.000054 0.007580
v -0.078375 -0.000373 0.008268
v -0.069941 0.000066 0.007784
v -0.062996 0.000013 0.008343
v -0.057171 -0.000259 0.010653
v -0.046415 -0.000346 0.006056
v -0.038106 -0.000134 0.008403
v -0.031982 0.000360 0.005086
v -0.022975 -0.000167 0.007821
v -0.015572 -0.000026 0.007349
v -0.010264 0.000440 0.010746
v 0.004886 0.000049 0.008270
v 0.006977 -0.000123 0.006832
v 0.015061 0.000266 0.006837
v 0.023300 0.000039 0.007722
v 0.031695 -0.000040 0.007688
v 0.038667 -0.000214 0.007873
v 0.047240 0.000222 0.008244
v 0.054886 0.000583 0.009181
v 0.062990 -0.000142 0.008910
v 0.070211 0.000070 0.007268
v 0.079241 0.000199 0.006018
v 0.085845 -0.000002 0.007734
v 0.091889 -0.000587 0.005504
v 0.103053 0.000239 0.005770
v 0.108640 -0.000031 0.008828
v 0.118283 -0.000543 0.006472
v 0.125324 -0.000158 0.008249
v 0.131948 -0.000056 0.007778
v 0.141583 -0.000137 0.006930
v 0.148217 -0.000102 0.007412
v 0.155516 -0.000547 0.006288
v 0.163072 0.000070 0.006908
v 0.174386 -0.000437 0.008847
v 0.175782 0.000257 0.005485
v 0.187578 -0.000755 0.007009
v 0.194970 -0.000057 0.005862
v 0.199835 -0.000217 0.009430
v 0.210940 -0.000000 0.007807
v 0.221118 -0.000268 0.011587
v 0.228366 -0.000081 0.011725
v 0.233077 0.000114 0.009514
v 0.241456 -0.000077 0.008712
v -0.238272 0.000149 0.000007
v -0.237096 0.000171 0.002092
v -0.226930 0.000013 -0.000263
v -0.218868 -0.000033 0.000010
v -0.210536 -0.000048 -0.000091
v -0.201747 0.000181 0.002012
v -0.197118 -0.000395 -0.003642
v -0.190535 0.000551 -0.001011
v -0.181197 -0.000320 -0.003952
v -0.170760 0.000668 0.002459
v -0.163964 0.000001 0.000114
v -0.154327 -0.000287 -0.000906
v -0.148481 0.000061 0.000294
v -0.140862 0.000141 0.001475
v -0.131489 0.000278 -0.000553
v -0.124205 -0.000013 -0.000133
v -0.117342 0.000350 0.004011
v -0.111091 -0.000402 0.000532
v -0.102770 0.000070 0.003200
v -0.094002 -0.000271 0.000946
v -0.083553 0.000049 -0.000925
v -0.079114 -0.000413 0.003087
v -0.073203 0.000153 0.002178
v -0.061668 0.000681 -0.000736
v -0.054147 0.000005 -0.000074
v -0.049104 -0.000405 -0.000503
v -0.038170 0.000058 0.001146
v -0.030317 -0.000131 -0.002379
v -0.023937 -0.000040 0.000056
v -0.015658 -0.000137 0.000559
v -0.007780 -0.000015 -0.000030
v -0.003308 -0.000278 -0.001857
v 0.009443 -0.000412 0.001825
v 0.016766 -0.000151 -0.002315
v 0.022082 -0.000384 0.001113
v 0.029070 0.000392 -0.001418
v 0.036950 0.000109 -0.000581
v 0.047453 0.000522 -0.002233
v 0.054272 0.000164 0.000194
v 0.063452 0.000051 0.000030
v 0.069256 0.000096 0.000540
v 0.073501 0.000290 0.000232
v 0.086658 -0.000377 -0.002121
v 0.093900 -0.000030 -0.000115
v 0.102141 -0.000064 -0.000470
v 0.109773 0.000586 -0.001103
v 0.117724 0.000348 0.000789
v 0.124622 0.000367 -0.000749
v 0.133761 -0.000325 0.000944
v 0.136703 0.000358 0.000551
v 0.150084 0.000066 0.001550
v 0.159152 -0.000336 -0.003304
v 0.162460 0.000183 0.002590
v 0.170651 0.000314 -0.002382
v 0.177947 0.000092 -0.000037
v 0.187858 -0.000027 0.000722
v 0.196688 -0.000225 -0.001152
v 0.203878 0.000707 -0.000239
v 0.212833 0.000505 0.001065
v 0.219010 -0.000199 0.001549
v 0.222361 -0.000168 0.000002
v 0.235031 -0.000167 0.003598
v 0.241979 0.000164 -0.000118
v -0.244130 -0.000081 -0.005207
v -0.235732 0.000110 -0.006865
v -0.223257 -0.000320 -0.008268
v -0.219085 -0.000520 -0.007167
v -0.211184 -0.000020 -0.007829
v -0.201960 -0.000110 -0.007794
v -0.195562 -0.000108 -0.005604
v -0.188981 -0.000309 -0.007372
v -0.182044 0.000053 -0.004533
v -0.171110 0.000337 -0.008288
v -0.163914 0.000002 -0.006155
v -0.154332 0.000105 -0.008602
v -0.148402 -0.000003 -0.007803
v -0.142730 -0.000573 -0.008316
v -0.132308 0.000277 -0.006568
v -0.126154 0.000435 -0.008266
v -0.118500 0.000002 -0.009568
v -0.109143 0.000068 -0.006868
v -0.102357 -0.000065 -0.008718
v -0.095918 0.000243 -0.010301
v -0.083328 0.000362 -0.008502
v -0.076036 -0.000266 -0.003867
v -0.068950 0.000191 -0.008567
v -0.066273 -0.000080 -0.008089
v -0.054578 -0.000249 -0.005792
v -0.046474 0.000130 -0.008243
v -0.040716 0.000264 -0.007512
v -0.033331 -0.000377 -0.004578
v -0.024680 0.000151 -0.005541
v -0.018708 0.000493 -0.007015
v -0.006689 -0.000565 -0.006339
v -0.002496 0.000460 -0.008602
v 0.008411 -0.000039 -0.005413
v 0.015163 0.000124 -0.003453
v 0.023464 -0.000192 -0.004805
v 0.033504 0.000337 -0.008891
v 0.036719 0.000279 -0.009291
v 0.047687 -0.000398 -0.006270
v 0.059203 0.000187 -0.009049
v 0.063418 -0.000279 -0.009013
v 0.071136 -0.000560 -0.007687
v 0.077326 -0.000150 -0.008290
v 0.084220 0.000218 -0.010923
v 0.092122 -0.000114 -0.007816
v 0.102035 -0.000328 -0.005840
v 0.113337 0.000111 -0.008654
v 0.117831 0.000139 -0.007454
v 0.125170 -0.000057 -0.008698
v 0.132867 0.000005 -0.007806
v 0.143853 -0.000426 -0.008042
v 0.147789 -0.000093 -0.007079
v 0.153451 -0.000042 -0.005807
v 0.166995 0.000315 -0.010755
v 0.172960 0.000068 -0.009250
v 0.180019 -0.000006 -0.007927
v 0.187511 0.000038 -0.007905
v 0.194828 0.000532 -0.009124
v 0.206760 -0.000054 -0.006151
v 0.211200 -0.000056 -0.008242
v 0.218555 0.000029 -0.007881
v 0.227489 0.000092 -0.006908
v 0.235486 0.000081 -0.006193
v 0.242403 -0.000059 -0.006538
v -0.245768 0.000168 -0.012780
v -0.237654 0.000348 -0.018632
v -0.224664 -0.000411 -0.014135
v -0.218711 -0.000282 -0.017409
v -0.210980 -0.000022 -0.015586
v -0.202038 0.000354 -0.016358
v -0.196404 0.000025 -0.015770
v -0.186967 0.000027 -0.014976
v -0.179791 -0.000116 -0.015630
v -0.169743 -0.000032 -0.015796
v -0.163302 0.000154 -0.017779
v -0.154748 0.000457 -0.012719
v -0.148647 0.000544 -0.018317
v -0.140035 0.000114 -0.014376
v -0.133039 -0.000008 -0.016013
v -0.124309 0.000281 -0.016080
v -0.116795 -0.000175 -0.015733
v -0.108703 -0.000482 -0.015025
v -0.099537 0.000344 -0.016505
v -0.094874 0.000051 -0.015843
v -0.085321 -0.000064 -0.017580
v -0.078015 -0.000028 -0.015162
v -0.070384 -0.000014 -0.015949
v -0.062534 0.000059 -0.016467
v -0.057261 -0.000057 -0.019252
v -0.049423 0.000007 -0.014541
v -0.038607 -0.000031 -0.017542
v -0.030928 -0.000100 -0.014972
v -0.023051 0.000067 -0.016601
v -0.013842 0.000395 -0.014217
v -0.008623 0.000337 -0.015390
v -0.003437 0.000316 -0.017872
v 0.010103 0.000241 -0.014199
v 0.018101 -0.000085 -0.017865
v 0.023086 0.000044 -0.015318
v 0.033346 0.000231 -0.013242
v 0.042322 0.000261 -0.016899
v 0.045889 0.000175 -0.015882
v 0.054184 -0.000018 -0.014084
v 0.060722 -0.000531 -0.014031
v 0.069068 0.000238 -0.016441
v 0.080491 0.000315 -0.017236
v 0.087039 -0.000008 -0.012015
v 0.094041 0.000088 -0.014150
v 0.101693 -0.000035 -0.011894
v 0.109274 -0.000128 -0.016078
v 0.115064 0.000219 -0.015935
v 0.125273 -0.000398 -0.016384
v 0.130606 -0.000269 -0.017566
v 0.139409 -0.000405 -0.019520
v 0.146025 -0.000657 -0.015545
v 0.159325 0.000247 -0.013692
v 0.164619 -0.000123 -0.016029
v 0.173898 0.000408 -0.015824
v 0.180693 0.000083 -0.014645
v 0.188285 -0.000279 -0.016166
v 0.193999 0.000172 -0.015056
v 0.202959 0.000041 -0.016380
v 0.210004 0.000056 -0.015295
v 0.221522 -0.000121 -0.017281
v 0.226283 -0.000036 -0.015562
v 0.234355 -0.000003 -0.015906
v 0.242161 0.000180 -0.016573
v -0.245530 0.000576 -0.023584
v -0.236200 -0.000029 -0.023403
v -0.225933 -0.000356 -0.024617
v -0.217132 -0.000075 -0.023079
v -0.210892 -0.000015 -0.022891
v -0.202919 0.000049 -0.023710
v -0.196698 -0.000148 -0.025420
v -0.186915 0.000429 -0.019758
v -0.180511 -0.000297 -0.022475
v -0.173790 -0.000296 -0.022464
v -0.163256 0.000221 -0.020920
v -0.152895 -0.000293 -0.025959
v -0.149912 0.000088 -0.021171
v -0.138856 0.000242 -0.021306
v -0.134094 -0.000270 -0.023861
v -0.125992 0.000214 -0.024800
v -0.114828 -0.000513 -0.020760
v -0.110714 0.000062 -0.023145
v -0.101522 -0.000010 -0.023340
v -0.094695 0.000037 -0.023455
v -0.085828 -0.000073 -0.023514
v -0.078001 0.000035 -0.023386
v -0.070159 0.000095 -0.025067
v -0.063541 0.000348 -0.021799
v -0.052793 0.000111 -0.025471
v -0.047346 0.000095 -0.026206
v -0.039822 -0.000141 -0.020286
v -0.032771 -0.000110 -0.025223
v -0.021609 0.000073 -0.024174
v -0.016234 -0.000162 -0.021922
v -0.007354 0.000019 -0.023277
v 0.000044 0.000408 -0.024347
v 0.007510 0.000041 -0.022848
v 0.016582 -0.000302 -0.022926
v 0.022622 0.000141 -0.025195
v 0.028844 0.000063 -0.024038
v 0.040544 -0.000335 -0.020905
v 0.046872 -0.000007 -0.023395
v 0.054996 -0.000045 -0.023928
v 0.062822 0.000122 -0.022831
v 0.069613 -0.000257 -0.024225
v 0.079632 0.000027 -0.022242
v 0.084089 -0.000227 -0.022944
v 0.097115 0.000429 -0.023038
v 0.100202 0.000047 -0.024994
v 0.111618 0.000327 -0.025994
v 0.117657 -0.000116 -0.026672
v 0.126812 0.000343 -0.025735
v 0.132885 -0.000004 -0.023402
v 0.140006 0.000206 -0.024306
v 0.148435 -0.000000 -0.023433
v 0.156093 0.000005 -0.023514
v 0.165070 0.000149 -0.021286
v 0.172460 0.000128 -0.026845
v 0.176154 -0.000259 -0.020565
v 0.186170 0.000113 -0.026664
v 0.194330 -0.000367 -0.022266
v 0.205989 -0.000155 -0.024600
v 0.211573 0.000113 -0.021987
v 0.218829 0.000328 -0.023945
v 0.226072 -0.000025 -0.023565
v 0.232634 -0.000114 -0.025254
v 0.244914 0.000519 -0.024423
v -0.242644 -0.000329 -0.030100
v -0.232578 -0.000418 -0.034976
v -0.227097 0.000031 -0.028750
v -0.219121 -0.000076 -0.032328
v -0.210916 -0.000371 -0.027960
v -0.203087 -0.000569 -0.029759
v -0.196116 0.000161 -0.031879
v -0.187583 -0.000006 -0.030940
v -0.181390 -0.000316 -0.030211
v -0.171473 -0.000124 -0.031737
v -0.165045 -0.000207 -0.031112
v -0.156657 -0.000100 -0.032140
v -0.146014 0.000643 -0.029671
v -0.140632 0.000158 -0.030112
v -0.130279 -0.000094 -0.029361
v -0.124447 0.000655 -0.030686
v -0.117817 -0.000209 -0.027755
v -0.109100 -0.000259 -0.034144
v -0.100809 0.000584 -0.031704
v -0.093371 -0.000221 -0.031546
v -0.085675 -0.000015 -0.031345
v -0.076729 0.000011 -0.030685
v -0.070317 0.000637 -0.029691
v -0.062884 0.000427 -0.032473
v -0.054974 -0.000026 -0.031202
v -0.047612 -0.000127 -0.031316
v -0.039900 -0.000237 -0.030329
v -0.034043 -0.000481 -0.032983
v -0.022519 0.000315 -0.033142
v -0.015988 -0.000336 -0.031515
v -0.009203 -0.000040 -0.032252
v -0.001221 0.000284 -0.032396
v 0.007515 -0.000020 -0.031152
v 0.014186 0.000131 -0.028285
v 0.025381 -0.000168 -0.029092
v 0.033049 0.000543 -0.031080
v 0.035902 0.000093 -0.029064
v 0.046817 -0.000007 -0.031174
v 0.055512 0.000043 -0.031066
v 0.062526 -0.000105 -0.030576
v 0.071930 -0.000240 -0.033051
v 0.078917 0.000138 -0.031379
v 0.086491 -0.000029 -0.031755
v 0.094574 -0.000350 -0.031795
v 0.101643 0.000113 -0.035859
v 0.108968 0.000119 -0.030982
v 0.116581 -0.000254 -0.029886
v 0.124901 -0.000159 -0.033077
v 0.131660 0.000539 -0.032994
v 0.140250 -0.000005 -0.031445
v 0.148632 0.000038 -0.030626
v 0.157028 0.000126 -0.032426
v 0.163305 -0.000655 -0.029477
v 0.172257 -0.000155 -0.031911
v 0.179680 -0.000217 -0.027270
v 0.187646 -0.000050 -0.031575
v 0.196486 -0.000004 -0.027685
v 0.203476 0.000096 -0.029825
v 0.210797 -0.000063 -0.029816
v 0.218266 0.000189 -0.030088
v 0.225761 -0.000186 -0.032043
v 0.231368 -0.000476 -0.032209
v 0.241827 -0.000034 -0.031504
v -0.242912 0.000028 -0.043136
v -0.234612 -0.000101 -0.039051
v -0.226179 -0.000249 -0.038388
v -0.221734 -0.000214 -0.038626
v -0.210887 -0.000119 -0.038419
v -0.204537 -0.000535 -0.037525
v -0.193661 0.000149 -0.036914
v -0.188103 0.000271 -0.036859
v -0.179552 -0.000093 -0.038430
v -0.169715 0.000217 -0.040904
v -0.162963 -0.000062 -0.041923
v -0.156153 0.000473 -0.037550
v -0.148590 0.000026 -0.039359
v -0.140654 -0.000060 -0.038983
v -0.133421 0.000011 -0.038719
v -0.128106 -0.000058 -0.037279
v -0.116914 0.000283 -0.040748
v -0.109204 -0.000192 -0.040406
v -0.099653 0.000287 -0.040646
v -0.093472 0.000026 -0.037902
v -0.088262 -0.000218 -0.038070
v -0.076279 -0.000259 -0.037641
v -0.070743 0.000358 -0.037332
v -0.063172 0.000355 -0.040554
v -0.055247 -0.000212 -0.038953
v -0.047030 -0.000018 -0.039111
v -0.036973 0.000029 -0.037194
v -0.033011 -0.000094 -0.039310
v -0.023599 0.000081 -0.038921
v -0.015909 -0.000625 -0.038444
v -0.011069 -0.000210 -0.040967
v 0.000523 0.000599 -0.039801
v 0.005288 -0.000260 -0.041394
v 0.015592 0.000218 -0.039056
v 0.025594 0.000134 -0.039061
v 0.031089 -0.000118 -0.038996
v 0.039079 0.000404 -0.037315
v 0.044888 0.000092 -0.040266
v 0.054369 0.000621 -0.039594
v 0.059019 -0.000110 -0.042103
v 0.068184 0.000545 -0.039726
v 0.080144 -0.000342 -0.038009
v 0.085261 -0.000139 -0.040089
v 0.097759 -0.000153 -0.041067
v 0.102319 0.000346 -0.040065
v 0.108268 -0.000057 -0.040116
v 0.117763 0.000334 -0.035276
v 0.129429 0.000320 -0.037985
v 0.132528 0.000005 -0.039019
v 0.140527 0.000037 -0.039073
v 0.149677 -0.000426 -0.039080
v 0.155324 0.000038 -0.037986
v 0.164395 -0.000276 -0.039430
v 0.171642 0.000168 -0.040265
v 0.179296 -0.000494 -0.040805
v 0.186185 -0.000642 -0.038361
v 0.195431 -0.000206 -0.039193
v 0.201155 -0.000007 -0.041635
v 0.212473 0.000248 -0.040144
v 0.218152 0.000007 -0.038521
v 0.226699 -0.000259 -0.036693
v 0.233099 0.000517 -0.037064
v 0.241835 0.000193 -0.039536
v -0.241704 -0.000347 -0.047009
v -0.235314 0.000273 -0.045748
v -0.231032 0.000134 -0.046459
v -0.221825 0.000304 -0.043564
v -0.212185 -0.000423 -0.047184
v -0.202952 -0.000431 -0.050787
v -0.195319 -0.000168 -0.049478
v -0.185446 0.000008 -0.050118
v -0.177975 0.000372 -0.045317
v -0.172058 0.000052 -0.048080
v -0.164429 0.000101 -0.047211
v -0.157190 -0.000123 -0.043961
v -0.146523 -0.000259 -0.047332
v -0.141847 -0.000185 -0.044272
v -0.131313 0.000256 -0.048453
v -0.122756 0.000283 -0.047589
v -0.116728 0.000021 -0.047044
v -0.108946 -0.000048 -0.046219
v -0.100880 -0.000040 -0.045905
v -0.095973 0.000282 -0.047740
v -0.086388 0.000575 -0.048215
v -0.075568 0.000180 -0.049995
v -0.070451 -0.000009 -0.042968
v -0.060499 0.000070 -0.046576
v -0.054107 -0.000041 -0.047384
v -0.048329 0.000029 -0.048077
v -0.038559 -0.000231 -0.046501
v -0.030854 0.000441 -0.045921
v -0.023790 0.000190 -0.049703
v -0.011346 0.000018 -0.046497
v -0.008293 0.000233 -0.046927
v -0.002096 0.000318 -0.050686
v 0.007851 -0.000077 -0.046965
v 0.015837 -0.000132 -0.047453
v 0.023030 -0.000038 -0.046725
v 0.032297 -0.000323 -0.045018
v 0.043424 0.000349 -0.046377
v 0.049918 0.000491 -0.045378
v 0.054269 0.000376 -0.047716
v 0.061670 -0.000737 -0.046048
v 0.070614 -0.000075 -0.046173
v 0.080399 0.000357 -0.046804
v 0.085330 -0.000678 -0.047698
v 0.098239 0.000106 -0.047845
v 0.103264 0.000163 -0.046722
v 0.110261 0.000181 -0.046882
v 0.116140 0.000264 -0.047713
v 0.129255 0.000198 -0.048275
v 0.135718 -0.000436 -0.045837
v 0.139401 -0.000166 -0.047772
v 0.148978 0.000120 -0.045715
v 0.158100 0.000156 -0.044814
v 0.164131 0.000018 -0.046258
v 0.171723 0.000452 -0.049437
v 0.180649 -0.000295 -0.044874
v 0.186783 0.000511 -0.046952
v 0.196455 0.000333 -0.048376
v 0.203398 -0.000378 -0.046540
v 0.210502 0.000048 -0.046032
v 0.218146 -0.000024 -0.047846
v 0.226155 -0.000188 -0.046664
v 0.233542 -0.000000 -0.046567
v 0.242241 0.000451 -0.050099
v -0.244937 -0.000495 -0.055950
v -0.235654 0.000031 -0.053269
v -0.227747 -0.000208 -0.053985
v -0.218970 0.000278 -0.056098
v -0.212368 -0.000371 -0.053543
v -0.203029 0.000024 -0.054888
v -0.196829 0.000144 -0.055975
v -0.189117 0.000373 -0.053712
v -0.180922 0.000025 -0.054802
v -0.172952 -0.000301 -0.053177
v -0.163257 0.000485 -0.056364
v -0.155695 -0.000174 -0.053926
v -0.148364 -0.000338 -0.056714
v -0.141835 0.000061 -0.058111
v -0.132815 -0.000179 -0.055851
v -0.126909 0.000242 -0.058621
v -0.116339 0.000162 -0.055432
v -0.109777 -0.000163 -0.054942
v -0.104629 0.000074 -0.051197
v -0.095237 -0.000439 -0.053477
v -0.086448 0.000079 -0.052648
v -0.077791 0.000573 -0.052836
v -0.072677 0.000048 -0.054748
v -0.062817 0.000129 -0.054619
v -0.053938 -0.000543 -0.057669
v -0.046648 0.000048 -0.054633
v -0.039028 -0.000523 -0.053147
v -0.032590 -0.000372 -0.056016
v -0.020949 0.000461 -0.056123
v -0.015569 0.000034 -0.054516
v -0.006720 -0.000002 -0.055740
v 0.000733 -0.000230 -0.056888
v 0.006832 0.000064 -0.054787
v 0.015909 -0.000119 -0.059061
v 0.023855 -0.000590 -0.053052
v 0.031780 0.000023 -0.050653
v 0.038191 -0.000130 -0.059329
v 0.047395 0.000074 -0.057632
v 0.054514 0.000052 -0.054881
v 0.066753 0.000016 -0.053443
v 0.070386 -0.000239 -0.054442
v 0.079851 -0.000001 -0.051877
v 0.082996 0.000454 -0.054677
v 0.096154 -0.000238 -0.057306
v 0.102532 0.000014 -0.054668
v 0.108955 -0.000072 -0.055711
v 0.116197 -0.000191 -0.055583
v 0.124892 0.000036 -0.054676
v 0.132553 -0.000122 -0.054071
v 0.141130 0.000040 -0.055515
v 0.146896 0.000212 -0.054911
v 0.155371 0.000351 -0.055007
v 0.164356 0.000115 -0.056064
v 0.172894 -0.000084 -0.055723
v 0.179111 -0.000479 -0.053855
v 0.187175 -0.000074 -0.056143
v 0.195298 0.000213 -0.054535
v 0.204279 0.000320 -0.055637
v 0.213266 -0.000218 -0.053128
v 0.217304 -0.000288 -0.055379
v 0.224857 -0.000509 -0.054431
v 0.231863 -0.000014 -0.057160
v 0.244334 -0.000269 -0.056515
v -0.245048 -0.000382 -0.065606
v -0.234283 0.000013 -0.062521
v -0.227243 0.000231 -0.061645
v -0.220162 -0.000031 -0.061573
v -0.211085 0.000080 -0.062245
v -0.203127 0.000000 -0.062499
v -0.197168 -0.000283 -0.062139
v -0.188571 0.000424 -0.066415
v -0.180069 -0.000177 -0.064624
v -0.171500 -0.000215 -0.062088
v -0.164800 -0.000014 -0.062906
v -0.156235 -0.000633 -0.063803
v -0.148431 0.000012 -0.062568
v -0.139889 -0.000032 -0.062006
v -0.131371 -0.000293 -0.060234
v -0.124851 -0.000009 -0.062568
v -0.116396 -0.000276 -0.062112
v -0.110044 0.000145 -0.057821
v -0.097925 0.000025 -0.061555
v -0.094245 0.000725 -0.061295
v -0.086525 0.000377 -0.058129
v -0.078451 -0.000442 -0.061819
v -0.067971 0.000233 -0.062666
v -0.062193 -0.000020 -0.061754
v -0.055332 0.000140 -0.065187
v -0.044089 -0.000112 -0.065272
v -0.038395 -0.000165 -0.061298
v -0.032829 0.000082 -0.059021
v -0.022603 0.000114 -0.061228
v -0.018295 0.000002 -0.062865
v -0.009932 -0.000077 -0.064303
v 0.000375 -0.000396 -0.062539
v 0.010091 -0.000245 -0.064620
v 0.019050 0.000465 -0.063983
v 0.024890 0.000079 -0.061134
v 0.032205 0.000213 -0.058603
v 0.038967 0.000121 -0.058108
v 0.047327 -0.000134 -0.062242
v 0.054269 0.000531 -0.059188
v 0.061888 0.000511 -0.062104
v 0.067298 -0.000209 -0.060320
v 0.079591 -0.000475 -0.059887
v 0.084105 0.000138 -0.058794
v 0.091121 -0.000019 -0.062016
v 0.098724 -0.000238 -0.062398
v 0.109664 0.000058 -0.060192
v 0.120296 -0.000110 -0.062462
v 0.125040 -0.000027 -0.062818
v 0.130548 -0.000572 -0.063739
v 0.138961 -0.000187 -0.061184
v 0.150487 0.000012 -0.063840
v 0.157621 -0.000132 -0.058124
v 0.162734 -0.000451 -0.062174
v 0.170563 0.000136 -0.061309
v 0.180291 -0.000147 -0.062369
v 0.185243 0.000195 -0.066714
v 0.197207 0.000378 -0.062816
v 0.200148 0.000074 -0.059360
v 0.210802 0.000109 -0.064233
v 0.216587 -0.000051 -0.065289
v 0.227325 0.000118 -0.058482
v 0.234413 0.000001 -0.062580
v 0.243435 0.000747 -0.062485
v -0.238692 0.000025 -0.071706
v -0.231534 0.000035 -0.072444
v -0.223152 -0.000092 -0.068865
v -0.218159 -0.000036 -0.070929
v -0.211154 -0.000231 -0.069296
v -0.203158 -0.000002 -0.070224
v -0.196896 0.000007 -0.073261
v -0.187044 0.000058 -0.070069
v -0.179720 0.000054 -0.072962
v -0.171809 0.000006 -0.070504
v -0.164515 -0.000387 -0.071190
v -0.156307 -0.000294 -0.072452
v -0.149379 0.000597 -0.068144
v -0.141454 0.000152 -0.069699
v -0.134016 -0.000429 -0.071824
v -0.127122 -0.000403 -0.067973
v -0.117414 -0.000418 -0.067986
v -0.111187 -0.000002 -0.070311
v -0.099526 -0.000041 -0.070112
v -0.093600 -0.000409 -0.066923
v -0.084463 -0.000170 -0.071682
v -0.075503 0.000417 -0.069889
v -0.073440 0.000117 -0.073661
v -0.061331 0.000212 -0.068641
v -0.054087 -0.000740 -0.069534
v -0.046951 0.000180 -0.072014
v -0.038662 0.000162 -0.073687
v -0.030504 -0.000111 -0.069639
v -0.025552 -0.000156 -0.071219
v -0.016813 -0.000566 -0.071817
v -0.008107 -0.000266 -0.069914
v -0.000513 -0.000080 -0.071492
v 0.008555 -0.000288 -0.066199
v 0.017121 -0.000036 -0.071791
v 0.023671 -0.000013 -0.070445
v 0.033352 -0.000019 -0.071456
v 0.037045 0.000303 -0.068193
v 0.046519 -0.000090 -0.070484
v 0.051382 -0.000091 -0.068170
v 0.062691 0.000250 -0.068900
v 0.070705 0.000096 -0.071030
v 0.081512 -0.000057 -0.068278
v 0.086127 0.000288 -0.069552
v 0.093677 0.000002 -0.070525
v 0.098753 -0.000265 -0.072017
v 0.105767 0.000273 -0.071422
v 0.117217 0.000156 -0.070909
v 0.125796 0.000127 -0.070210
v 0.132037 -0.000343 -0.066146
v 0.140194 -0.000169 -0.069123
v 0.148988 -0.000022 -0.071539
v 0.156759 0.000356 -0.068870
v 0.164010 0.000001 -0.070399
v 0.172068 0.000006 -0.070079
v 0.178663 0.000088 -0.069423
v 0.186664 0.000486 -0.070982
v 0.196763 0.000229 -0.068929
v 0.204428 -0.000134 -0.070644
v 0.207336 -0.000229 -0.068905
v 0.218110 -0.000355 -0.067443
v 0.224333 0.000036 -0.070879
v 0.234477 0.000034 -0.070467
v 0.242287 0.000131 -0.070205
v -0.241818 -0.000011 -0.079296
v -0.231995 0.000263 -0.077797
v -0.229216 0.000022 -0.079554
v -0.215329 0.000119 -0.076658
v -0.214082 -0.000512 -0.079430
v -0.203854 -0.000043 -0.078756
v -0.196156 0.000154 -0.077914
v -0.187086 0.000373 -0.078198
v -0.176192 0.000350 -0.075891
v -0.171770 -0.000084 -0.076571
v -0.164137 -0.000581 -0.078703
v -0.155679 0.000003 -0.077494
v -0.145029 0.000114 -0.081290
v -0.139624 -0.000335 -0.078816
v -0.133050 -0.000010 -0.077217
v -0.124589 0.000040 -0.079246
v -0.116112 0.000756 -0.078154
v -0.108095 -0.000084 -0.078783
v -0.100401 0.000322 -0.078960
v -0.093907 -0.000033 -0.078081
v -0.088242 -0.000066 -0.080780
v -0.077937 -0.000005 -0.078605
v -0.070955 0.000519 -0.081035
v -0.064201 -0.000352 -0.082060
v -0.054293 -0.000075 -0.077550
v -0.047402 -0.000244 -0.080670
v -0.039123 0.000071 -0.078286
v -0.032916 -0.000305 -0.075252
v -0.023360 0.000035 -0.077742
v -0.015870 0.000117 -0.075297
v -0.005556 0.000075 -0.077789
v -0.000302 -0.000064 -0.082371
v 0.007319 -0.000091 -0.078054
v 0.015160 0.000072 -0.077780
v 0.024665 -0.000623 -0.076440
v 0.028511 -0.000087 -0.076346
v 0.041646 -0.000039 -0.078969
v 0.051181 -0.000328 -0.077896
v 0.054577 -0.000036 -0.078381
v 0.060863 -0.000323 -0.078410
v 0.070992 -0.000209 -0.079111
v 0.077722 -0.000377 -0.078788
v 0.086881 0.000239 -0.077046
v 0.091736 -0.000097 -0.078958
v 0.102599 0.000199 -0.074560
v 0.109647 -0.000044 -0.077670
v 0.117378 -0.000069 -0.078405
v 0.124718 0.000063 -0.077881
v 0.133776 -0.000046 -0.077711
v 0.139524 -0.000030 -0.077730
v 0.146128 -0.000161 -0.076841
v 0.155654 0.000084 -0.081912
v 0.164204 0.000262 -0.077942
v 0.171341 0.000237 -0.073429
v 0.175717 0.000140 -0.078241
v 0.187459 -0.000050 -0.078096
v 0.197291 -0.000111 -0.080734
v 0.201212 -0.000009 -0.079190
v 0.207852 0.000070 -0.078734
v 0.220336 -0.000201 -0.081018
v 0.226143 -0.000722 -0.079043
v 0.234077 -0.000083 -0.078046
v 0.241658 0.000626 -0.080469
v -0.239715 -0.000251 -0.085330
v -0.234934 -0.000044 -0.086806
v -0.226547 0.000009 -0.085935
v -0.219849 -0.000057 -0.086065
v -0.211854 -0.000105 -0.082027
v -0.202679 -0.000158 -0.086712
v -0.195804 -0.000036 -0.086096
v -0.186303 0.000211 -0.084724
v -0.176496 0.000121 -0.084247
v -0.170103 -0.000138 -0.086453
v -0.163934 0.000341 -0.084217
v -0.157723 -0.000051 -0.085417
v -0.148557 -0.000050 -0.083279
v -0.141360 -0.000123 -0.086778
v -0.132935 -0.000168 -0.085586
v -0.127371 0.000128 -0.084353
v -0.118631 0.000608 -0.085731
v -0.111275 0.000048 -0.086053
v -0.101464 -0.000051 -0.085968
v -0.091960 -0.000453 -0.088178
v -0.086177 0.000343 -0.086948
v -0.077607 0.000229 -0.085365
v -0.071380 0.000012 -0.084117
v -0.063709 -0.000154 -0.084491
v -0.054466 -0.000012 -0.086003
v -0.046394 -0.000066 -0.087119
v -0.038856 -0.000133 -0.086773
v -0.034708 0.000282 -0.084789
v -0.023501 -0.000193 -0.087258
v -0.015517 -0.000134 -0.087068
v -0.008619 -0.000306 -0.089583
v 0.002390 0.000032 -0.084508
v 0.005658 -0.000367 -0.087583
v 0.013335 -0.000520 -0.085244
v 0.028127 -0.000239 -0.085369
v 0.034294 0.000413 -0.088424
v 0.039161 -0.000034 -0.086123
v 0.046825 -0.000024 -0.086036
v 0.051932 -0.000392 -0.086515
v 0.064615 -0.000013 -0.084182
v 0.070207 -0.000058 -0.086063
v 0.078872 0.000181 -0.088162
v 0.087353 0.000651 -0.084386
v 0.096960 0.000383 -0.084362
v 0.101833 -0.000238 -0.086259
v 0.110452 0.000279 -0.085647
v 0.116338 0.000181 -0.084677
v 0.124905 0.000275 -0.085549
v 0.132239 -0.000134 -0.085498
v 0.140370 0.000603 -0.086926
v 0.146019 0.000435 -0.086201
v 0.158372 -0.000553 -0.085242
v 0.163185 -0.000060 -0.085850
v 0.168762 0.000440 -0.087419
v 0.179308 0.000062 -0.088571
v 0.188424 0.000071 -0.084653
v 0.196521 -0.000082 -0.085311
v 0.200744 0.000357 -0.083052
v 0.211493 0.000151 -0.081262
v 0.216690 0.000577 -0.088164
v 0.229578 -0.000277 -0.086961
v 0.233798 0.000063 -0.086886
v 0.243882 -0.000096 -0.087545
v -0.244579 0.000552 -0.094310
v -0.235810 -0.000411 -0.091491
v -0.230843 -0.000119 -0.095664
v -0.219400 0.000209 -0.093507
v -0.209454 -0.000137 -0.096289
v -0.202006 0.000125 -0.093213
v -0.196869 0.000515 -0.095452
v -0.190069 0.000437 -0.094208
v -0.181292 -0.000028 -0.094691
v -0.171925 0.000360 -0.094988
v -0.163909 0.000084 -0.093724
v -0.155293 -0.000233 -0.094992
v -0.151284 -0.000306 -0.092695
v -0.137430 -0.000248 -0.092854
v -0.132861 0.000003 -0.093762
v -0.124851 -0.000076 -0.091187
v -0.120644 0.000196 -0.095981
v -0.108246 0.000049 -0.089634
v -0.100064 0.000016 -0.093443
v -0.090397 -0.000018 -0.090941
v -0.086424 0.000069 -0.093713
v -0.077948 -0.000064 -0.095504
v -0.069395 -0.000342 -0.095001
v -0.064198 0.000382 -0.094727
v -0.054533 0.000177 -0.094081
v -0.046765 -0.000006 -0.093554
v -0.036979 0.000271 -0.090356
v -0.030925 -0.000100 -0.093799
v -0.023337 -0.000261 -0.095005
v -0.015153 -0.000058 -0.093045
v -0.006978 0.000178 -0.090963
v -0.003005 0.000503 -0.093302
v 0.012022 0.000184 -0.091926
v 0.017053 0.000058 -0.097690
v 0.022818 0.000216 -0.091237
v 0.032552 0.000158 -0.096507
v 0.036522 -0.000306 -0.092875
v 0.044398 -0.000281 -0.090297
v 0.058413 0.000282 -0.096042
v 0.061087 0.000122 -0.093940
v 0.069334 -0.000247 -0.096425
v 0.078125 0.000000 -0.093751
v 0.086032 0.000024 -0.093726
v 0.093877 -0.000065 -0.094177
v 0.101314 -0.000031 -0.093691
v 0.110756 0.000226 -0.093550
v 0.118322 -0.000668 -0.096172
v 0.128470 0.000027 -0.093448
v 0.134511 -0.000005 -0.095049
v 0.143647 0.000134 -0.091963
v 0.146423 0.000439 -0.094172
v 0.159142 0.000401 -0.095500
v 0.161036 0.000578 -0.093139
v 0.172432 0.000088 -0.093000
v 0.179544 -0.000145 -0.091978
v 0.187949 -0.000019 -0.094232
v 0.196872 -0.000046 -0.092512
v 0.202928 0.000170 -0.094951
v 0.211189 -0.000122 -0.097253
v 0.220508 -0.000196 -0.092280
v 0.225669 -0.000255 -0.089744
v 0.233730 -0.000186 -0.092271
v 0.240953 -0.000088 -0.094955
v -0.242566 -0.000080 -0.102437
v -0.230682 0.000238 -0.103798
v -0.227086 0.000034 -0.106024
v -0.219297 0.000066 -0.101669
v -0.211524 0.000737 -0.100410
v -0.200353 -0.000122 -0.098804
v -0.195337 0.000018 -0.101551
v -0.184385 -0.000442 -0.101597
v -0.180020 -0.000117 -0.103536
v -0.171958 0.000001 -0.100674
v -0.164513 -0.000049 -0.101701
v -0.155756 0.000389 -0.098917
v -0.150445 -0.000271 -0.101587
v -0.140316 0.000062 -0.100810
v -0.129706 0.000182 -0.101949
v -0.124530 0.000014 -0.101552
v -0.117574 -0.000588 -0.102398
v -0.113822 -0.000084 -0.101161
v -0.099577 0.000285 -0.099775
v -0.090146 -0.000060 -0.102313
v -0.090611 -0.000222 -0.100576
v -0.074989 -0.000164 -0.099478
v -0.071137 0.000147 -0.098778
v -0.063501 0.000056 -0.102231
v -0.055337 0.000064 -0.104413
v -0.047038 0.000061 -0.101469
v -0.039304 0.000088 -0.101094
v -0.027001 0.000325 -0.100059
v -0.025381 -0.000611 -0.102450
v -0.013458 0.000247 -0.099638
v -0.006334 -0.000139 -0.099359
v 0.002902 -0.000441 -0.099872
v 0.007676 0.000008 -0.101367
v 0.016481 -0.000103 -0.101612
v 0.023589 0.000416 -0.097564
v 0.027279 -0.000041 -0.099742
v 0.039694 -0.000145 -0.101356
v 0.046723 0.000022 -0.101463
v 0.056289 -0.000518 -0.102430
v 0.062560 -0.000332 -0.099009
v 0.067434 -0.000527 -0.102448
v 0.077129 0.000490 -0.103802
v 0.087297 0.000604 -0.102289
v 0.093297 -0.000266 -0.100114
v 0.103660 0.000246 -0.097567
v 0.110294 0.000221 -0.097171
v 0.118753 0.000600 -0.103527
v 0.123187 -0.000094 -0.101004
v 0.130728 0.000191 -0.101278
v 0.139323 -0.000146 -0.102439
v 0.151190 -0.000106 -0.100420
v 0.155543 0.000010 -0.102134
v 0.165663 0.000258 -0.097544
v 0.171119 0.000065 -0.102137
v 0.178005 -0.000309 -0.104666
v 0.185605 -0.000109 -0.098843
v 0.197144 0.000108 -0.098809
v 0.202157 -0.000075 -0.100054
v 0.210276 0.000265 -0.104769
v 0.219033 0.000117 -0.100613
v 0.223740 -0.000022 -0.100235
v 0.232898 0.000281 -0.099040
v 0.240608 -0.000040 -0.099856
v -0.242482 0.000035 -0.109264
v -0.235796 0.000231 -0.109612
v -0.226792 -0.000012 -0.109491
v -0.218893 -0.000273 -0.108663
v -0.208344 -0.000033 -0.109112
v -0.200244 0.000409 -0.111860
v -0.198355 -0.000240 -0.107905
v -0.188794 0.000175 -0.108874
v -0.180617 -0.000172 -0.108154
v -0.171905 0.000344 -0.107972
v -0.164745 -0.000216 -0.110958
v -0.159036 0.000535 -0.108646
v -0.149122 0.000170 -0.108984
v -0.139799 -0.000130 -0.109987
v -0.133578 -0.000328 -0.106844
v -0.123781 -0.000080 -0.109057
v -0.116518 0.000067 -0.108862
v -0.107403 -0.000228 -0.111319
v -0.100987 -0.000290 -0.108065
v -0.096726 -0.000148 -0.110590
v -0.087486 0.000097 -0.107771
v -0.078126 -0.000003 -0.109389
v -0.072329 -0.000168 -0.110053
v -0.062896 0.000267 -0.106142
v -0.054420 0.000001 -0.109219
v -0.046543 -0.000081 -0.110204
v -0.040528 -0.000613 -0.106621
v -0.035921 -0.000157 -0.107961
v -0.025453 0.000018 -0.109183
v -0.015000 0.000267 -0.106732
v -0.008384 0.000487 -0.108373
v 0.003774 0.000327 -0.111368
v 0.007950 -0.000265 -0.111516
v 0.017828 -0.000237 -0.107649
v 0.023457 -0.000000 -0.109460
v 0.031061 -0.000184 -0.110205
v 0.036333 0.000221 -0.107713
v 0.044313 0.000168 -0.109441
v 0.054618 0.000022 -0.109346
v 0.062644 -0.000446 -0.109335
v 0.070417 -0.000008 -0.109067
v 0.078285 -0.000435 -0.111605
v 0.085444 0.000007 -0.109504
v 0.094368 0.000337 -0.108841
v 0.101492 0.000083 -0.109314
v 0.110380 -0.000438 -0.108448
v 0.114864 -0.000426 -0.112204
v 0.122160 -0.000093 -0.108167
v 0.133646 -0.000276 -0.112298
v 0.141308 0.000255 -0.109971
v 0.148424 -0.000045 -0.113150
v 0.155557 0.000420 -0.106434
v 0.164082 0.000067 -0.109919
v 0.172070 0.000460 -0.112366
v 0.179509 0.000241 -0.108983
v 0.188128 0.000007 -0.110072
v 0.193150 0.000391 -0.107526
v 0.204581 -0.000180 -0.109827
v 0.212120 0.000398 -0.109265
v 0.218704 0.000029 -0.109416
v 0.224611 -0.000697 -0.110152
v 0.232900 0.000541 -0.111029
v 0.245433 0.000179 -0.110941
v -0.241826 0.000014 -0.117150
v -0.233639 -0.000027 -0.116884
v -0.224955 0.000091 -0.117932
v -0.220278 -0.000086 -0.115034
v -0.213098 0.000098 -0.120664
v -0.201449 0.000263 -0.115335
v -0.191214 -0.000007 -0.118754
v -0.185657 0.000046 -0.118034
v -0.181702 0.000003 -0.115846
v -0.173025 0.000124 -0.117542
v -0.163394 0.000062 -0.116452
v -0.154004 0.000134 -0.114289
v -0.147877 -0.000085 -0.116263
v -0.140951 -0.000435 -0.117469
v -0.132071 -0.000492 -0.118816
v -0.126962 0.000245 -0.116744
v -0.120976 -0.000409 -0.115264
v -0.108618 0.000022 -0.116806
v -0.100350 0.000462 -0.115204
v -0.095722 0.000070 -0.119803
v -0.087570 -0.000003 -0.117716
v -0.078109 -0.000224 -0.117179
v -0.074451 0.000205 -0.114748
v -0.064701 0.000195 -0.116681
v -0.055101 0.000088 -0.114794
v -0.045535 0.000715 -0.117689
v -0.042383 0.000379 -0.117598
v -0.032329 -0.000050 -0.120726
v -0.022430 0.000749 -0.116308
v -0.016332 -0.000421 -0.119123
v -0.009908 -0.000420 -0.114542
v 0.002546 -0.000120 -0.118073
v 0.009150 0.000432 -0.114815
v 0.018271 -0.000094 -0.121286
v 0.024661 -0.000017 -0.117230
v 0.032875 -0.000412 -0.115743
v 0.036883 -0.000328 -0.117299
v 0.047592 0.000383 -0.117678
v 0.054486 -0.000034 -0.116605
v 0.064564 -0.000228 -0.119717
v 0.069238 -0.000116 -0.112971
v 0.080843 0.000075 -0.113751
v 0.086118 -0.000273 -0.116300
v 0.093429 -0.000056 -0.117212
v 0.104732 0.000494 -0.117559
v 0.110034 0.000323 -0.114164
v 0.117361 -0.000033 -0.117244
v 0.125224 0.000303 -0.114505
v 0.132847 -0.000071 -0.117043
v 0.144207 0.000226 -0.116566
v 0.146692 0.000015 -0.115894
v 0.154381 -0.000159 -0.116657
v 0.164848 -0.000273 -0.118196
v 0.169954 0.000120 -0.117656
v 0.177331 -0.000203 -0.114588
v 0.185005 0.000408 -0.115940
v 0.195550 0.000098 -0.116953
v 0.203237 0.000059 -0.113228
v 0.206396 0.000027 -0.118225
v 0.214086 0.000015 -0.116884
v 0.229381 -0.000240 -0.116250
v 0.234198 0.000003 -0.117054
v 0.242539 -0.000629 -0.115523
v -0.242063 -0.000328 -0.126509
v -0.233952 -0.000123 -0.125157
v -0.225597 0.000213 -0.127499
v -0.217922 0.000497 -0.123616
v -0.208355 0.000104 -0.127253
v -0.199998 0.000288 -0.122013
v -0.197757 -0.000127 -0.126113
v -0.184340 -0.000545 -0.123893
v -0.180362 -0.000008 -0.124660
v -0.171883 -0.000015 -0.125193
v -0.165159 -0.000543 -0.126533
v -0.153945 0.000099 -0.125348
v -0.147355 -0.000158 -0.123115
v -0.138247 0.000528 -0.122492
v -0.130981 0.000414 -0.128524
v -0.126084 0.000466 -0.125695
v -0.116394 -0.000057 -0.124024
v -0.107411 -0.000241 -0.124277
v -0.103336 -0.000641 -0.125943
v -0.095962 0.000246 -0.125132
v -0.083495 0.000084 -0.127875
v -0.074340 -0.000004 -0.127601
v -0.072497 -0.000199 -0.125975
v -0.062529 -0.000002 -0.125009
v -0.053752 -0.000036 -0.124694
v -0.049447 0.000325 -0.127421
v -0.039262 -0.000234 -0.124895
v -0.031407 0.000030 -0.124944
v -0.027018 -0.000079 -0.126203
v -0.017035 0.000506 -0.127479
v -0.005797 0.000006 -0.124947
v -0.000083 -0.000026 -0.124962
v 0.006735 -0.000079 -0.122455
v 0.016438 0.000139 -0.126841
v 0.022044 0.000445 -0.123855
v 0.032289 -0.000385 -0.125307
v 0.039101 0.000010 -0.125004
v 0.047083 0.000096 -0.127070
v 0.053240 -0.000002 -0.125268
v 0.060809 -0.000121 -0.124186
v 0.074466 -0.000014 -0.125403
v 0.075422 0.000529 -0.126591
v 0.087033 0.000076 -0.125107
v 0.095856 -0.000241 -0.125586
v 0.103847 0.000004 -0.125821
v 0.109328 0.000001 -0.124696
v 0.116804 -0.000259 -0.125189
v 0.123546 0.000122 -0.122077
v 0.132766 0.000046 -0.124131
v 0.144066 0.000016 -0.127909
v 0.148715 -0.000078 -0.125860
v 0.157466 0.000522 -0.123913
v 0.162501 -0.000088 -0.125761
v 0.170617 0.000248 -0.125370
v 0.180621 0.000416 -0.124962
v 0.187250 0.000148 -0.124224
v 0.193712 -0.000023 -0.124641
v 0.204407 -0.000238 -0.126454
v 0.210623 0.000188 -0.125727
v 0.220730 0.000543 -0.127071
v 0.227036 -0.000047 -0.124738
v 0.233857 -0.000052 -0.124382
v 0.241423 0.000458 -0.126903
v -0.242481 -0.000036 -0.131469
v -0.232756 -0.000212 -0.132056
v -0.227110 0.000010 -0.133799
v -0.220858 -0.000711 -0.132410
v -0.209483 -0.000113 -0.135133
v -0.200207 0.000085 -0.129516
v -0.195083 -0.000028 -0.131677
v -0.187755 -0.000247 -0.130819
v -0.181827 -0.000261 -0.131999
v -0.172991 -0.000156 -0.132929
v -0.165008 0.000692 -0.133910
v -0.156621 -0.000070 -0.132814
v -0.149252 -0.000150 -0.132575
v -0.140952 -0.000570 -0.133638
v -0.135676 -0.000193 -0.131542
v -0.125020 0.000209 -0.133892
v -0.119025 -0.000396 -0.130431
v -0.105024 0.000045 -0.133985
v -0.099990 -0.000128 -0.136173
v -0.093914 -0.000026 -0.133635
v -0.085321 -0.000147 -0.134223
v -0.078108 0.000145 -0.133407
v -0.068893 0.000147 -0.129852
v -0.066198 -0.000189 -0.134975
v -0.056680 -0.000419 -0.131209
v -0.046167 -0.000096 -0.135277
v -0.036882 0.000396 -0.129943
v -0.030653 0.000165 -0.133314
v -0.023449 -0.000638 -0.132767
v -0.016084 0.000018 -0.132328
v -0.008002 -0.000441 -0.131691
v -0.003602 -0.000005 -0.130513
v 0.008802 -0.000411 -0.136225
v 0.015351 -0.000003 -0.132770
v 0.020403 -0.000044 -0.131431
v 0.033321 -0.000367 -0.134847
v 0.038904 0.000048 -0.132944
v 0.047381 0.000370 -0.132491
v 0.052692 -0.000315 -0.133916
v 0.059950 0.000527 -0.131424
v 0.070808 -0.000211 -0.132799
v 0.078591 0.000345 -0.131316
v 0.086367 0.000646 -0.130051
v 0.092438 0.000359 -0.133388
v 0.102625 -0.000228 -0.134736
v 0.108701 0.000221 -0.131952
v 0.117242 0.000015 -0.132799
v 0.124335 -0.000027 -0.133771
v 0.133299 -0.000084 -0.133409
v 0.140734 -0.000013 -0.132806
v 0.150097 -0.000016 -0.132470
v 0.156831 0.000245 -0.132317
v 0.164045 0.000705 -0.135010
v 0.168376 0.000313 -0.132946
v 0.180620 -0.000081 -0.132095
v 0.188353 -0.000100 -0.130212
v 0.193496 -0.000229 -0.130722
v 0.203991 0.000435 -0.129067
v 0.211132 -0.000533 -0.135720
v 0.218597 0.000238 -0.133974
v 0.227539 0.000126 -0.131859
v 0.231962 0.000034 -0.133777
v 0.245216 -0.000299 -0.133316
v -0.243077 -0.000374 -0.136845
v -0.234263 -0.000010 -0.140749
v -0.227953 0.000102 -0.138813
v -0.218858 0.000054 -0.140479
v -0.210104 -0.000064 -0.139843
v -0.203307 0.000142 -0.139568
v -0.198548 -0.000114 -0.141955
v -0.187807 -0.000083 -0.139524
v -0.179262 0.000701 -0.140998
v -0.173554 0.000019 -0.142709
v -0.164193 -0.000009 -0.140698
v -0.157058 0.000202 -0.140308
v -0.145669 -0.000161 -0.140769
v -0.145065 0.000051 -0.140572
v -0.130674 0.000396 -0.140474
v -0.126585 -0.000191 -0.137773
v -0.116102 0.000061 -0.139236
v -0.107574 -0.000066 -0.139964
v -0.100964 -0.000094 -0.141035
v -0.094189 -0.000024 -0.140796
v -0.085914 -0.000000 -0.140690
v -0.074370 -0.000211 -0.141640
v -0.069010 0.000667 -0.142443
v -0.063199 -0.000187 -0.139225
v -0.055558 -0.000183 -0.140739
v -0.046948 -0.000300 -0.141903
v -0.038869 0.000027 -0.140930
v -0.029824 0.000006 -0.142906
v -0.022770 -0.000106 -0.140416
v -0.015673 0.000139 -0.143079
v -0.012404 -0.000134 -0.141328
v -0.001036 0.000193 -0.142431
v 0.010640 -0.000156 -0.142192
v 0.013235 -0.000190 -0.139276
v 0.023469 0.000087 -0.140827
v 0.031212 0.000002 -0.140599
v 0.040901 0.000548 -0.142527
v 0.048295 0.000430 -0.140553
v 0.055876 0.000292 -0.141351
v 0.065247 -0.000034 -0.144478
v 0.068998 -0.000337 -0.140899
v 0.077543 -0.000674 -0.139524
v 0.086330 0.000176 -0.141715
v 0.093156 -0.000127 -0.141532
v 0.102937 -0.000078 -0.142661
v 0.111158 0.000388 -0.139588
v 0.117254 0.000078 -0.138124
v 0.123817 0.000172 -0.141168
v 0.132544 -0.000382 -0.140186
v 0.138020 0.000519 -0.140902
v 0.149544 0.000613 -0.141467
v 0.155105 -0.000023 -0.140243
v 0.166596 0.000407 -0.141311
v 0.173655 -0.000396 -0.140169
v 0.179694 0.000564 -0.141207
v 0.187374 -0.000082 -0.140113
v 0.194885 0.000078 -0.140265
v 0.202041 0.000289 -0.141449
v 0.214171 -0.000024 -0.141313
v 0.217525 0.000378 -0.143708
v 0.226870 0.000048 -0.143549
v 0.235184 -0.000533 -0.141057
v 0.239051 -0.000230 -0.138829
v -0.245855 -0.000112 -0.149397
v -0.233498 0.000019 -0.147499
v -0.224029 0.000070 -0.148650
v -0.216813 -0.000018 -0.150093
v -0.211392 0.000032 -0.147738
v -0.203979 -0.000122 -0.150763
v -0.195633 -0.000004 -0.148732
v -0.185783 0.000085 -0.146638
v -0.181046 0.000083 -0.152620
v -0.171197 0.000088 -0.148705
v -0.161936 -0.000107 -0.149800
v -0.158490 0.000172 -0.148096
v -0.148297 -0.000062 -0.148721
v -0.138322 -0.000269 -0.146191
v -0.132798 -0.000615 -0.146064
v -0.129283 0.000175 -0.147860
v -0.117259 -0.000011 -0.148474
v -0.105031 0.000043 -0.147970
v -0.101545 0.000029 -0.148382
v -0.093773 -0.000199 -0.147594
v -0.084558 -0.000436 -0.151427
v -0.077774 -0.000072 -0.148864
v -0.072182 0.000070 -0.149618
v -0.064027 -0.000394 -0.151727
v -0.051889 0.000531 -0.146413
v -0.047655 -0.000175 -0.148584
v -0.038264 0.000148 -0.148395
v -0.030559 0.000079 -0.147647
v -0.021743 -0.000632 -0.146078
v -0.013470 0.000078 -0.149368
v -0.005920 0.000378 -0.146179
v -0.002892 0.000043 -0.145500
v 0.006462 -0.000035 -0.150012
v 0.014732 0.000738 -0.149626
v 0.022497 0.000297 -0.146568
v 0.031355 0.000134 -0.147887
v 0.040639 -0.000372 -0.150021
v 0.045670 0.000018 -0.148490
v 0.056143 -0.000177 -0.147418
v 0.058684 -0.000239 -0.150319
v 0.071321 0.000131 -0.149454
v 0.077185 0.000187 -0.151270
v 0.084778 -0.000276 -0.150077
v 0.092836 0.000191 -0.148923
v 0.104832 0.000276 -0.148444
v 0.110072 0.000338 -0.150215
v 0.116714 -0.000214 -0.149512
v 0.124840 0.000093 -0.148727
v 0.135879 0.000095 -0.146349
v 0.141070 -0.000025 -0.146206
v 0.147846 -0.000179 -0.152024
v 0.156257 0.000014 -0.148377
v 0.163947 -0.000048 -0.148039
v 0.170991 -0.000187 -0.151639
v 0.184075 0.000168 -0.150206
v 0.188474 -0.000023 -0.146498
v 0.194728 -0.000057 -0.149291
v 0.203266 0.000039 -0.148364
v 0.211172 0.000034 -0.150461
v 0.218713 -0.000016 -0.148450
v 0.223590 0.000476 -0.147524
v 0.232159 0.000340 -0.147000
v 0.241994 0.000008 -0.148262
v -0.241477 0.000333 -0.157150
v -0.234201 -0.000018 -0.156614
v -0.226379 -0.000021 -0.155371
v -0.222300 0.000177 -0.155453
v -0.209665 -0.000089 -0.156722
v -0.207773 0.000154 -0.156024
v -0.195789 -0.000248 -0.155130
v -0.187897 -0.000111 -0.157113
v -0.179505 -0.000020 -0.156236
v -0.171853 0.000011 -0.156363
v -0.163506 0.000488 -0.159445
v -0.157675 0.000373 -0.154890
v -0.147589 -0.000044 -0.156273
v -0.141516 0.000113 -0.157910
v -0.131989 0.000291 -0.159413
v -0.124861 0.000696 -0.157477
v -0.115856 -0.000176 -0.156840
v -0.111431 0.000367 -0.156111
v -0.104999 0.000133 -0.156203
v -0.095514 0.000185 -0.154002
v -0.085825 0.000326 -0.153059
v -0.078140 0.000021 -0.156225
v -0.068187 -0.000363 -0.158095
v -0.063061 0.000357 -0.157596
v -0.051234 0.000071 -0.157215
v -0.046817 -0.000211 -0.154801
v -0.039971 0.000313 -0.155582
v -0.030143 0.000250 -0.155605
v -0.024155 0.000382 -0.154955
v -0.013270 0.000073 -0.154666
v -0.009284 0.000227 -0.158012
v 0.001727 0.000033 -0.160347
v 0.008695 -0.000579 -0.154897
v 0.014822 0.000304 -0.154406
v 0.022175 -0.000304 -0.158059
v 0.031327 -0.000033 -0.156715
v 0.038633 0.000010 -0.156555
v 0.045950 -0.000310 -0.155739
v 0.052305 0.000070 -0.160242
v 0.062645 0.000005 -0.156279
v 0.069791 0.000078 -0.155986
v 0.077381 -0.000273 -0.160270
v 0.085519 -0.000022 -0.156092
v 0.093714 -0.000018 -0.156443
v 0.104159 -0.000047 -0.153586
v 0.108680 -0.000073 -0.154688
v 0.118364 -0.000145 -0.154633
v 0.121341 -0.000271 -0.153528
v 0.129804 -0.000058 -0.157308
v 0.140652 -0.000007 -0.155827
v 0.146546 0.000341 -0.154521
v 0.156259 0.000427 -0.154031
v 0.164581 0.000649 -0.158988
v 0.173792 -0.000091 -0.156877
v 0.179706 -0.000051 -0.155004
v 0.183702 -0.000181 -0.156838
v 0.196224 0.000427 -0.155935
v 0.203693 0.000021 -0.155848
v 0.210813 0.000369 -0.159007
v 0.217062 -0.000012 -0.156625
v 0.228594 -0.000203 -0.154793
v 0.234460 -0.000135 -0.155521
v 0.245481 -0.000047 -0.154042
v -0.241052 -0.000172 -0.165282
v -0.234610 -0.000038 -0.164150
v -0.227619 -0.000591 -0.161611
v -0.219062 -0.000236 -0.163359
v -0.213314 0.000647 -0.163921
v -0.202555 0.000034 -0.166356
v -0.194719 -0.000159 -0.161685
v -0.188504 -0.000011 -0.162910
v -0.180607 -0.000129 -0.164531
v -0.169953 -0.000203 -0.162966
v -0.165840 -0.000016 -0.165280
v -0.156053 0.000167 -0.160798
v -0.147444 0.000044 -0.164245
v -0.138604 0.000078 -0.162944
v -0.132984 -0.000034 -0.165983
v -0.125458 -0.000180 -0.163246
v -0.119800 0.000505 -0.163840
v -0.108285 0.000037 -0.164826
v -0.100349 -0.000010 -0.168636
v -0.096809 -0.000060 -0.164190
v -0.088561 0.000080 -0.162126
v -0.080626 0.000164 -0.164045
v -0.070621 0.000027 -0.162746
v -0.061734 0.000233 -0.164794
v -0.054086 0.000090 -0.164902
v -0.046955 -0.000008 -0.164045
v -0.042700 0.000019 -0.160796
v -0.030605 0.000050 -0.162791
v -0.022765 -0.000047 -0.164415
v -0.017044 -0.000330 -0.163282
v -0.007645 0.000003 -0.163976
v 0.000139 -0.000002 -0.164619
v 0.007754 0.000142 -0.163773
v 0.014859 -0.000161 -0.164806
v 0.023696 -0.000038 -0.163595
v 0.028427 -0.000235 -0.164633
v 0.039691 0.000207 -0.161114
v 0.046440 -0.000039 -0.163380
v 0.053804 -0.000131 -0.163952
v 0.064424 -0.000011 -0.164903
v 0.070628 -0.000050 -0.164574
v 0.077955 0.000021 -0.163953
v 0.084921 -0.000007 -0.161657
v 0.092364 0.000033 -0.164375
v 0.102581 0.000039 -0.163758
v 0.111987 0.000326 -0.164632
v 0.115686 0.000131 -0.166009
v 0.123359 0.000466 -0.167246
v 0.131599 0.000189 -0.165255
v 0.140887 -0.000244 -0.167856
v 0.148689 0.000276 -0.163136
v 0.160186 -0.000264 -0.165816
v 0.166004 -0.000225 -0.167593
v 0.172672 0.000030 -0.163691
v 0.178964 -0.000189 -0.164850
v 0.187901 -0.000098 -0.164484
v 0.195259 -0.000015 -0.164169
v 0.203566 0.000022 -0.164653
v 0.213736 -0.000107 -0.160427
v 0.218444 -0.000047 -0.163596
v 0.223825 0.000192 -0.163631
v 0.233581 0.000487 -0.164425
v 0.242994 -0.000015 -0.166330
v -0.246331 -0.000164 -0.170466
v -0.235941 0.000039 -0.172013
v -0.226389 -0.000016 -0.171529
v -0.220180 -0.000015 -0.173777
v -0.212126 -0.000058 -0.171362
v -0.202793 -0.000009 -0.172027
v -0.195708 -0.000754 -0.171665
v -0.187829 -0.000092 -0.168867
v -0.179998 -0.000134 -0.171156
v -0.169560 0.000208 -0.171008
v -0.161541 -0.000175 -0.169461
v -0.159462 -0.000213 -0.169484
v -0.144995 -0.000118 -0.169131
v -0.139756 0.000004 -0.171592
v -0.132452 0.000278 -0.174249
v -0.123986 0.000246 -0.171668
v -0.116652 0.000213 -0.173054
v -0.110859 -0.000031 -0.170960
v -0.102675 0.000187 -0.172165
v -0.091836 0.000203 -0.168861
v -0.084549 0.000174 -0.169866
v -0.080893 -0.000531 -0.172225
v -0.069681 0.000100 -0.169559
v -0.062604 -0.000042 -0.171198
v -0.056048 0.000116 -0.172683
v -0.049532 -0.000075 -0.167834
v -0.039176 -0.000056 -0.173895
v -0.031889 -0.000453 -0.173991
v -0.023828 -0.000056 -0.171958
v -0.013306 0.000151 -0.173674
v -0.006615 0.000035 -0.170407
v -0.002963 -0.000444 -0.171579
v 0.008395 0.000415 -0.174789
v 0.015820 0.000011 -0.171709
v 0.022238 -0.000351 -0.171009
v 0.031502 -0.000061 -0.174358
v 0.039102 0.000255 -0.172835
v 0.047196 -0.000038 -0.171968
v 0.056646 -0.000340 -0.169644
v 0.062297 -0.000330 -0.171931
v 0.069569 0.000096 -0.170089
v 0.078621 0.000483 -0.174243
v 0.086631 0.000121 -0.170989
v 0.093050 0.000321 -0.169306
v 0.100101 0.000192 -0.168016
v 0.111654 -0.000255 -0.172687
v 0.116467 0.000758 -0.170828
v 0.125335 0.000422 -0.174773
v 0.132721 0.000027 -0.171863
v 0.142236 -0.000003 -0.172220
v 0.148910 -0.000131 -0.172174
v 0.156049 0.000001 -0.173736
v 0.163544 0.000082 -0.168701
v 0.171332 -0.000016 -0.172042
v 0.176512 -0.000199 -0.170508
v 0.187722 -0.000054 -0.173858
v 0.196540 0.000186 -0.172645
v 0.199524 -0.000027 -0.171862
v 0.210975 0.000031 -0.172130
v 0.223434 -0.000256 -0.172091
v 0.223372 0.000568 -0.172959
v 0.234875 0.000057 -0.174732
v 0.243799 0.000255 -0.171759
v -0.244001 0.000389 -0.179746
v -0.235144 -0.000272 -0.179018
v -0.231113 0.000042 -0.179147
v -0.220216 -0.000308 -0.180823
v -0.211460 -0.000469 -0.181407
v -0.201366 0.000002 -0.179295
v -0.195384 0.000000 -0.179635
v -0.185845 0.000176 -0.178983
v -0.180775 0.000457 -0.178142
v -0.172739 0.000184 -0.176988
v -0.164563 -0.000033 -0.180337
v -0.155319 0.000205 -0.182495
v -0.147287 -0.000110 -0.180995
v -0.140756 0.000026 -0.178867
v -0.132448 0.000141 -0.180346
v -0.122908 0.000381 -0.180642
v -0.116546 -0.000022 -0.179726
v -0.107079 -0.000125 -0.177996
v -0.099046 -0.000284 -0.178267
v -0.094383 0.000004 -0.178393
v -0.086434 -0.000016 -0.179881
v -0.078085 -0.000029 -0.179719
v -0.066049 0.000181 -0.180408
v -0.058192 -0.000280 -0.178213
v -0.052116 -0.000001 -0.178338
v -0.046092 -0.000027 -0.179580
v -0.039019 -0.000014 -0.179718
v -0.031587 0.000133 -0.179625
v -0.023495 -0.000005 -0.179617
v -0.014381 0.000088 -0.180585
v -0.004794 -0.000286 -0.182727
v 0.001305 0.000096 -0.178491
v 0.011090 -0.000219 -0.179128
v 0.015890 -0.000430 -0.182406
v 0.021117 0.000192 -0.180790
v 0.031306 -0.000013 -0.179619
v 0.038823 0.000453 -0.178333
v 0.046914 -0.000040 -0.180027
v 0.053842 -0.000141 -0.180360
v 0.061795 0.000526 -0.177208
v 0.072547 -0.000329 -0.178632
v 0.076158 0.000446 -0.182433
v 0.086403 0.000310 -0.176453
v 0.094498 -0.000501 -0.183115
v 0.100657 -0.000091 -0.180475
v 0.108972 0.000294 -0.181180
v 0.116673 0.000261 -0.178594
v 0.126552 -0.000185 -0.182102
v 0.132609 -0.000480 -0.182421
v 0.141021 0.000259 -0.180113
v 0.147073 -0.000240 -0.180335
v 0.159399 0.000110 -0.180858
v 0.164075 -0.000001 -0.179763
v 0.172576 0.000370 -0.178840
v 0.181302 -0.000206 -0.180179
v 0.187948 -0.000014 -0.180573
v 0.197688 -0.000490 -0.177718
v 0.204855 0.000210 -0.177849
v 0.209770 0.000187 -0.179658
v 0.221377 0.000352 -0.179144
v 0.225994 -0.000174 -0.177734
v 0.234410 0.000015 -0.180012
v 0.241582 0.000045 -0.182467
v -0.243709 0.000103 -0.188577
v -0.233596 0.000124 -0.187829
v -0.226334 -0.000011 -0.187540
v -0.214870 0.000426 -0.187851
v -0.209314 0.000451 -0.187794
v -0.203385 -0.000075 -0.187514
v -0.190506 0.000056 -0.187606
v -0.186166 -0.000491 -0.186962
v -0.180582 -0.000115 -0.186801
v -0.173101 0.000079 -0.186037
v -0.165550 -0.000362 -0.186888
v -0.159986 -0.000310 -0.186996
v -0.148484 -0.000007 -0.187468
v -0.140191 -0.000056 -0.187291
v -0.133467 0.000196 -0.189367
v -0.126661 0.000318 -0.187859
v -0.117347 -0.000014 -0.187835
v -0.110883 -0.000068 -0.185561
v -0.102301 -0.000464 -0.188074
v -0.093886 0.000269 -0.186175
v -0.086915 -0.000524 -0.187411
v -0.078951 -0.000366 -0.185364
v -0.070527 0.000052 -0.187394
v -0.063516 0.000252 -0.188034
v -0.052037 -0.000139 -0.189865
v -0.044931 0.000094 -0.185175
v -0.039127 0.000132 -0.188091
v -0.031519 -0.000215 -0.186125
v -0.023535 -0.000009 -0.187650
v -0.017554 -0.000130 -0.189813
v -0.007830 -0.000002 -0.187467
v 0.003213 0.000110 -0.185501
v 0.007845 0.000046 -0.188172
v 0.016843 -0.000461 -0.190206
v 0.020314 0.000024 -0.184256
v 0.032132 0.000137 -0.187435
v 0.037597 -0.000164 -0.186295
v 0.046800 0.000271 -0.189400
v 0.055298 0.000344 -0.188860
v 0.062470 -0.000008 -0.187352
v 0.070834 0.000089 -0.188100
v 0.079684 0.000501 -0.184075
v 0.087094 -0.000136 -0.188949
v 0.094463 -0.000133 -0.186066
v 0.100036 0.000188 -0.188767
v 0.109490 -0.000017 -0.187578
v 0.119751 -0.000509 -0.185308
v 0.126475 0.000464 -0.183855
v 0.132740 0.000063 -0.187654
v 0.142072 -0.000184 -0.185442
v 0.150832 0.000164 -0.187128
v 0.156332 -0.000008 -0.187264
v 0.162476 -0.000223 -0.186895
v 0.173944 -0.000228 -0.187866
v 0.179064 -0.000125 -0.186760
v 0.188578 0.000316 -0.187892
v 0.194210 0.000331 -0.185938
v 0.200514 0.000428 -0.189545
v 0.211259 0.000033 -0.187896
v 0.217837 -0.000055 -0.187434
v 0.229151 -0.000424 -0.189396
v 0.233498 -0.000250 -0.190767
v 0.244221 0.000466 -0.190320
v -0.239628 -0.000209 -0.198079
v -0.236201 0.000182 -0.193678
v -0.227108 0.000078 -0.195061
v -0.218174 -0.000009 -0.195220
v -0.210102 0.000050 -0.194990
v -0.205323 -0.000457 -0.193660
v -0.194738 0.000004 -0.195948
v -0.189616 -0.000136 -0.191804
v -0.179066 0.000191 -0.193253
v -0.174707 -0.000003 -0.196107
v -0.165265 0.000079 -0.195275
v -0.155259 -0.000077 -0.195910
v -0.147084 0.000155 -0.195994
v -0.141072 0.000221 -0.193875
v -0.132778 -0.000004 -0.195129
v -0.124121 0.000080 -0.194958
v -0.117704 -0.000363 -0.193622
v -0.109696 0.000064 -0.195612
v -0.101150 -0.000031 -0.196031
v -0.090803 0.000009 -0.198401
v -0.089862 -0.000042 -0.193294
v -0.077469 0.000241 -0.191494
v -0.070037 -0.000103 -0.195500
v -0.063868 -0.000692 -0.193552
v -0.053724 -0.000167 -0.195529
v -0.046703 -0.000007 -0.195080
v -0.038720 -0.000283 -0.196108
v -0.030005 -0.000267 -0.198710
v -0.025253 0.000680 -0.195763
v -0.016054 0.000097 -0.195410
v -0.006483 0.000579 -0.196423
v 0.001574 0.000347 -0.193998
v 0.007802 0.000007 -0.195353
v 0.016659 0.000265 -0.196117
v 0.024038 0.000285 -0.192894
v 0.032756 -0.000286 -0.191075
v 0.039251 -0.000050 -0.195286
v 0.047390 -0.000135 -0.192437
v 0.055166 0.000022 -0.195060
v 0.061178 -0.000207 -0.195763
v 0.069824 -0.000043 -0.195386
v 0.076667 0.000198 -0.195246
v 0.086479 -0.000035 -0.194992
v 0.095272 -0.000390 -0.197533
v 0.101865 0.000071 -0.194308
v 0.108069 0.000408 -0.194133
v 0.114343 0.000586 -0.196517
v 0.126500 0.000046 -0.196639
v 0.133105 -0.000046 -0.195367
v 0.140937 0.000080 -0.195889
v 0.149962 -0.000149 -0.192194
v 0.155251 -0.000069 -0.194764
v 0.164210 -0.000006 -0.195261
v 0.170885 -0.000646 -0.198085
v 0.180546 0.000058 -0.197064
v 0.184408 -0.000240 -0.193312
v 0.194487 -0.000393 -0.194643
v 0.201176 0.000224 -0.196398
v 0.211150 -0.000015 -0.195294
v 0.219139 0.000007 -0.195670
v 0.226196 0.000007 -0.193982
v 0.230336 0.000176 -0.194858
v 0.242904 0.000057 -0.193839
v -0.243415 0.000417 -0.204323
v -0.232463 -0.000492 -0.201904
v -0.225372 -0.000018 -0.205240
v -0.218802 -0.000046 -0.202588
v -0.213527 -0.000454 -0.202696
v -0.202589 -0.000067 -0.202895
v -0.198324 -0.000166 -0.203161
v -0.187616 0.000377 -0.205382
v -0.180805 -0.000517 -0.205230
v -0.172549 0.000050 -0.203329
v -0.163242 0.000344 -0.204598
v -0.153404 0.000028 -0.202737
v -0.147671 -0.000318 -0.205627
v -0.140478 -0.000012 -0.203176
v -0.131711 -0.000043 -0.201365
v -0.124897 -0.000055 -0.203028
v -0.116944 0.000515 -0.200878
v -0.108450 -0.000032 -0.204819
v -0.101134 -0.000600 -0.204771
v -0.097720 0.000009 -0.202964
v -0.084566 -0.000115 -0.204982
v -0.076977 -0.000270 -0.203888
v -0.070603 0.000021 -0.203414
v -0.063625 0.000033 -0.203875
v -0.056486 0.000360 -0.204179
v -0.047520 -0.000242 -0.203513
v -0.038189 -0.000002 -0.202754
v -0.032211 -0.000179 -0.201963
v -0.024176 0.000299 -0.203946
v -0.013704 0.000415 -0.201713
v -0.007465 -0.000142 -0.201197
v 0.001973 0.000015 -0.199716
v 0.010128 -0.000183 -0.199227
v 0.015867 -0.000525 -0.202284
v 0.025018 0.000331 -0.199265
v 0.030072 -0.000127 -0.202203
v 0.039691 -0.000116 -0.203019
v 0.046741 -0.000610 -0.202792
v 0.051207 -0.000015 -0.206168
v 0.063007 -0.000309 -0.204118
v 0.070063 -0.000043 -0.202838
v 0.079433 -0.000459 -0.203164
v 0.087266 0.000097 -0.202752
v 0.093746 -0.000003 -0.203010
v 0.101704 0.000294 -0.201367
v 0.110121 -0.000353 -0.201453
v 0.113991 0.000501 -0.201858
v 0.124926 0.000023 -0.203189
v 0.132575 -0.000005 -0.203670
v 0.137113 -0.000260 -0.203496
v 0.150528 0.000088 -0.207157
v 0.155332 0.000194 -0.201285
v 0.165058 0.000057 -0.203152
v 0.169262 -0.000032 -0.200396
v 0.176913 -0.000283 -0.203438
v 0.184510 0.000121 -0.206994
v 0.193917 0.000274 -0.205386
v 0.199270 -0.000121 -0.203421
v 0.210883 0.000004 -0.203174
v 0.218542 0.000387 -0.201730
v 0.228272 -0.000562 -0.202219
v 0.234768 -0.000061 -0.202647
v 0.242164 -0.000034 -0.202863
v -0.238269 0.000300 -0.211442
v -0.234277 0.000070 -0.210842
v -0.226302 -0.000562 -0.208947
v -0.217087 0.000042 -0.209994
v -0.213872 0.000175 -0.213639
v -0.206451 -0.000235 -0.210179
v -0.190991 -0.000043 -0.211840
v -0.188956 0.000284 -0.213139
v -0.181108 0.000086 -0.209768
v -0.174187 -0.000360 -0.210011
v -0.165033 -0.000193 -0.208427
v -0.156335 0.000534 -0.207513
v -0.147637 0.000413 -0.212013
v -0.142078 0.000134 -0.212348
v -0.132013 -0.000115 -0.208278
v -0.124368 -0.000005 -0.211132
v -0.117800 0.000412 -0.210544
v -0.109887 0.000114 -0.210709
v -0.100115 -0.000361 -0.214065
v -0.093879 0.000060 -0.210809
v -0.085273 0.000203 -0.211312
v -0.075671 0.000255 -0.211702
v -0.069601 0.000201 -0.211390
v -0.063567 -0.000118 -0.209811
v -0.055689 -0.000280 -0.213406
v -0.050569 -0.000486 -0.210392
v -0.043123 -0.000263 -0.209869
v -0.035495 0.000240 -0.212258
v -0.025282 -0.000049 -0.214691
v -0.015725 -0.000214 -0.210887
v -0.009189 -0.000430 -0.211385
v 0.000185 -0.000028 -0.210727
v 0.006593 -0.000010 -0.212890
v 0.016367 -0.000373 -0.210000
v 0.023118 -0.000090 -0.210769
v 0.030970 -0.000032 -0.208072
v 0.038481 0.000297 -0.213822
v 0.046926 0.000015 -0.211028
v 0.053886 -0.000106 -0.209858
v 0.059772 0.000435 -0.212524
v 0.069865 0.000708 -0.211834
v 0.073790 0.000066 -0.210205
v 0.088569 -0.000168 -0.212372
v 0.097816 -0.000215 -0.212025
v 0.099773 -0.000145 -0.208918
v 0.109842 0.000296 -0.212118
v 0.117690 0.000171 -0.213682
v 0.124322 -0.000148 -0.211130
v 0.132332 -0.000004 -0.209620
v 0.140153 0.000031 -0.211023
v 0.149471 0.000228 -0.211774
v 0.154136 -0.000508 -0.208482
v 0.166035 -0.000030 -0.211334
v 0.174253 0.000083 -0.209750
v 0.179533 -0.000189 -0.213196
v 0.187600 -0.000078 -0.211166
v 0.195308 -0.000003 -0.210904
v 0.201737 0.000197 -0.210407
v 0.212721 0.000352 -0.210957
v 0.221601 0.000331 -0.214146
v 0.226500 0.000012 -0.210999
v 0.234451 -0.000153 -0.211154
v 0.242798 -0.000090 -0.211750
v -0.244075 0.000008 -0.217195
v -0.235900 0.000281 -0.218835
v -0.227522 -0.000175 -0.219363
v -0.222345 -0.000242 -0.221307
v -0.210145 0.000158 -0.218879
v -0.203307 0.000064 -0.217965
v -0.195114 0.000068 -0.217815
v -0.187908 -0.000145 -0.218171
v -0.177109 -0.000374 -0.218877
v -0.171860 -0.000008 -0.217656
v -0.162875 -0.000092 -0.220274
v -0.155490 -0.000080 -0.218672
v -0.148465 0.000081 -0.218944
v -0.138173 -0.000008 -0.222463
v -0.132942 -0.000071 -0.219277
v -0.124692 -0.000057 -0.218921
v -0.119722 -0.000266 -0.221758
v -0.112692 0.000148 -0.219548
v -0.099470 -0.000241 -0.214566
v -0.092740 0.000018 -0.218105
v -0.085894 0.000003 -0.218684
v -0.076791 -0.000249 -0.217778
v -0.068691 0.000213 -0.221757
v -0.061986 -0.000332 -0.217642
v -0.053014 0.000263 -0.215546
v -0.047029 0.000013 -0.218951
v -0.038950 -0.000213 -0.222403
v -0.033156 -0.000485 -0.222146
v -0.022657 0.000446 -0.219365
v -0.014714 0.000260 -0.221135
v -0.011181 -0.000420 -0.218160
v 0.000517 -0.000032 -0.217730
v 0.008671 -0.000010 -0.217464
v 0.016174 0.000183 -0.219419
v 0.023375 -0.000003 -0.218601
v 0.029224 -0.000236 -0.217997
v 0.038413 -0.000682 -0.219355
v 0.047395 -0.000434 -0.220839
v 0.054293 -0.000127 -0.218713
v 0.062946 -0.000243 -0.221786
v 0.072124 -0.000446 -0.218002
v 0.077351 -0.000169 -0.222895
v 0.085969 -0.000027 -0.218956
v 0.093100 -0.000005 -0.213987
v 0.101405 0.000010 -0.218588
v 0.112873 -0.000163 -0.219415
v 0.117027 0.000438 -0.219228
v 0.124804 -0.000119 -0.219146
v 0.130150 -0.000052 -0.218457
v 0.137749 -0.000625 -0.218191
v 0.148184 0.000226 -0.218931
v 0.159342 -0.000188 -0.220791
v 0.161662 -0.000222 -0.220961
v 0.169653 0.000154 -0.221180
v 0.181191 0.000103 -0.218477
v 0.187583 0.000038 -0.218583
v 0.196276 0.000138 -0.219403
v 0.201478 0.000295 -0.218578
v 0.211516 -0.000376 -0.221202
v 0.219022 -0.000065 -0.218970
v 0.225827 -0.000160 -0.219362
v 0.229823 -0.000138 -0.217859
v 0.246635 0.000007 -0.217704
v -0.242085 -0.000069 -0.228053
v -0.235314 0.000001 -0.229603
v -0.226183 0.000126 -0.227351
v -0.218688 -0.000000 -0.226208
v -0.210223 0.000597 -0.224577
v -0.202595 -0.000354 -0.227776
v -0.192973 -0.000271 -0.223630
v -0.189245 0.000655 -0.228449
v -0.179426 -0.000065 -0.226096
v -0.171527 0.000028 -0.226087
v -0.165192 -0.000072 -0.227016
v -0.157928 0.000092 -0.228516
v -0.147735 0.000154 -0.226227
v -0.136978 -0.000191 -0.224724
v -0.132505 -0.000088 -0.226973
v -0.124990 -0.000310 -0.224077
v -0.119036 0.000223 -0.226441
v -0.109569 0.000006 -0.226891
v -0.105232 0.000053 -0.226380
v -0.092198 -0.000356 -0.227041
v -0.086839 0.000262 -0.226633
v -0.078439 -0.000114 -0.229336
v -0.067590 0.000252 -0.224766
v -0.061222 -0.000338 -0.227166
v -0.058797 -0.000391 -0.225804
v -0.042469 0.000178 -0.227415
v -0.038902 0.000054 -0.226708
v -0.029666 -0.000137 -0.224216
v -0.025369 -0.000060 -0.228372
v -0.015537 0.000006 -0.226307
v -0.007762 -0.000010 -0.226462
v 0.000454 0.000053 -0.225867
v 0.007232 0.000290 -0.222114
v 0.014647 -0.000372 -0.226785
v 0.021532 -0.000251 -0.226058
v 0.031349 0.000036 -0.226371
v 0.039754 0.000299 -0.225234
v 0.046850 0.000389 -0.224803
v 0.053429 -0.000061 -0.222796
v 0.062439 0.000231 -0.222432
v 0.068097 -0.000701 -0.226597
v 0.075225 -0.000406 -0.227076
v 0.083826 0.000230 -0.225985
v 0.091656 -0.000186 -0.225454
v 0.101303 -0.000220 -0.227501
v 0.113471 -0.000291 -0.227091
v 0.121015 0.000108 -0.228282
v 0.123402 -0.000358 -0.224213
v 0.129863 -0.000319 -0.227985
v 0.140153 0.000058 -0.226287
v 0.147845 -0.000032 -0.227104
v 0.157247 0.000455 -0.229410
v 0.161235 0.000378 -0.224589
v 0.170195 -0.000061 -0.223948
v 0.182516 -0.000074 -0.226534
v 0.186924 -0.000224 -0.228582
v 0.197708 -0.000015 -0.227079
v 0.201717 0.000350 -0.227331
v 0.211633 -0.000057 -0.221762
v 0.219799 0.000147 -0.226680
v 0.227099 0.000013 -0.224423
v 0.234187 -0.000140 -0.226035
v 0.243623 -0.000114 -0.226558
v -0.242267 0.000040 -0.232804
v -0.235243 0.000052 -0.233587
v -0.229180 -0.000418 -0.234805
v -0.218206 0.000057 -0.234661
v -0.211067 -0.000629 -0.234594
v -0.203652 -0.000222 -0.235336
v -0.192925 -0.000441 -0.236051
v -0.189093 0.000577 -0.232249
v -0.182089 0.000200 -0.237454
v -0.172300 -0.000096 -0.232874
v -0.163598 -0.000565 -0.236286
v -0.156166 0.000231 -0.234996
v -0.151809 -0.000339 -0.233641
v -0.138981 0.000537 -0.233716
v -0.132530 -0.000388 -0.238282
v -0.127594 -0.000649 -0.235137
v -0.114553 -0.000289 -0.232197
v -0.107201 0.000039 -0.237691
v -0.100309 0.000297 -0.231655
v -0.094321 -0.000016 -0.230640
v -0.087153 -0.000005 -0.236411
v -0.079187 -0.000222 -0.235929
v -0.072327 0.000006 -0.233853
v -0.063158 -0.000229 -0.233957
v -0.053876 0.000061 -0.237538
v -0.046932 -0.000087 -0.235260
v -0.036622 -0.000147 -0.237211
v -0.032586 -0.000531 -0.232573
v -0.021148 0.000110 -0.238415
v -0.011011 -0.000111 -0.233257
v -0.008515 -0.000157 -0.234522
v -0.000797 -0.000084 -0.234810
v 0.007111 -0.000210 -0.238246
v 0.016049 0.000267 -0.233448
v 0.021729 0.000099 -0.235017
v 0.033751 -0.000180 -0.233842
v 0.039230 -0.000111 -0.234668
v 0.046787 -0.000019 -0.234595
v 0.057897 0.000198 -0.232794
v 0.061497 -0.000116 -0.235428
v 0.072015 0.000178 -0.234176
v 0.076513 0.000034 -0.236760
v 0.085252 -0.000548 -0.233769
v 0.090599 0.000569 -0.235513
v 0.102300 0.000435 -0.232834
v 0.109134 0.000107 -0.230810
v 0.116641 -0.000092 -0.235071
v 0.124743 0.000061 -0.234582
v 0.133635 0.000041 -0.231897
v 0.143102 -0.000111 -0.236124
v 0.152895 0.000042 -0.235054
v 0.156792 -0.000140 -0.236119
v 0.166874 -0.000117 -0.232696
v 0.171673 0.000110 -0.233327
v 0.178489 0.000295 -0.237009
v 0.187426 0.000048 -0.234629
v 0.191867 -0.000293 -0.236573
v 0.203193 0.000204 -0.233726
v 0.214853 0.000345 -0.236335
v 0.214941 -0.000231 -0.235419
v 0.227466 -0.000089 -0.235839
v 0.233099 0.000054 -0.231888
v 0.239541 0.000117 -0.237057
v -0.244150 -0.000212 -0.242975
v -0.232706 -0.000638 -0.241085
v -0.226500 -0.000776 -0.242283
v -0.218533 0.000036 -0.241418
v -0.210864 -0.000005 -0.242376
v -0.203327 0.000437 -0.240135
v -0.192958 0.000511 -0.241446
v -0.187490 0.000000 -0.242225
v -0.179703 -0.000038 -0.242159
v -0.172336 -0.000124 -0.241426
v -0.164052 0.000148 -0.243014
v -0.154457 -0.000005 -0.245037
v -0.150112 0.000194 -0.244514
v -0.140390 -0.000029 -0.241403
v -0.132273 -0.000178 -0.243250
v -0.126816 0.000200 -0.240733
v -0.116985 0.000080 -0.242255
v -0.110516 -0.000217 -0.241658
v -0.102999 0.000050 -0.242639
v -0.091251 -0.000123 -0.241972
v -0.085150 0.000076 -0.241373
v -0.077976 -0.000203 -0.242563
v -0.069203 0.000060 -0.239121
v -0.060728 0.000467 -0.238543
v -0.053554 0.000200 -0.239960
v -0.046311 -0.000134 -0.241902
v -0.036714 0.000430 -0.240266
v -0.030448 -0.000122 -0.243976
v -0.022501 0.000636 -0.243360
v -0.019480 -0.000263 -0.242390
v -0.008687 0.000192 -0.246632
v 0.002556 -0.000185 -0.244519
v 0.010092 -0.000113 -0.243149
v 0.015926 -0.000265 -0.244478
v 0.025810 -0.000503 -0.240352
v 0.034020 0.000038 -0.243105
v 0.038912 -0.000634 -0.242137
v 0.046994 -0.000032 -0.242071
v 0.054094 0.000710 -0.241132
v 0.065695 -0.000207 -0.241358
v 0.070513 0.000012 -0.241879
v 0.077620 0.000408 -0.238518
v 0.086346 0.000546 -0.241342
v 0.097016 0.000360 -0.240029
v 0.099781 -0.000143 -0.239999
v 0.108575 -0.000077 -0.242179
v 0.118031 -0.000239 -0.246559
v 0.125034 0.000048 -0.242497
v 0.133021 -0.000184 -0.243703
v 0.141133 0.000151 -0.241298
v 0.148054 -0.000094 -0.241553
v 0.158702 -0.000567 -0.240038
v 0.165355 -0.000041 -0.238606
v 0.170098 0.000108 -0.241993
v 0.179209 0.000189 -0.239917
v 0.188263 0.000243 -0.246238
v 0.197623 -0.000221 -0.246035
v 0.202719 -0.000177 -0.244915
v 0.210829 0.000525 -0.241448
v 0.219134 -0.000007 -0.242487
v 0.226552 -0.000028 -0.242098
v 0.234256 -0.000131 -0.242765
v 0.245560 -0.000247 -0.240237
vn 0.0419 0.9935 0.1062
vn 0.0768 0.9969 -0.0152
vn -0.0685 0.9967 -0.0431
vn 0.0058 0.9982 -0.0604
vn -0.1134 0.9934 -0.0144
vn 0.0450 0.9972 0.0602
vn 0.0388 0.9978 -0.0531
vn -0.0263 0.9995 -0.0180
vn -0.0289 0.9988 -0.0386
vn -0.0163 0.9998 -0.0097
vn 0.0133 0.9980 -0.0618
vn -0.0047 0.9999 -0.0162
vn -0.0073 1.0000 0.0005
vn -0.0547 0.9984 -0.0118
vn -0.0058 1.0000 0.0003
vn 0.0462 0.9976 -0.0506
vn 0.1605 0.9860 0.0449
vn 0.0430 0.9985 -0.0335
vn 0.0280 0.9979 0.0586
vn -0.0121 0.9992 -0.0379
vn 0.0360 0.9983 0.0455
vn 0.0481 0.9985 -0.0272
vn -0.0723 0.9849 -0.1576
vn -0.0500 0.9987 -0.0025
vn -0.0610 0.9939 0.0920
vn 0.0795 0.9966 0.0228
vn -0.0545 0.9985 0.0088
vn 0.0242 0.9997 0.0048
vn -0.0018 1.0000 -0.0006
vn 0.0181 0.9998 -0.0077
vn 0.0091 0.9999 0.0135
vn 0.0187 0.9998 0.0049
vn -0.0521 0.9986 0.0027
vn 0.0073 0.9997 0.0213
vn 0.0104 0.9999 -0.0015
vn 0.0420 0.9975 -0.0571
vn 0.0246 0.9997 -0.0001
vn -0.3591 0.5725 0.7371
vn -0.0180 0.9991 0.0385
vn -0.0124 0.9998 -0.0174
vn 0.0480 0.9988 0.0056
vn 0.0212 0.9967 0.0789
vn -0.0020 0.9994 0.0340
vn 0.0675 0.9977 0.0026
vn -0.0377 0.9993 -0.0064
vn 0.0431 0.9983 -0.0389
vn -0.0159 0.9999 0.0035
vn 0.0108 0.9998 0.0189
vn -0.0549 0.9964 0.0652
vn -0.0150 0.9995 -0.0289
vn -0.0007 0.9999 0.0130
vn -0.0308 0.9995 0.0033
vn 0.0366 0.9992 0.0182
vn -0.0360 0.9988 0.0333
vn 0.0364 0.9993 0.0077
vn 0.1916 0.7412 -0.6434
vn -0.0263 0.9984 0.0505
vn 0.0535 0.9956 0.0771
vn 0.0338 0.9910 0.1295
vn 0.1596 0.9735 -0.1638
vn -0.0057 0.9994 -0.0331
vn -0.0153 0.9997 -0.0184
vn -0.0002 0.9994 -0.0347
vn 0.1094 0.9939 -0.0162
vn -0.0833 0.9870 0.1371
vn -0.0349 0.9994 -0.0085
vn -0.3219 0.0384 0.9460
vn 0.0666 0.9961 -0.0576
vn 0.0341 0.9994 -0.0074
vn -0.0283 0.9967 0.0757
vn 0.1071 0.9788 0.1744
vn 0.0920 0.9947 0.0451
vn -0.0269 0.9995 -0.0179
vn -0.0321 0.9970 -0.0706
vn 0.0128 0.9993 -0.0363
vn 0.0355 0.9985 -0.0423
vn -0.0343 0.9950 -0.0936
vn -0.0815 0.9918 -0.0986
vn 0.0158 0.9999 -0.0051
vn -0.0148 0.9994 0.0308
vn 0.0329 0.9988 0.0359
vn -0.0927 0.9949 0.0386
vn 0.0303 0.9995 -0.0114
vn -0.0374 0.9993 -0.0052
vn -0.0029 0.9988 0.0487
vn -0.0468 0.9988 -0.0170
vn -0.0048 0.9995 -0.0299
vn 0.0743 0.9972 -0.0013
vn -0.0675 0.9934 0.0926
vn 0.0046 0.9966 -0.0828
vn 0.0165 0.9997 -0.0183
vn -0.0031 0.9998 -0.0208
vn 0.0012 1.0000 0.0042
vn -0.0710 -0.9864 -0.1479
vn -0.0466 0.9933 0.1061
vn 0.0223 0.9914 -0.1290
vn 0.1108 0.9841 0.1391
vn -0.0013 1.0000 0.0077
vn 0.0011 1.0000 0.0068
vn -0.0096 0.9995 -0.0303
vn 0.0369 0.9988 -0.0309
vn 0.0201 0.9996 0.0173
vn -0.0629 0.9719 -0.2267
vn 0.0908 0.9926 -0.0801
vn -0.0236 0.9994 -0.0247
vn 0.0531 0.9985 -0.0160
vn -0.0034 0.9932 0.1163
vn -0.0027 0.9995 0.0301
vn -0.0215 0.9992 -0.0342
vn -0.0950 0.9923 -0.0789
vn 0.6187 0.7431 -0.2549
vn 0.0381 0.9973 0.0633
vn 0.0867 0.9962 -0.0108
vn -0.0699 0.9968 -0.0379
vn -0.0047 0.9995 -0.0321
vn 0.0006 0.9998 0.0204
vn -0.0117 0.9957 0.0923
vn 0.0992 0.9891 0.1086
vn 0.0154 0.9984 -0.0546
vn -0.0084 0.9964 -0.0843
vn -0.0111 0.9996 -0.0266
vn 0.0104 0.9998 0.0167
vn 0.0116 0.9988 0.0465
vn 0.0264 0.9995 0.0158
vn -0.0554 0.9977 0.0391
vn 0.1695 0.9758 -0.1381
vn 0.0473 0.9952 0.0860
vn 0.5886 -0.1453 0.7952
vn -0.0224 0.9995 -0.0236
vn -0.0654 0.9884 -0.1373
vn -0.0523 0.9986 0.0081
vn -0.0086 0.9995 -0.0292
vn 0.0172 0.9991 -0.0387
vn 0.0693 0.9972 -0.0269
vn -0.0237 0.9997 0.0087
vn 0.0073 0.9994 0.0331
vn 0.0379 0.9976 0.0575
vn -0.0231 0.9798 0.1987
vn -0.0055 0.9951 0.0986
vn -0.1483 0.9780 0.1470
vn 0.0141 0.9996 0.0248
vn 0.0105 0.9909 -0.1339
vn -0.0011 0.9995 -0.0308
vn -0.0396 0.9992 -0.0028
vn -0.0019 0.9973 -0.0736
vn -0.0433 0.9985 -0.0344
vn 0.0377 0.9970 -0.0679
vn 0.0557 0.9970 -0.0535
vn -0.0513 0.9946 -0.0904
vn -0.0107 0.9998 -0.0186
vn -0.0073 0.9996 -0.0283
vn -0.0069 0.9998 0.0190
vn 0.0040 0.9997 0.0249
vn -0.0423 0.9974 0.0585
vn 0.0055 0.9999 -0.0124
vn -0.0915 0.9950 0.0389
vn -0.1831 -0.9814 -0.0580
vn -0.0248 0.9994 -0.0234
vn -0.0065 0.9954 -0.0951
vn 0.0017 0.9970 -0.0773
vn 0.0075 0.9999 0.0116
vn 0.0018 1.0000 0.0027
vn -0.0024 1.0000 0.0009
vn 0.0170 0.9991 0.0387
vn 0.0158 0.9943 0.1050
vn -0.0163 0.9998 0.0121
vn 0.0077 0.9999 0.0130
vn -0.1039 0.9945 -0.0119
vn 0.0603 0.9982 -0.0050
vn 0.0105 0.9982 -0.0593
vn 0.0160 0.9995 -0.0275
vn -0.0483 0.9987 0.0145
vn 0.0053 0.9997 -0.0256
vn 0.0230 0.9970 -0.0741
vn -0.0393 0.9992 0.0065
vn -0.0140 0.9882 0.1523
vn 0.0651 0.9805 -0.1854
vn -0.0658 0.9978 -0.0023
vn 0.0665 0.9975 0.0232
vn -0.0108 0.9981 -0.0600
vn 0.0025 0.9998 0.0190
vn -0.0152 0.9999 0.0005
vn 0.0408 0.9992 0.0010
vn -0.1325 0.9889 -0.0679
vn 0.2049 0.9745 0.0916
vn 0.0332 0.9974 -0.0641
vn 0.0180 0.9998 -0.0045
vn -0.0841 0.9962 -0.0239
vn -0.0292 0.9987 -0.0407
vn 0.0402 0.9992 -0.0022
vn 0.0245 0.9996 0.0136
vn -0.0109 0.9995 0.0292
vn -0.0796 0.9961 -0.0376
vn -0.0057 0.9991 0.0415
vn 0.0006 1.0000 0.0051
vn -0.0143 0.9983 0.0569
vn -0.0113 0.9995 0.0285
vn 0.0252 0.9963 -0.0820
vn -0.0414 0.9980 -0.0477
vn 0.0149 0.9995 -0.0270
vn 0.0841 0.9965 -0.0013
vn -0.0776 0.9955 -0.0545
vn 0.0867 0.9961 0.0176
vn -0.1191 0.9875 0.1035
vn -0.0050 0.9999 0.0095
vn 0.0239 0.9996 0.0179
vn 0.1178 0.9927 0.0253
vn -0.0322 0.9991 -0.0269
vn 0.0410 0.9988 -0.0255
vn 0.0662 0.9973 -0.0317
vn 0.0180 0.9941 0.1068
vn -0.0488 0.9975 -0.0520
vn -0.0160 0.9998 -0.0073
vn -0.0086 0.9993 0.0359
vn 0.0936 0.9956 0.0055
vn 0.0018 0.9987 -0.0504
vn -0.0369 0.9991 -0.0208
vn -0.0223 0.9997 0.0124
vn 0.0464 0.9989 0.0057
vn -0.0253 0.9990 0.0359
vn 0.0850 0.9935 0.0756
vn -0.0801 0.9960 0.0406
vn 0.0011 0.9996 -0.0285
vn -0.0138 0.9998 -0.0116
vn -0.0163 0.9999 -0.0025
vn -0.0500 0.9988 0.0009
vn 0.1131 0.9925 -0.0465
vn -0.0170 0.9997 0.0196
vn 0.0054 1.0000 -0.0065
vn -0.0222 0.9997 -0.0029
vn 0.1216 0.9921 0.0303
vn -0.0731 0.9955 -0.0606
vn -0.0360 0.9697 0.2416
vn -0.0560 0.9952 0.0808
vn 0.0016 0.9999 -0.0133
vn -0.0338 0.9991 0.0271
vn -0.0351 0.9975 -0.0612
vn 0.0582 0.9981 -0.0202
vn -0.0713 0.9964 -0.0463
vn -0.0226 0.9994 -0.0271
vn 0.0865 0.9942 -0.0637
vn -0.0093 0.9999 0.0094
vn 0.0627 0.9979 0.0187
vn -0.1651 0.9355 -0.3124
vn 0.0379 0.9991 0.0167
vn -0.0569 0.9983 0.0150
vn 0.0070 0.9975 -0.0703
vn -0.0173 0.9990 0.0422
vn -0.0061 0.9998 0.0171
vn 0.0177 0.9998 0.0087
vn 0.0069 0.9996 -0.0275
vn 0.0659 0.9956 -0.0671
vn -0.0016 1.0000 0.0076
vn 0.0384 0.9993 -0.0034
vn -0.0502 0.9986 -0.0141
vn 0.0352 0.9990 -0.0268
vn -0.0003 1.0000 -0.0041
vn 0.0293 0.9988 0.0402
vn -0.0128 0.9994 0.0307
vn 0.0085 0.9998 0.0164
vn 0.0159 0.9998 0.0128
vn -0.0515 0.9981 -0.0350
vn 0.0690 0.9965 0.0464
vn -0.0739 0.9945 0.0743
vn 0.1286 0.9892 -0.0706
vn -0.0240 0.9983 0.0525
vn 0.0433 0.9980 0.0458
vn 0.0361 0.9981 -0.0494
vn -0.0204 0.9998 0.0060
vn -0.0489 0.9973 0.0541
vn 0.0904 0.9891 0.1159
vn -0.0681 0.9955 0.0663
vn -0.0259 0.9988 -0.0426
vn -0.0354 0.9992 0.0187
vn -0.1655 0.9829 0.0812
vn -0.0496 0.9817 -0.1841
vn -0.1632 0.9082 -0.3854
vn -0.0121 0.9923 0.1229
vn -0.0040 0.9995 0.0313
vn -0.0358 0.9994 0.0001
vn 0.0506 0.9974 -0.0510
vn -0.0034 0.9999 0.0162
vn -0.0222 0.9964 -0.0819
vn -0.0066 0.9974 0.0714
vn -0.0038 0.9999 0.0117
vn -0.0130 0.9998 0.0135
vn -0.0267 0.9996 0.0080
vn 0.0032 0.9998 0.0181
vn 0.0263 0.9992 -0.0294
vn -0.1042 0.9937 -0.0416
vn 0.0383 0.9971 0.0660
vn -0.0181 0.9994 0.0305
vn -0.0351 0.9991 0.0234
vn 0.1005 0.9906 0.0929
vn -0.2148 0.9747 -0.0624
vn 0.0377 0.9992 0.0144
vn -0.0642 0.9979 0.0099
vn 0.0458 0.9974 0.0566
vn -0.0246 0.9964 0.0813
vn 0.0488 0.9987 -0.0135
vn -0.0645 0.9979 -0.0056
vn 0.0655 0.9973 -0.0338
vn -0.0525 0.9979 -0.0371
vn -0.0136 0.9985 -0.0525
vn -0.0084 0.9987 -0.0511
vn -0.0041 0.9993 0.0382
vn 0.0214 0.9997 -0.0133
vn -0.0564 0.9984 -0.0008
vn 0.0532 0.9983 -0.0226
vn -0.0176 0.9994 -0.0312
vn 0.0538 0.9981 -0.0307
vn 0.0352 0.9988 0.0352
vn 0.0146 0.9983 -0.0564
vn -0.0540 0.9978 0.0383
vn 0.0091 0.9999 0.0066
vn 0.0259 0.9996 -0.0061
vn -0.0583 0.9979 -0.0277
vn 0.0087 0.9997 -0.0232
vn 0.0153 0.9987 0.0478
vn 0.3711 0.8510 0.3716
vn 0.0156 0.9994 -0.0315
vn 0.0239 0.9986 -0.0471
vn 0.0143 0.9979 -0.0627
vn -0.0661 0.9978 0.0109
vn 0.0944 0.9944 -0.0478
vn 0.0251 0.9997 -0.0018
vn 0.1383 0.8722 0.4692
vn 0.1447 0.9663 -0.2127
vn -0.0385 0.9992 -0.0069
vn -0.0090 0.9992 0.0393
vn -0.1240 0.9875 -0.0972
vn -0.0397 0.9992 -0.0103
vn 0.0313 0.9983 -0.0492
vn 0.1557 0.9877 -0.0131
vn -0.0331 0.9991 0.0262
vn -0.0343 0.9989 0.0327
vn 0.0705 0.9967 -0.0393
vn 0.2062 0.9769 0.0556
vn -0.1298 0.9880 0.0837
vn 0.1345 0.9797 -0.1485
vn -0.0035 0.9988 0.0487
vn -0.0413 0.9962 -0.0765
vn -0.0068 0.9999 0.0088
vn -0.1328 0.9902 -0.0426
vn -0.0313 0.9985 0.0451
vn 0.2554 0.9609 -0.1067
vn 0.0079 0.9990 -0.0440
vn -0.2895 0.9309 -0.2230
vn 0.0298 0.9996 0.0019
vn 0.0639 0.9856 -0.1565
vn 0.1039 0.9918 0.0740
vn -0.1125 0.9936 -0.0111
vn 0.0942 0.9952 -0.0255
vn -0.0106 0.9990 -0.0434
vn -0.1348 0.9769 -0.1659
vn 0.0671 0.9964 -0.0522
vn 0.0531 0.9932 0.1035
vn 0.0401 0.9992 -0.0018
vn -0.0097 0.9990 -0.0442
vn 0.0629 0.9935 -0.0945
vn 0.0302 0.9993 0.0221
vn 0.0453 0.9982 0.0390
vn -0.1011 0.9901 0.0973
vn 0.0327 0.9990 0.0299
vn -0.0082 0.9985 0.0544
vn -0.1190 0.9872 0.1059
vn -0.0053 0.9999 -0.0114
vn -0.0042 0.9993 0.0359
vn 0.0197 0.9993 0.0316
vn -0.0047 0.9999 -0.0160
vn -0.1229 0.9893 -0.0788
vn -0.0185 0.9991 0.0386
vn -0.0248 0.9980 0.0577
vn 0.1231 0.9919 0.0326
vn -0.0584 0.9937 0.0957
vn 0.0105 0.9998 0.0163
vn 0.0707 0.9959 -0.0572
vn 0.0598 0.9930 0.1018
vn -0.1441 0.9889 0.0362
vn -0.2331 0.9368 0.2610
vn 0.0247 0.9996 -0.0153
vn -0.0061 0.9975 -0.0703
vn 0.0204 0.9988 0.0445
vn 0.0244 0.9994 -0.0238
vn -0.0188 0.9963 0.0839
vn -0.0243 0.9995 0.0198
vn 0.0312 0.9995 -0.0082
vn -0.0791 0.9967 0.0154
vn 0.0990 0.9934 0.0576
vn 0.0562 0.9983 0.0170
vn -0.0488 0.9975 -0.0504
vn -0.0518 0.9976 -0.0451
vn -0.0461 0.9970 0.0614
vn -0.0112 0.9986 -0.0526
vn -0.0568 0.9983 -0.0106
vn 0.0084 0.9995 0.0319
vn 0.0265 0.9958 0.0872
vn 0.0546 0.9965 0.0637
vn 0.0307 0.9987 -0.0413
vn -0.1453 0.9785 -0.1464
vn 0.0045 0.9884 0.1516
vn 0.0197 0.9927 0.1193
vn -0.0419 0.9935 -0.1062
vn -0.0496 0.9981 0.0363
vn 0.0753 0.9965 -0.0366
vn -0.0412 0.9951 0.0898
vn 0.0160 0.9996 -0.0240
vn 0.0777 0.9968 0.0178
vn 0.0095 0.9976 0.0683
vn -0.0624 0.9959 0.0660
vn 0.1939 0.9629 0.1876
vn -0.0333 0.9993 -0.0179
vn -0.0301 0.9990 -0.0328
vn -0.1049 0.9921 0.0684
vn 0.0920 0.9953 -0.0316
vn 0.0107 0.9999 0.0066
vn -0.0345 0.9989 0.0329
vn -0.0350 0.9994 -0.0081
vn -0.0065 0.9994 -0.0346
vn 0.1149 -0.9890 -0.0934
vn -0.0790 0.9966 -0.0212
vn -0.0473 0.9956 0.0805
vn -0.0060 0.9962 -0.0869
vn -0.0508 0.9985 0.0203
vn -0.0270 0.9981 -0.0553
vn 0.0357 0.9994 -0.0005
vn 0.3743 0.8926 0.2514
vn -0.0577 0.9980 -0.0249
vn -0.0551 0.9983 0.0198
vn 0.0909 0.9944 0.0537
vn -0.0007 0.9950 -0.0998
vn -0.0094 0.9990 0.0448
vn -0.0178 0.9996 0.0212
vn -0.0156 0.9996 -0.0216
vn -0.0246 0.9991 -0.0342
vn 0.0105 0.9997 -0.0218
vn 0.0197 0.9988 -0.0439
vn -0.0142 0.9998 -0.0171
vn -0.0926 0.9957 0.0086
vn 0.0776 0.9935 -0.0835
vn -0.1395 0.9877 0.0704
vn 0.0237 0.9983 -0.0523
vn 0.1859 0.9785 -0.0889
vn 0.0162 0.9888 0.1484
vn 0.1190 0.9922 0.0380
vn -0.0817 0.9966 -0.0121
vn -0.0318 0.9990 -0.0324
vn -0.0060 0.9995 0.0309
vn -0.0184 0.9988 0.0460
vn 0.0160 0.9998 0.0133
vn 0.0658 0.9966 -0.0492
vn 0.0514 0.9982 0.0325
vn -0.0419 0.9868 0.1562
vn -0.0251 0.9986 0.0457
vn 0.0910 0.9953 -0.0323
vn -0.1085 0.9934 -0.0375
vn -0.0331 0.9994 0.0117
vn -0.0138 0.9998 -0.0115
vn 0.0037 0.9992 -0.0401
vn 0.0852 0.9961 -0.0248
vn 0.0491 0.9981 0.0359
vn 0.0359 0.9962 0.0797
vn 0.2269 0.9384 -0.2605
vn 0.1027 0.9922 0.0702
vn -0.0095 0.9999 0.0085
vn -0.0191 0.9980 0.0611
vn 0.0540 0.9981 0.0304
vn -0.0796 0.9949 -0.0618
vn -0.0070 0.9993 -0.0364
vn 0.0273 0.9996 -0.0045
vn 0.0248 0.9997 -0.0003
vn -0.1078 0.9940 0.0208
vn -0.1571 0.9728 -0.1703
vn -0.0222 0.9989 0.0414
vn 0.0619 0.9980 0.0101
vn -0.0371 0.9971 -0.0658
vn 0.0330 0.9995 -0.0001
vn 0.0732 0.9958 0.0556
vn -0.0320 0.9994 -0.0141
vn 0.0749 0.9972 0.0031
vn -0.0616 0.9974 -0.0370
vn 0.0342 0.9986 -0.0410
vn -0.0777 0.9970 0.0037
vn 0.1179 0.9928 0.0206
vn -0.0432 0.9961 0.0771
vn 0.0501 0.9987 0.0100
vn 0.7027 0.3785 0.6024
vn -0.0469 0.9989 -0.0000
vn 0.0461 0.9985 -0.0299
vn 0.0123 0.9816 0.1905
vn -0.0459 0.9978 -0.0479
vn 0.0616 0.9942 -0.0887
vn -0.0254 0.9994 0.0245
vn 0.0508 0.9982 0.0323
vn -0.0094 1.0000 -0.0013
vn -0.0716 0.9966 -0.0419
vn -0.0295 0.9995 0.0148
vn 0.0112 0.9987 0.0499
vn -0.0191 0.9998 0.0069
vn -0.0086 0.9996 0.0277
vn -0.0030 0.9987 -0.0512
vn 0.0870 0.9937 0.0700
vn 0.0147 0.9998 -0.0162
vn 0.0135 0.9999 -0.0017
vn -0.1695 0.9820 0.0827
vn 0.0007 0.9994 -0.0338
vn 0.0852 0.9650 -0.2479
vn -0.0481 0.9988 -0.0026
vn 0.0009 0.9978 -0.0658
vn 0.0122 0.9966 -0.0817
vn 0.0061 0.9999 -0.0096
vn 0.0094 0.9998 -0.0171
vn 0.0067 0.9998 -0.0202
vn 0.0116 0.9999 -0.0025
vn 0.0281 0.9994 -0.0220
vn -0.0591 0.9715 -0.2297
vn -0.0240 0.9988 -0.0436
vn 0.0048 0.9979 0.0643
vn 0.0029 1.0000 0.0084
vn 0.0131 0.9997 -0.0203
vn -0.0192 0.9998 -0.0015
vn 0.0115 0.9999 -0.0100
vn 0.0018 0.9999 -0.0109
vn 0.0336 0.9992 -0.0197
vn -0.0664 0.9975 0.0245
vn 0.1063 0.9937 -0.0361
vn -0.0173 0.9969 0.0770
vn 0.1094 0.9940 -0.0017
vn 0.0441 0.9969 -0.0652
vn 0.0006 0.9998 0.0205
vn -0.0083 0.9996 -0.0259
vn 0.0813 0.9962 0.0319
vn -0.0627 0.9980 -0.0031
vn 0.0539 0.9970 0.0553
vn -0.0092 0.9996 0.0282
vn 0.0258 0.9997 0.0049
vn 0.0716 0.9969 -0.0328
vn -0.0126 0.9954 0.0948
vn -0.0020 0.9999 0.0166
vn 0.0006 0.9999 -0.0126
vn -0.0340 0.9993 0.0168
vn 0.0623 0.9955 -0.0720
vn 0.0417 0.9882 0.1471
vn 0.0861 0.9902 0.1103
vn -0.0928 0.9918 -0.0884
vn -0.0180 0.9979 -0.0615
vn 0.0135 0.9999 -0.0013
vn -0.0351 0.9994 -0.0035
vn 0.1200 0.9925 0.0228
vn 0.0038 0.9976 0.0695
vn -0.1357 -0.9764 -0.1679
vn 0.0133 0.9999 0.0056
vn -0.0034 0.9993 -0.0379
vn -0.0252 0.9997 0.0058
vn -0.0460 0.9989 -0.0101
vn 0.0557 0.9979 -0.0324
vn -0.0089 0.9999 0.0122
vn -0.0092 0.9982 0.0584
vn -0.0610 0.9979 0.0201
vn 0.1786 0.9563 -0.2314
vn -0.0177 0.9998 -0.0055
vn 0.0014 1.0000 0.0053
vn -0.1606 0.9821 0.0987
vn 0.0427 0.9988 -0.0255
vn 0.0181 0.9997 -0.0171
vn -0.0431 0.9978 -0.0508
vn -0.2012 0.9712 -0.1277
vn 0.0729 0.9973 0.0057
vn 0.0292 0.9996 -0.0057
vn 0.0605 0.9968 0.0521
vn 0.0841 0.9817 0.1709
vn -0.0770 0.9967 0.0256
vn -0.0204 0.9965 0.0809
vn -0.0327 0.9988 0.0359
vn -0.0998 0.9588 0.2659
vn 0.0282 0.9920 -0.1227
vn -0.0085 1.0000 -0.0003
vn -0.0202 0.9996 0.0189
vn -0.0288 0.9996 -0.0037
vn 0.0050 0.9998 0.0179
vn 0.1019 0.9912 0.0844
vn -0.0311 0.9981 -0.0535
vn -0.0272 0.9989 0.0394
vn 0.0819 0.9961 0.0314
vn 0.0120 0.9999 -0.0103
vn 0.0193 0.9996 0.0202
vn -0.0263 0.9996 0.0139
vn 0.0153 0.9998 0.0092
vn 0.0094 0.9892 -0.1464
vn 0.1052 0.9929 -0.0552
vn -0.1928 0.9742 0.1174
vn 0.0445 0.9984 0.0362
vn -0.1264 0.9914 -0.0345
vn -0.1706 0.9602 -0.2213
vn -0.0667 0.9971 0.0359
vn 0.0459 0.9977 -0.0493
vn -0.0794 0.9968 0.0010
vn -0.0294 0.9984 0.0492
vn -0.0372 0.9991 0.0215
vn -0.0124 0.9951 0.0982
vn 0.0263 0.9996 -0.0048
vn 0.0054 0.9996 0.0282
vn 0.0553 0.9979 0.0346
vn -0.2276 0.9452 0.2340
vn 0.0621 0.9932 -0.0985
vn 0.0695 0.9976 0.0004
vn -0.0700 0.9975 -0.0082
vn -0.0143 0.9998 -0.0137
vn 0.0134 0.9999 -0.0033
vn -0.0366 0.9993 0.0045
vn -0.0875 0.9938 -0.0687
vn 0.0403 0.9991 -0.0113
vn 0.0431 0.9991 -0.0024
vn 0.0523 0.9980 -0.0354
vn -0.0379 0.9971 0.0662
vn -0.0116 0.9982 -0.0587
vn 0.0565 -0.9912 0.1198
vn 0.0108 0.9999 0.0061
vn 0.0275 0.9995 0.0136
vn -0.0192 0.9944 -0.1042
vn 0.0579 0.9979 -0.0307
vn -0.0289 0.9976 0.0628
vn 0.0201 0.9988 0.0451
vn -0.0000 0.9995 -0.0319
vn 0.0015 0.9996 -0.0294
vn 0.0303 0.9992 -0.0272
vn -0.0351 0.9988 -0.0340
vn -0.0661 0.9971 0.0371
vn -0.1039 0.9946 0.0065
vn 0.0748 0.9936 -0.0843
vn -0.0007 0.9999 0.0156
vn -0.0451 0.9968 -0.0660
vn 0.0362 0.9990 0.0270
vn -0.0767 0.9968 0.0219
vn 0.0159 0.9992 -0.0357
vn 0.0052 0.9999 -0.0089
vn 0.0180 0.9998 -0.0095
vn -0.0559 0.9949 0.0840
vn 0.0121 0.9999 -0.0123
vn -0.0231 0.9995 -0.0226
vn -0.0269 0.9995 0.0175
vn -0.0400 0.9923 -0.1175
vn 0.0389 0.9986 -0.0347
vn -0.0890 0.9926 0.0822
vn -0.0266 0.9954 -0.0917
vn -0.2331 -0.8944 -0.3817
vn -0.0252 0.9992 0.0311
vn -0.0162 0.9999 -0.0060
vn -0.0271 0.9996 -0.0052
vn 0.0146 0.9997 -0.0185
vn 0.0546 0.9981 0.0276
vn -0.1225 0.9922 0.0216
vn 0.0255 0.9997 -0.0050
vn 0.0526 0.9980 -0.0347
vn 0.0262 0.9979 0.0592
vn -0.0357 0.9994 0.0027
vn 0.0161 0.9980 -0.0604
vn 0.0699 0.9971 0.0312
vn -0.0003 1.0000 -0.0043
vn -0.0090 0.9983 -0.0578
vn -0.0637 0.9951 -0.0750
vn 0.0634 0.9978 0.0194
vn 0.0109 0.9977 0.0668
vn 0.0054 0.9998 0.0201
vn 0.0611 0.9973 -0.0396
vn -0.0241 0.9996 0.0166
vn -0.0096 0.9996 0.0261
vn -0.0938 0.9771 -0.1908
vn -0.0123 0.9988 0.0466
vn -0.0170 0.9998 0.0056
vn 0.0821 0.9961 0.0323
vn -0.1611 0.9864 -0.0327
vn -0.1291 0.9593 0.2514
vn 0.0443 0.9976 -0.0531
vn 0.0323 0.9992 -0.0238
vn -0.0275 0.9992 0.0284
vn 0.0431 0.9991 -0.0021
vn 0.0873 0.9849 0.1493
vn 0.0109 0.9999 0.0094
vn -0.1151 0.9929 -0.0305
vn 0.0197 0.9960 0.0877
vn -0.0154 0.9999 0.0062
vn 0.0046 1.0000 -0.0054
vn -0.2042 0.9695 -0.1354
vn 0.0314 0.9995 -0.0070
vn 0.0191 0.9998 0.0065
vn -0.0167 0.9999 -0.0003
vn 0.0269 0.9996 0.0073
vn 0.0138 0.9944 0.1048
vn -0.0056 0.9996 0.0261
vn 0.0209 0.9988 0.0439
vn -0.0298 0.9994 0.0193
vn 0.0063 0.9988 0.0495
vn -0.0344 0.9993 0.0111
vn 0.0509 0.9945 -0.0915
vn -0.0133 0.9984 -0.0550
vn -0.0181 0.9998 -0.0063
vn -0.8977 -0.1366 -0.4189
vn 0.0160 0.9998 -0.0154
vn -0.0217 0.9989 0.0419
vn 0.0234 0.9996 0.0133
vn -0.0335 0.9994 0.0057
vn 0.0202 0.9997 0.0117
vn -0.0529 0.9982 0.0283
vn 0.0279 0.9996 -0.0084
vn 0.0726 0.9973 0.0040
vn -0.0757 0.9970 -0.0164
vn 0.0893 0.9953 0.0368
vn 0.0278 0.9996 -0.0008
vn 0.0244 0.9982 0.0540
vn -0.0024 1.0000 -0.0040
vn -0.0750 0.9957 -0.0543
vn 0.0577 0.9982 -0.0159
vn -0.0476 0.9988 -0.0067
vn 0.0458 0.9989 -0.0085
vn 0.0624 0.9978 0.0234
vn -0.0839 0.9781 -0.1904
vn 0.0331 0.9981 0.0513
vn -0.0655 0.9978 -0.0138
vn 0.0547 0.9984 -0.0120
vn -0.0010 0.9986 -0.0533
vn 0.0031 0.9988 -0.0493
vn -0.0612 0.9981 0.0031
vn -0.0018 0.9996 -0.0282
vn -0.0422 0.9933 -0.1080
vn -0.0186 0.9995 -0.0248
vn 0.0553 0.9981 0.0271
vn 0.0585 0.9874 -0.1470
vn 0.0138 0.9998 -0.0122
vn -0.0129 0.9999 0.0049
vn -0.0323 0.9993 -0.0209
vn -0.0137 0.9998 0.0138
vn -0.0443 0.9982 -0.0405
vn -0.1485 0.9878 0.0472
vn 0.0497 0.9988 -0.0030
vn 0.0140 0.9999 -0.0085
vn -0.0148 0.9998 0.0113
vn 0.0047 1.0000 0.0088
vn -0.0167 0.9997 -0.0154
vn 0.0011 0.9996 -0.0281
vn 0.0135 0.9996 -0.0253
vn -0.1254 0.9916 0.0328
vn 0.1414 0.9625 -0.2314
vn -0.0282 0.9994 0.0197
vn -0.0056 0.9999 0.0127
vn -0.0713 0.9974 0.0114
vn 0.0195 0.9998 -0.0011
vn 0.0036 0.9948 -0.1019
vn -0.0360 0.9992 -0.0156
vn 0.0017 1.0000 -0.0071
vn -0.0098 0.9983 -0.0577
vn -0.0561 0.9979 0.0336
vn 0.0751 0.9948 -0.0687
vn 0.0261 0.9997 0.0010
vn 0.0335 0.9982 -0.0494
vn 0.0057 0.9998 -0.0178
vn 0.1546 0.9783 0.1383
vn -0.0937 0.9898 0.1077
vn 0.0071 0.9997 0.0251
vn -0.0377 0.9987 0.0338
vn 0.4816 -0.5580 0.6758
vn 0.0460 0.9915 -0.1218
vn 0.0210 0.9991 -0.0367
vn -0.0174 0.9983 -0.0559
vn 0.0275 0.9994 0.0223
vn 0.0017 1.0000 -0.0035
vn 0.0296 0.9985 -0.0461
vn 0.0224 0.9985 0.0498
vn -0.1166 0.9931 0.0102
vn 0.0700 0.9975 0.0013
vn -0.0593 0.9962 -0.0643
vn 0.0330 0.9993 -0.0169
vn 0.1102 0.9925 -0.0537
vn 0.0480 0.9962 0.0721
vn 0.0626 0.9972 -0.0405
vn -0.0425 0.9987 0.0274
vn 0.0057 0.9996 -0.0270
vn -0.0165 0.9995 -0.0284
vn -0.2110 0.9689 0.1295
vn -0.0075 0.9998 -0.0189
vn 0.0530 0.9933 0.1031
vn 0.0601 0.9954 -0.0753
vn 0.0226 0.9991 0.0345
vn -0.0564 0.9981 0.0261
vn -0.0493 0.9980 0.0393
vn 0.1086 0.9931 -0.0445
vn 0.1037 0.9916 0.0767
vn -0.0089 0.9989 -0.0460
vn 0.0423 0.9990 -0.0170
vn -0.0661 0.9978 -0.0047
vn 0.0147 0.9999 -0.0005
vn 0.0047 0.9998 0.0180
vn -0.0163 0.9998 0.0106
vn 0.0163 0.9997 0.0175
vn -0.0027 0.9963 0.0863
vn -0.0405 0.9992 -0.0049
vn 0.0508 0.9986 -0.0117
vn -0.0157 0.9996 -0.0225
vn -0.0309 0.9991 -0.0290
vn 0.0359 0.9992 -0.0167
vn -0.0103 0.9995 0.0293
vn -0.0023 1.0000 0.0056
vn 0.0123 0.9999 0.0028
vn -0.0829 0.9964 0.0151
vn -0.0019 0.9994 -0.0340
vn 0.0155 0.9999 0.0050
vn 0.0087 0.9998 0.0189
vn 0.0109 0.9997 0.0230
vn -0.0062 0.9997 -0.0231
vn -0.0934 0.9924 0.0806
vn -0.0021 0.9996 0.0280
vn 0.0219 0.9998 -0.0033
vn 0.0493 0.9984 0.0264
vn 0.0329 0.9952 -0.0919
vn -0.0065 0.9994 -0.0327
vn 0.0119 0.9996 -0.0239
vn -0.0325 0.9992 0.0215
vn 0.0130 0.9988 -0.0468
vn -0.0009 0.9985 -0.0547
vn -0.0365 0.9993 0.0097
vn -0.0346 0.9994 -0.0067
vn -0.0377 0.9987 0.0337
vn 0.1585 0.9867 -0.0360
vn -0.0514 0.9946 0.0903
vn -0.0063 0.9972 0.0748
vn -0.0377 0.9926 0.1151
vn 0.0114 0.9992 -0.0388
vn 0.0019 1.0000 -0.0045
vn -0.0839 0.9953 -0.0491
vn -0.0949 0.9802 -0.1741
vn 0.0017 0.9992 0.0394
vn 0.1215 0.9908 -0.0592
vn -0.0593 0.9962 0.0642
vn 0.0321 0.9995 0.0031
vn -0.0214 0.9994 -0.0260
vn 0.0060 0.9999 -0.0081
vn 0.0021 0.9989 -0.0464
vn -0.0066 0.9998 0.0208
vn 0.0528 0.9986 -0.0023
vn -0.3162 0.9211 -0.2270
vn 0.0154 0.9998 0.0088
vn -0.0136 0.9999 0.0098
vn 0.0439 0.9990 -0.0063
vn -0.0431 0.9990 -0.0123
vn -0.0023 1.0000 0.0066
vn -0.0547 0.9946 0.0885
vn 0.1477 0.9788 0.1422
vn 0.0080 0.9999 -0.0128
vn 0.0806 0.9965 0.0229
vn -0.1031 0.9758 0.1929
vn 0.0423 0.9990 -0.0172
vn -0.0484 0.9983 0.0326
vn 0.0038 0.9991 0.0412
vn -0.0030 0.9996 -0.0263
vn -0.0132 0.9999 -0.0069
vn 0.0120 0.9999 -0.0042
vn -0.0047 0.9999 0.0144
vn -0.0191 0.9994 -0.0285
vn 0.0563 0.9972 -0.0494
vn -0.0042 1.0000 0.0035
vn -0.0330 0.9994 0.0135
vn 0.0245 0.9995 0.0206
vn 0.0081 0.9998 -0.0167
vn 0.0310 0.9990 0.0318
vn -0.0007 1.0000 0.0058
vn 0.0404 0.9988 0.0286
vn 0.0015 0.9999 -0.0133
vn 0.0235 0.9995 -0.0222
vn -0.0139 0.9981 -0.0603
vn 0.0044 1.0000 -0.0023
vn -0.0089 0.9998 0.0151
vn -0.0017 0.9998 -0.0220
vn 0.0399 0.9992 -0.0005
vn 0.0221 0.9994 -0.0277
vn 0.0152 0.9977 -0.0658
vn -0.0875 -0.9884 0.1243
vn 0.0066 1.0000 -0.0060
vn -0.0015 0.9999 0.0125
vn 0.0109 0.9997 0.0238
vn 0.0209 0.9946 0.1020
vn -0.0751 0.9917 0.1042
vn -0.0237 0.9994 -0.0234
vn -0.0325 0.9995 -0.0034
vn 0.0729 0.9939 -0.0824
vn 0.0342 0.9984 0.0455
vn -0.0296 0.9992 -0.0287
vn 0.0321 0.9993 -0.0177
vn -0.0080 0.9978 -0.0653
vn -0.0054 0.9989 -0.0473
vn 0.0180 0.9997 -0.0143
vn 0.0298 0.9995 -0.0057
vn -0.0749 0.9968 0.0279
vn -0.0347 0.9991 -0.0236
vn 0.0647 0.9969 0.0437
vn -0.0213 0.9998 0.0017
vn 0.0787 0.9968 -0.0112
vn 0.1022 0.9789 0.1770
vn -0.0697 0.9972 -0.0278
vn 0.0869 0.9940 0.0669
vn -0.0863 0.9950 -0.0508
vn 0.0404 0.9989 0.0257
vn -0.0608 0.9968 0.0523
vn -0.0216 0.9995 -0.0221
vn 0.0182 0.9996 0.0215
vn 0.0305 0.9995 -0.0030
vn 0.1515 0.9845 0.0889
vn -0.0167 0.9992 -0.0368
vn -0.0141 0.9997 -0.0209
vn 0.0521 0.9986 0.0018
vn 0.0902 0.9868 0.1344
vn -0.0848 0.9963 -0.0165
vn 0.0406 0.9989 0.0235
vn 0.0674 0.9945 0.0800
vn -0.0173 0.9998 0.0141
vn -0.0188 0.9992 -0.0349
vn 0.1554 0.9815 0.1121
vn -0.0551 0.9900 -0.1302
vn 0.0468 0.9981 -0.0402
vn 0.0343 0.9961 -0.0808
vn 0.0285 0.9993 0.0248
vn 0.0250 0.9997 -0.0083
vn -0.0750 0.9972 0.0013
vn -0.0279 0.9992 0.0295
vn 0.0801 0.9967 -0.0142
vn -0.0482 0.9968 -0.0632
vn -0.0632 0.9894 -0.1310
vn 0.0014 0.9973 0.0738
vn -0.0313 0.9989 -0.0343
vn 0.0081 0.9998 0.0204
vn -0.0447 0.9975 0.0541
vn -0.1282 0.9716 0.1987
vn -0.0090 0.9989 0.0466
vn 0.0466 0.9976 -0.0510
vn 0.0061 1.0000 0.0003
vn 0.0319 0.9994 -0.0151
vn -0.0514 0.9932 0.1045
vn 0.0320 0.9981 0.0536
vn -0.0158 0.9998 -0.0108
vn 0.0325 0.9982 0.0498
vn -0.0015 1.0000 0.0047
vn 0.0203 0.9997 0.0098
vn -0.0031 0.9993 -0.0364
vn 0.0775 0.9968 0.0192
vn -0.0563 0.9975 0.0417
vn 0.0855 0.9953 -0.0464
vn 0.0798 0.9914 0.1037
vn 0.0366 0.9980 -0.0515
vn -0.0188 0.9998 -0.0011
vn 0.1265 0.9916 0.0250
vn -0.0379 0.9980 0.0511
vn -0.0088 0.9978 0.0660
vn 0.0773 0.9963 0.0383
vn -0.0115 0.9991 0.0415
vn -0.0050 0.9989 0.0471
vn -0.0507 0.9986 -0.0132
vn 0.0909 0.9941 -0.0593
vn -0.0109 0.9971 -0.0752
vn 0.0136 0.9997 0.0222
vn 0.0679 0.9967 -0.0449
vn -0.0771 0.9970 0.0010
vn -0.0450 0.9983 -0.0361
vn -0.0797 0.9936 0.0798
vn 0.1057 0.9887 -0.1062
vn -0.0406 0.9991 0.0083
vn 0.0106 0.9949 0.1004
vn 0.0583 0.9967 -0.0565
vn -0.0424 0.9991 0.0068
vn 0.0786 0.9950 -0.0611
vn -0.0733 0.9687 0.2370
vn 0.1523 0.9867 0.0567
vn -0.0031 0.9798 -0.2001
vn 0.0327 0.9977 -0.0601
vn -0.0870 0.9962 -0.0056
vn 0.0212 0.9991 -0.0377
vn 0.0097 0.9999 -0.0050
vn -0.0159 0.9998 -0.0078
vn -0.0191 0.9998 -0.0092
vn 0.1239 0.9882 -0.0899
vn -0.1377 0.9862 0.0922
vn -0.0187 0.9998 0.0083
vn -0.0780 0.9947 0.0674
vn 0.0137 0.9999 0.0002
vn 0.0221 0.9995 0.0244
vn -0.0598 0.9974 0.0414
vn -0.0038 1.0000 -0.0054
vn 0.1023 0.9931 -0.0580
vn -0.0394 0.9970 0.0669
vn 0.0247 0.9993 0.0292
vn 0.0481 0.9983 -0.0326
vn -0.0101 0.9986 0.0513
vn 0.0687 0.9976 0.0106
vn -0.0034 0.9986 -0.0537
vn -0.0890 0.9959 -0.0163
vn 0.0082 0.9962 -0.0865
vn -0.0090 0.9999 0.0141
vn 0.0055 0.9998 0.0202
vn -0.0302 0.9986 0.0445
vn 0.0460 0.9989 -0.0098
vn 0.0280 0.9983 -0.0513
vn -0.1151 0.9934 -0.0010
vn 0.0527 0.9973 -0.0515
vn -0.0178 0.9992 -0.0344
vn 0.0174 0.9992 0.0355
vn -0.0756 0.9965 0.0349
vn 0.1143 0.9772 -0.1790
vn 0.0129 0.9946 -0.1033
vn 0.0126 0.9999 -0.0087
vn 0.0292 0.9993 -0.0241
vn -0.1288 0.9846 0.1183
vn -0.0641 0.9960 -0.0622
vn 0.1908 0.9710 -0.1441
vn -0.0697 0.9975 0.0057
vn 0.0020 0.9976 0.0697
vn 0.0630 0.9884 -0.1381
vn -0.0378 0.9951 -0.0918
vn 0.0002 0.9993 0.0381
vn -0.0438 0.9980 0.0453
vn 0.1073 0.9942 -0.0003
vn -0.1559 0.9813 0.1127
vn -0.0860 0.9918 -0.0947
vn -0.0176 0.9997 0.0185
vn -0.0014 0.9988 0.0481
vn -0.1154 0.9911 -0.0660
vn 0.1010 0.9931 -0.0600
vn 0.0194 0.9975 0.0678
vn -0.0387 0.9992 0.0052
vn 0.0730 0.9964 -0.0440
vn -0.0143 0.9992 0.0365
vn -0.0676 0.9936 -0.0904
vn -0.0174 0.9998 -0.0029
vn -0.0268 0.9996 0.0108
vn -0.0148 0.9991 -0.0395
vn -0.0956 0.9939 0.0547
vn 0.0339 0.9994 0.0004
vn -0.0160 0.9971 0.0744
vn 0.0541 0.9985 0.0067
vn 0.0053 0.9998 -0.0177
vn -0.0549 0.9984 -0.0090
vn -0.1049 0.9941 0.0281
vn -0.0423 0.9934 -0.1065
vn 0.0070 1.0000 -0.0039
vn -0.0148 0.9992 0.0363
vn 0.0537 0.9985 -0.0126
vn -0.0058 0.9999 -0.0124
vn -0.0282 0.9992 -0.0285
vn -0.0494 0.9987 -0.0114
vn -0.1079 0.9862 0.1254
vn 0.0218 0.9979 0.0611
vn -0.0512 0.9973 0.0528
vn 0.0844 0.9951 0.0511
vn -0.0339 0.9989 -0.0316
vn 0.1395 0.9867 0.0841
vn 0.0482 0.9986 -0.0230
vn -0.0371 0.9813 0.1891
vn -0.0002 0.9991 0.0421
vn -0.0082 0.9998 0.0187
vn -0.0404 0.9981 -0.0458
vn -0.0089 0.9993 0.0360
vn 0.1502 0.9863 0.0676
vn 0.0495 0.9963 -0.0705
vn -0.0285 0.9990 0.0352
vn -0.0787 0.9968 -0.0135
vn 0.0649 0.9979 -0.0021
vn 0.0064 0.9960 0.0890
vn -0.0078 0.9995 -0.0297
vn 0.0985 0.9932 -0.0626
vn 0.0203 0.9989 0.0431
vn -0.0056 0.9990 0.0454
vn 0.0264 0.9996 -0.0035
vn 0.2198 0.9564 0.1923
vn 0.0745 0.9971 0.0168
vn -0.1320 0.9894 0.0602
vn -0.0010 0.9993 -0.0361
vn -0.0668 0.9978 0.0008
vn 0.1213 0.9844 -0.1272
vn 0.0714 0.9951 0.0686
vn -0.0073 0.9937 0.1121
vn -0.0690 0.9968 -0.0408
vn 0.0153 0.9995 -0.0265
vn -0.0277 0.9977 -0.0621
vn -0.0095 0.9999 -0.0042
vn 0.0246 0.9977 0.0635
vn 0.0130 0.9999 -0.0001
vn 0.1121 0.9937 -0.0063
vn -0.0569 0.9791 0.1950
vn -0.0341 0.9986 -0.0410
vn -0.0004 0.9968 -0.0803
vn 0.0213 0.9990 -0.0397
vn -0.0440 0.9973 -0.0588
vn 0.0714 0.9970 -0.0296
vn -0.0700 0.9964 0.0482
vn -0.0895 0.9915 -0.0942
vn 0.0258 0.9997 0.0056
vn -0.0153 0.9986 -0.0499
vn -0.0644 0.9979 -0.0051
vn 0.0045 0.9995 -0.0325
vn -0.0045 0.9990 -0.0449
vn 0.0543 0.9985 0.0065
vn 0.0109 0.9999 0.0059
vn -0.0536 0.9970 0.0556
vn 0.0098 0.9993 0.0369
vn 0.0173 0.9997 0.0154
vn -0.0447 0.9989 -0.0102
vn 0.0452 0.9888 -0.1423
vn -0.0716 0.9940 -0.0830
vn 0.0248 0.9993 0.0293
vn -0.0761 0.9953 0.0593
vn -0.0203 0.9997 -0.0124
vn 0.0465 0.9985 -0.0281
vn 0.0923 0.9907 -0.0998
vn -0.0001 0.9993 0.0381
vn 0.1810 0.9834 0.0108
vn -0.0438 0.9990 -0.0094
vn 0.0037 0.9984 -0.0570
vn -0.0303 0.9994 -0.0150
vn -0.0457 0.9983 -0.0351
vn 0.0015 0.9991 -0.0416
vn 0.0021 0.9990 -0.0444
vn -0.0943 0.9949 0.0356
vn -0.0602 0.9875 -0.1454
vn 0.0219 0.9997 0.0139
vn -0.0088 0.9992 0.0391
vn 0.0756 0.9963 0.0416
vn -0.0593 0.9960 0.0666
vn -0.0544 0.9977 -0.0413
vn 0.0419 0.9907 -0.1298
vn -0.0095 0.9992 -0.0384
vn 0.0749 0.9960 0.0490
vn 0.0113 0.9997 -0.0194
vn 0.0209 0.9998 0.0015
vn -0.0173 0.9992 -0.0350
vn -0.0228 0.9987 -0.0446
vn -0.0828 0.9926 -0.0890
vn 0.0226 0.9994 0.0266
vn 0.0024 1.0000 -0.0020
vn -0.0014 1.0000 -0.0025
vn -0.0045 1.0000 0.0072
vn 0.0206 0.9995 -0.0224
vn -0.0187 0.9998 0.0020
vn -0.0854 0.9928 -0.0834
vn -0.0976 0.9758 -0.1956
vn 0.0024 0.9983 0.0575
vn -0.0050 0.9999 -0.0103
vn 0.0091 0.9995 0.0295
vn -0.1539 0.9770 -0.1477
vn -0.0134 0.9996 -0.0231
vn -0.0266 0.9993 -0.0260
vn -0.0005 0.9999 0.0172
vn -0.0210 0.9990 -0.0407
vn 0.0918 0.9954 -0.0283
vn 0.0325 0.9944 0.1008
vn -0.0064 0.9994 -0.0349
vn 0.1043 0.9936 -0.0445
vn -0.0581 0.9975 0.0407
vn 0.0259 0.9993 -0.0265
vn -0.0118 0.9997 0.0220
vn -0.0172 0.9998 0.0111
vn -0.0481 0.9981 -0.0386
vn -0.0105 0.9995 0.0288
vn 0.0450 0.9987 -0.0244
vn -0.0401 0.9991 -0.0144
vn -0.2067 0.9586 -0.1959
vn 0.0124 0.9998 -0.0170
vn 0.0148 0.9995 0.0270
vn -0.0034 1.0000 0.0014
vn 0.0777 0.9957 0.0510
vn 0.0299 0.9986 0.0430
vn 0.0595 0.9965 -0.0581
vn -0.0958 0.9940 -0.0535
vn -0.0186 0.9997 0.0136
vn 0.0487 0.9982 -0.0337
vn -0.0434 0.9981 -0.0443
vn 0.0058 0.9983 -0.0577
vn 0.1874 0.9773 -0.0984
vn -0.0492 0.9988 0.0080
vn 0.0121 0.9999 0.0019
vn 0.0104 0.9936 0.1120
vn -0.0877 0.9953 0.0412
vn 0.0017 1.0000 -0.0088
vn 0.0014 1.0000 -0.0091
vn 0.0098 0.9999 -0.0092
vn -0.0401 0.9991 -0.0157
vn 0.0355 0.9977 -0.0573
vn -0.1239 0.9923 -0.0037
vn -0.0021 0.9984 -0.0564
vn -0.0118 0.9999 -0.0024
vn -0.0800 0.9963 0.0303
vn 0.0192 0.9977 0.0643
vn -0.0182 0.9998 0.0036
vn 0.0676 0.9962 -0.0557
vn 0.0451 0.9984 0.0338
vn -0.0433 0.9990 -0.0138
vn 0.0212 0.9994 0.0283
vn -0.0438 0.9970 0.0634
vn -0.0647 0.9951 0.0753
vn 0.0560 0.9965 -0.0618
vn -0.0300 0.9969 0.0734
vn 0.1381 0.9857 0.0964
vn 0.0026 0.9999 -0.0097
vn 0.0179 0.9998 0.0096
vn -0.0037 1.0000 0.0072
vn -0.0247 0.9996 0.0140
vn 0.0315 0.9995 0.0056
vn 0.0079 0.9994 -0.0336
vn -0.0651 0.9978 -0.0091
vn 0.0955 0.9940 -0.0536
vn 0.0545 0.9973 0.0499
vn -0.0110 0.9998 -0.0192
vn -0.0305 0.9995 -0.0016
vn 0.0453 0.9981 -0.0411
vn 0.0087 0.9998 0.0156
vn -0.0316 0.9995 0.0074
vn 0.0034 0.9997 -0.0235
vn -0.0338 0.9993 0.0160
vn -0.0179 0.9995 0.0271
vn -0.0119 0.9983 0.0563
vn 0.0327 0.9995 0.0046
vn -0.0215 0.9997 -0.0113
vn 0.0454 0.9984 -0.0343
vn -0.0758 0.9931 0.0893
vn -0.0264 0.9996 0.0015
vn 0.0053 1.0000 -0.0036
vn 0.0527 0.9979 0.0364
vn -0.1055 0.9937 0.0378
vn -0.0825 0.9902 -0.1129
vn -0.0268 0.9989 -0.0388
vn -0.0388 0.9988 0.0314
vn 0.0771 0.9942 -0.0755
vn -0.0440 0.9989 -0.0163
vn 0.0245 0.9986 0.0469
vn 0.1116 0.9606 0.2544
vn 0.0481 0.9977 0.0476
vn 0.0405 0.9989 -0.0225
vn -0.0332 0.9972 0.0665
vn 0.0028 0.9999 -0.0152
vn 0.0079 0.9998 0.0189
vn -0.0142 0.9991 0.0394
vn 0.0402 0.9981 0.0457
vn 0.0570 0.9969 -0.0544
vn -0.0460 0.9931 -0.1075
vn 0.0027 1.0000 -0.0040
vn -0.1316 0.9878 -0.0831
vn 0.0673 0.9966 0.0474
vn 0.0922 0.9954 -0.0243
vn -0.0696 0.9966 -0.0450
vn 0.0041 1.0000 0.0035
vn 0.0125 0.9999 -0.0062
vn -0.0115 0.9999 -0.0051
vn -0.0785 0.9952 0.0588
vn -0.0388 0.9926 -0.1150
vn 0.0349 0.9984 0.0434
vn -0.0262 0.9989 -0.0384
vn -0.0228 0.9988 -0.0430
vn -0.0697 0.9953 0.0674
vn 0.0021 0.9999 0.0137
vn 0.0068 1.0000 -0.0001
vn 0.0219 0.9981 -0.0584
vn -0.1172 0.9926 -0.0327
vn -0.0437 0.9796 -0.1960
vn 0.0207 0.9996 -0.0169
vn -0.0491 0.9988 -0.0092
vn 0.0076 0.9979 0.0640
vn 0.0777 0.9963 0.0359
vn -0.0221 0.9998 0.0032
vn 0.1674 0.9758 0.1407
vn -0.0597 0.9968 0.0535
vn 0.0465 0.9988 0.0136
vn -0.0698 0.9945 -0.0775
vn -0.0645 0.9979 -0.0086
vn -0.0539 0.9940 0.0950
vn 0.0011 0.9950 -0.0998
vn 0.0145 0.9995 0.0277
vn 0.0141 0.9999 -0.0047
vn -0.0014 0.9999 -0.0118
vn -0.0199 0.9998 0.0005
vn -0.0331 0.9993 0.0189
vn -0.0150 0.9998 0.0089
vn 0.0075 1.0000 0.0056
vn 0.0431 0.9968 0.0670
vn 0.0141 0.9993 0.0355
vn -0.1038 0.9910 0.0850
vn 0.0047 0.9999 0.0140
vn -0.0204 0.9994 0.0266
vn -0.1368 0.9879 -0.0725
vn 0.0498 0.9972 0.0563
vn -0.0846 0.9963 -0.0142
vn -0.0219 0.9988 0.0443
vn 0.0614 0.9981 0.0105
vn 0.0233 0.9940 -0.1071
vn 0.0541 0.9985 -0.0001
vn -0.0284 0.9992 0.0298
vn -0.0852 0.9919 0.0939
vn 0.0340 0.9968 -0.0727
vn -0.0303 0.9982 -0.0517
vn -0.0098 0.9998 0.0189
vn 0.0232 0.9981 -0.0564
vn -0.0268 0.9996 0.0062
vn 0.0270 0.9980 -0.0568
vn -0.0193 0.9995 -0.0242
vn 0.0038 0.9981 -0.0609
vn -0.0315 0.9995 -0.0064
vn 0.0128 0.9989 0.0444
vn -0.0124 0.9992 0.0373
vn -0.0606 0.9977 -0.0290
vn 0.0459 0.9985 -0.0310
vn 0.0951 0.9947 -0.0395
vn -0.0487 0.9961 0.0741
vn 0.0070 0.9989 -0.0460
vn -0.0282 0.9995 0.0129
vn 0.0755 0.9935 0.0854
vn 0.0210 0.9997 -0.0149
vn 0.0085 0.9998 0.0179
vn 0.0723 0.9960 -0.0526
vn -0.0164 0.9998 0.0077
vn 0.0867 0.9960 0.0215
vn -0.0545 0.9980 -0.0313
vn 0.0275 0.9995 0.0122
vn -0.0044 1.0000 -0.0029
vn 0.0094 1.0000 0.0013
vn 0.1133 0.9932 0.0271
vn -0.0458 0.9982 0.0381
vn 0.0197 0.9996 -0.0188
vn -0.0794 0.9959 -0.0424
vn 0.0421 0.9991 -0.0030
vn 0.0185 0.9995 -0.0261
vn -0.0461 0.9989 -0.0107
vn -0.0065 0.9981 -0.0617
vn -0.0260 0.9996 -0.0055
vn 0.0438 0.9953 -0.0867
vn -0.1334 0.9884 0.0730
vn -0.0680 0.9974 -0.0238
vn 0.0139 0.9964 -0.0833
vn 0.1926 0.9514 0.2403
vn 0.0015 1.0000 -0.0082
vn 0.0131 0.9990 -0.0425
vn -0.0181 0.9998 0.0009
vn -0.0030 0.9987 0.0518
vn 0.0682 0.9957 -0.0634
vn -0.0348 0.9988 -0.0348
vn -0.0121 0.9979 -0.0639
vn 0.0110 0.9981 -0.0604
vn 0.0819 0.9927 0.0891
vn -0.0634 0.9973 -0.0376
vn -0.0042 1.0000 -0.0083
vn -0.0382 0.9987 -0.0346
vn -0.1105 0.9939 -0.0050
vn 0.1169 0.9931 0.0040
vn -0.0495 0.9907 0.1265
vn -0.0346 0.9983 0.0461
vn 0.0160 0.9998 -0.0148
vn 0.0397 0.9989 0.0237
vn -0.0129 0.9997 -0.0209
vn -0.0981 0.9911 -0.0896
vn 0.0220 0.9987 -0.0463
vn -0.0574 0.9983 0.0038
vn 0.0634 0.9973 0.0375
vn -0.0070 0.9985 -0.0540
vn 0.0224 0.9980 -0.0592
vn -0.0182 0.9998 0.0041
vn -0.0167 0.9996 0.0206
vn 0.0015 0.9994 -0.0337
vn 0.0002 0.9999 0.0105
vn -0.0315 0.9995 -0.0085
vn 0.0933 0.9924 0.0807
vn -0.0330 0.9994 -0.0090
vn -0.0856 0.9866 0.1388
vn 0.0346 0.9993 0.0170
vn -0.0461 0.9972 -0.0582
vn 0.0589 0.9977 -0.0336
vn -0.0431 0.9990 -0.0065
vn 0.0328 0.9872 -0.1562
vn 0.1291 0.9903 0.0506
vn -0.0198 0.9998 -0.0027
vn 0.0626 0.9980 -0.0119
vn 0.0070 0.9928 -0.1192
vn -0.1218 0.9910 -0.0546
vn 0.0981 0.9940 0.0476
vn -0.0524 0.9978 -0.0405
vn 0.0316 0.9972 -0.0678
vn -0.0112 0.9998 -0.0153
vn 0.0184 0.9997 -0.0145
vn 0.0729 0.9973 -0.0016
vn -0.0271 0.9992 -0.0304
vn 0.1711 0.9828 0.0692
vn -0.0782 0.9956 -0.0524
vn 0.0412 0.9983 -0.0412
vn 0.0210 0.9982 0.0567
vn -0.0015 0.9999 -0.0163
vn -0.0074 0.9996 0.0261
vn -0.0319 0.9993 -0.0184
vn -0.0297 0.9984 0.0491
vn 0.0963 0.9916 -0.0866
vn -0.0276 0.9996 0.0008
vn -0.0136 0.9999 -0.0004
vn 0.0203 0.9997 -0.0099
vn 0.0456 0.9989 -0.0070
vn 0.0805 0.9960 0.0388
vn -0.0779 0.9964 -0.0322
vn 0.1144 0.9895 -0.0881
vn 0.0178 0.9996 0.0215
vn -0.1026 0.9945 -0.0189
vn -0.0978 0.9790 0.1788
vn -0.0145 0.9999 -0.0077
vn -0.0074 1.0000 -0.0056
vn -0.0267 0.9991 0.0324
vn -0.0295 0.9994 -0.0153
vn -0.0174 0.9996 0.0213
vn -0.0308 0.9979 -0.0564
vn 0.0357 0.9989 -0.0288
vn -0.0268 0.9973 -0.0685
vn 0.0030 0.9972 -0.0751
vn 0.0151 0.9995 -0.0285
vn -0.0369 0.9993 -0.0090
vn 0.0445 0.9954 0.0848
vn -0.0128 0.9988 0.0476
vn -0.2436 0.9641 -0.1058
vn -0.0536 0.9969 0.0570
vn 0.0669 0.9972 -0.0329
vn 0.0118 0.9985 0.0528
vn -0.0378 0.9988 0.0315
vn -0.0272 0.9992 -0.0277
vn 0.0241 0.9987 -0.0456
vn -0.0326 0.9995 0.0036
vn 0.0191 0.9997 0.0171
vn 0.0002 0.9998 0.0181
vn 0.0628 0.9971 -0.0421
vn -0.1384 0.9818 -0.1296
vn 0.0006 0.9983 -0.0591
vn 0.0002 1.0000 0.0041
vn 0.0884 0.9958 0.0252
vn 0.0124 0.9998 -0.0174
vn 0.0435 0.9983 0.0392
vn -0.0938 0.9926 0.0766
vn 0.1040 0.9941 -0.0299
vn 0.0161 0.9994 -0.0292
vn 0.0154 0.9992 0.0366
vn -0.0041 0.9993 0.0362
vn 0.0496 0.9953 0.0829
vn 0.0690 0.9974 -0.0205
vn 0.0003 0.9983 0.0591
vn 0.0013 0.9999 0.0132
vn -0.0084 1.0000 0.0002
vn -0.0123 0.9996 0.0270
vn 0.0216 0.9996 0.0183
vn -0.0252 0.9987 0.0454
vn 0.1273 0.9912 -0.0354
vn -0.0979 0.9932 0.0629
vn -0.0516 0.9975 0.0473
vn 0.1013 0.9889 -0.1087
vn 0.1199 0.9885 0.0924
vn 0.0571 0.9981 -0.0248
vn -0.0364 0.9990 -0.0258
vn 0.0137 0.9997 -0.0187
vn 0.0153 0.9988 -0.0469
vn 0.0578 0.9970 0.0519
vn -0.0174 0.9996 0.0207
vn 0.0133 0.9999 -0.0005
vn 0.0015 1.0000 0.0029
vn 0.1275 0.9905 0.0516
vn -0.0692 0.9968 -0.0406
vn -0.0235 0.9977 -0.0634
vn 0.0114 0.9996 -0.0261
vn -0.0972 0.9949 0.0253
vn 0.0280 0.9962 -0.0828
vn -0.0543 -0.9976 0.0429
vn -0.0112 0.9998 -0.0135
vn 0.0249 0.9996 -0.0156
vn -0.1417 0.9849 -0.0995
vn 0.0016 0.9999 -0.0163
vn -0.0332 0.9994 0.0013
vn -0.0184 0.9968 0.0773
vn 0.0135 0.9999 -0.0018
vn 0.0065 0.9998 -0.0194
vn -0.0270 0.9988 0.0407
vn -0.0003 0.9992 0.0402
vn 0.0394 0.9992 -0.0071
vn 0.0966 0.9952 -0.0129
vn -0.0015 0.9962 0.0874
vn 0.0833 0.9878 -0.1318
vn -0.0190 0.9825 0.1852
vn 0.0293 0.9991 0.0307
vn -0.0258 0.9996 0.0075
vn 0.0338 0.9909 0.1301
vn 0.0338 0.9994 -0.0108
vn -0.0338 0.9994 -0.0106
vn 0.0215 0.9995 -0.0252
vn -0.0004 0.9988 -0.0489
vn 0.0481 0.9988 -0.0008
vn 0.0168 0.9992 0.0370
vn -0.0256 0.9996 -0.0112
vn -0.0086 0.9999 -0.0123
vn 0.0790 0.9968 -0.0146
vn 0.0131 0.9962 0.0863
vn 0.0119 0.9999 -0.0071
vn -0.1562 0.9877 -0.0107
vn -0.0145 0.9997 -0.0172
vn 0.1947 0.9752 0.1050
vn 0.0117 0.9995 -0.0296
vn -0.0767 0.9966 0.0304
vn 0.0174 0.9984 -0.0533
vn 0.0133 0.9990 -0.0416
vn -0.0013 0.9998 0.0188
vn -0.0006 0.9996 0.0278
vn -0.0339 0.9991 -0.0254
vn 0.0002 0.9998 -0.0220
vn 0.0083 0.9981 0.0612
vn 0.0009 0.9999 -0.0127
vn 0.0113 0.9994 -0.0319
vn -0.0575 0.9977 -0.0369
vn 0.0646 0.9970 -0.0415
vn -0.0254 0.9997 0.0072
vn 0.0193 0.9997 -0.0144
vn 0.0494 0.9986 0.0173
vn -0.0643 0.9978 0.0188
vn -0.0645 0.9979 -0.0116
vn -0.0939 0.9920 0.0839
vn 0.0828 0.9965 -0.0144
vn -0.0029 0.9989 -0.0478
vn 0.0017 0.9993 -0.0364
vn 0.0015 0.9998 -0.0205
vn 0.2235 0.9745 0.0219
vn -0.0117 0.9991 0.0405
vn -0.0301 0.9995 0.0092
vn -0.0519 0.9985 0.0192
vn -0.0136 0.9971 -0.0747
vn -0.0342 0.9987 0.0387
vn -0.0045 1.0000 0.0055
vn 0.0015 1.0000 0.0045
vn 0.0266 0.9996 0.0008
vn -0.0956 0.9931 0.0673
vn -0.0361 0.9992 -0.0196
vn -0.7470 0.1985 0.6345
vn 0.0776 0.9942 0.0747
vn 0.0398 0.9986 0.0343
vn -0.0230 0.9997 0.0010
vn -0.0362 0.9993 -0.0092
vn 0.0197 0.9996 -0.0218
vn 0.0502 0.9965 -0.0667
vn -0.0126 0.9998 0.0122
vn -0.0158 0.9996 -0.0236
vn -0.0399 0.9992 -0.0030
vn -0.0172 0.9992 -0.0361
vn 0.0405 0.9984 -0.0385
vn -0.0198 0.9977 0.0644
vn 0.0307 0.9977 0.0603
vn 0.0336 0.9994 -0.0011
vn -0.1452 0.9821 -0.1201
vn 0.0414 0.9991 0.0037
vn -0.0207 0.9984 0.0534
vn 0.0128 0.9997 0.0220
vn 0.0527 0.9976 0.0442
vn -0.0269 0.9996 0.0002
vn 0.0187 0.9997 -0.0164
vn 0.0273 0.9988 0.0396
vn 0.1223 0.9923 -0.0189
vn -0.0045 0.9975 -0.0703
vn -0.1567 0.9876 -0.0067
vn -0.0056 0.9981 -0.0607
vn 0.0989 0.9935 -0.0563
vn 0.1253 0.8967 0.4245
vn -0.1212 0.9923 0.0256
vn 0.0416 0.9976 0.0559
vn -0.0022 0.9998 0.0201
vn -0.0190 0.9998 0.0037
vn -0.0003 1.0000 -0.0079
vn 0.0399 0.9987 0.0327
vn 0.0035 0.9998 -0.0195
vn 0.0917 0.9944 -0.0534
vn -0.0314 0.9994 0.0165
vn 0.0557 0.9965 0.0630
vn -0.0213 0.9855 0.1684
vn 0.0035 0.9999 -0.0127
vn 0.0324 0.9995 -0.0049
vn -0.0253 0.9984 -0.0508
vn -0.0777 0.9970 0.0027
vn 0.1393 0.9891 0.0468
vn -0.0660 0.9978 -0.0067
vn 0.0065 0.9988 -0.0494
vn 0.1471 0.9719 -0.1839
vn -0.0008 0.9999 0.0121
vn 0.1786 0.9770 0.1161
vn -0.1230 0.9922 -0.0196
vn -0.0131 0.9948 -0.1011
vn -0.0140 0.9994 0.0328
vn -0.0587 0.9951 0.0800
vn 0.1135 0.9925 0.0447
vn -0.1534 0.9856 -0.0712
vn -0.0003 0.9942 0.1078
vn -0.0089 0.9986 -0.0515
vn -0.0023 1.0000 -0.0013
vn -0.0128 0.9997 -0.0220
vn 0.0981 0.9888 -0.1127
vn -0.0029 0.9998 0.0196
vn -0.0295 0.9996 -0.0056
vn 0.0553 0.9947 -0.0864
vn 0.0817 0.9967 -0.0013
vn -0.1952 0.9800 -0.0378
vn -0.0192 0.9984 0.0524
vn 0.0564 0.9983 0.0138
vn 0.0241 0.9991 0.0349
vn -0.0233 0.9994 -0.0238
vn 0.0281 0.9996 -0.0016
vn -0.0588 0.9972 -0.0462
vn -0.0353 0.9994 0.0065
vn -0.0788 0.9963 0.0346
vn -0.0929 0.9871 -0.1302
vn 0.0666 0.9926 -0.1013
vn 0.0678 0.9969 -0.0390
vn -0.1005 0.9925 0.0702
vn -0.0278 0.9993 0.0236
vn -0.0148 0.9978 0.0651
vn 0.0706 0.9972 -0.0237
vn 0.0165 0.9998 -0.0076
vn -0.0048 0.9998 0.0169
vn -0.1217 0.9913 0.0498
vn 0.0193 0.9998 -0.0059
vn 0.0348 0.9993 0.0132
vn -0.0222 0.9996 0.0183
vn -0.0114 0.9988 -0.0469
vn -0.0003 0.9987 -0.0509
vn -0.0300 0.9990 -0.0319
vn 0.0284 0.9985 -0.0468
vn -0.1280 0.9918 0.0013
vn 0.0857 0.9945 0.0603
vn 0.0097 0.9993 -0.0369
vn -0.0058 0.9999 0.0086
vn -0.0002 0.9993 0.0383
vn -0.0340 0.9956 -0.0874
vn 0.0028 0.9999 -0.0150
vn -0.0532 0.9957 0.0755
vn 0.1047 0.9931 0.0536
vn -0.0473 0.9985 -0.0272
vn 0.1282 0.9858 -0.1089
vn 0.0195 0.9983 0.0546
vn -0.0238 0.9990 -0.0383
vn -0.0052 0.9997 0.0220
vn -0.1048 0.9917 0.0747
vn -0.0286 0.9993 -0.0248
vn 0.0613 0.9791 0.1937
vn -0.0523 0.9986 -0.0032
vn 0.0210 0.9943 0.1047
vn -0.0506 0.9986 -0.0178
vn 0.1176 0.9929 -0.0186
vn 0.0254 0.9911 0.1310
vn -0.1276 0.9865 0.1029
vn -0.0002 0.9997 0.0234
vn 0.0258 0.9995 0.0179
vn 0.3719 -0.2226 -0.9012
vn -0.2204 0.9651 0.1415
vn -0.0171 0.9967 -0.0795
vn 0.0691 0.9957 0.0623
vn -0.0488 0.9979 -0.0420
vn 0.0380 0.9989 0.0280
vn -0.0313 0.9994 0.0164
vn -0.0278 0.9996 0.0080
vn 0.0082 0.9993 0.0374
vn 0.0124 0.9999 -0.0040
vn -0.0160 0.9996 0.0253
vn -0.2297 0.9726 0.0366
vn -0.0457 0.9970 -0.0619
vn 0.0353 0.9985 -0.0428
vn 0.0209 0.9998 0.0007
vn -0.0228 0.9984 0.0520
vn -0.0091 0.9980 -0.0621
vn -0.0408 0.9991 -0.0061
vn -0.0354 0.9993 0.0081
vn 0.0555 0.9982 -0.0222
vn -0.0234 0.9997 0.0104
vn 0.0724 0.9970 -0.0281
vn 0.0061 0.9999 0.0148
vn -0.0584 0.9978 0.0327
vn -0.0262 0.9996 0.0108
vn -0.0735 0.9952 -0.0650
vn -0.1070 0.9912 0.0776
vn -0.0004 0.9983 -0.0575
vn -0.0162 0.9996 -0.0253
vn -0.0130 0.9997 -0.0214
vn 0.0034 1.0000 0.0033
vn 0.0346 0.9994 0.0056
vn -0.0113 0.9999 0.0024
vn 0.0143 0.9991 0.0401
vn 0.0043 0.9995 0.0315
vn 0.1474 0.9812 0.1245
vn -0.0078 0.9987 -0.0507
vn -0.0939 0.9954 -0.0168
vn -0.0091 0.9977 -0.0673
vn 0.0026 0.9997 0.0255
vn -0.0171 0.9998 0.0093
vn -0.0336 0.9992 0.0221
vn 0.0032 0.9956 0.0933
vn -0.0554 0.9974 0.0455
vn -0.0223 0.9977 -0.0636
vn -0.0884 0.9765 -0.1967
vn -0.0642 0.9974 0.0329
vn 0.0219 0.9977 0.0646
vn 0.2170 0.9754 -0.0375
vn -0.0154 0.9999 0.0077
vn -0.0113 0.9989 -0.0461
vn -0.0083 0.9999 0.0151
vn -0.0296 0.9996 0.0030
vn -0.0075 0.9998 -0.0173
vn 0.1005 0.9947 0.0213
vn 0.0444 0.9927 -0.1126
vn -0.0478 0.9986 -0.0206
vn 0.0528 0.9968 -0.0603
vn 0.0132 0.9974 -0.0703
vn -0.0005 1.0000 0.0035
vn -0.0092 1.0000 -0.0003
vn 0.0378 0.9993 0.0025
vn -0.0393 0.9992 0.0078
vn 0.0587 0.9981 -0.0207
vn 0.1257 0.9880 0.0903
vn -0.0163 0.9998 -0.0115
vn -0.0041 0.9975 0.0703
vn -0.0281 0.9994 -0.0222
vn 0.0436 0.9987 0.0275
vn -0.0116 0.9997 -0.0227
vn 0.0158 0.9997 -0.0175
vn -0.0183 0.9996 0.0222
vn 0.0457 0.9988 0.0181
vn 0.0887 0.9909 -0.1009
vn -0.0497 0.9982 0.0336
vn 0.0068 1.0000 0.0056
vn -0.0191 0.9998 0.0036
vn 0.0466 0.9981 -0.0403
vn 0.1108 0.9914 0.0689
vn -0.0560 0.9984 0.0053
vn -0.0336 0.9991 -0.0261
vn -0.0415 0.9982 -0.0427
vn -0.0289 0.9953 0.0929
vn -0.0523 0.9986 -0.0034
vn 0.0033 0.9946 0.1037
vn -0.0394 0.9991 0.0137
vn 0.0746 0.9964 -0.0392
vn -0.0689 0.9975 -0.0151
vn 0.0104 0.9975 -0.0698
vn -0.1714 0.9752 0.1399
vn -0.0161 0.9997 -0.0201
vn -0.0030 0.9999 0.0160
vn 0.0321 0.9995 0.0081
vn 0.0116 0.9996 -0.0245
vn -0.0864 0.9961 0.0198
vn 0.0263 0.9987 0.0431
vn 0.0021 0.9940 -0.1092
vn -0.0180 0.9993 -0.0342
vn -0.0484 0.9962 0.0725
vn 0.0460 0.9973 0.0577
vn -0.0095 0.9996 -0.0282
vn -0.0118 0.9995 -0.0286
vn -0.0301 0.9995 -0.0080
vn -0.1240 0.9894 -0.0762
vn 0.0943 0.9882 -0.1209
vn 0.0470 0.9978 0.0466
vn -0.1195 0.9872 0.1054
vn 0.0201 0.9989 0.0417
vn 0.0381 0.9993 0.0052
vn -0.0847 0.9823 -0.1670
vn 0.0637 0.9944 -0.0846
vn -0.0219 0.9994 -0.0277
vn -0.0012 0.9991 0.0428
vn 0.0207 0.9958 -0.0892
vn -0.0122 0.9999 -0.0053
vn 0.3342 0.9389 0.0827
vn 0.1510 0.9655 -0.2120
vn -0.1489 0.9747 0.1668
vn -0.0024 0.9971 0.0759
vn -0.0074 0.9962 0.0871
vn -0.0082 0.9999 0.0143
vn 0.0025 1.0000 -0.0055
vn -0.1068 0.9942 0.0109
vn -0.0073 0.9958 0.0908
vn 0.0351 0.9994 -0.0039
vn -0.1494 0.9812 -0.1220
vn 0.0357 0.9992 -0.0170
vn -0.0277 0.9993 0.0270
vn -0.0125 0.9946 0.1033
vn -0.1899 0.9795 -0.0664
vn 0.1112 0.9676 -0.2267
vn -0.0194 0.9947 0.1010
vn -0.2224 0.9508 -0.2157
vn -0.0125 0.9999 0.0063
vn 0.0131 0.9998 -0.0160
vn 0.0056 1.0000 -0.0023
vn -0.0159 0.9999 -0.0063
vn 0.0234 0.9983 -0.0542
vn -0.1361 0.9848 -0.1081
vn -0.0950 0.9938 0.0579
vn 0.1294 0.9880 -0.0841
vn -0.0342 0.9993 0.0150
vn -0.0172 0.9998 -0.0119
vn 0.0178 0.9998 -0.0054
vn 0.0318 0.9957 -0.0873
vn -0.0496 0.9985 -0.0244
vn 0.0350 0.9975 -0.0611
vn -0.0103 0.9992 -0.0395
vn 0.1089 0.9934 -0.0360
vn -0.0262 0.9988 0.0415
vn 0.0032 1.0000 0.0050
vn 0.0384 0.9989 0.0264
vn -0.0668 0.9961 0.0577
vn 0.0205 0.9995 0.0260
vn 0.0319 0.9995 0.0015
vn -0.0506 0.9980 -0.0367
vn 0.0328 0.9992 0.0228
vn 0.1359 0.9899 -0.0412
vn -0.0422 0.9977 0.0523
vn -0.0096 0.9996 -0.0250
vn 0.0033 0.9988 -0.0495
vn 0.1609 0.9742 -0.1585
vn -0.0144 0.9991 -0.0406
vn -0.3323 0.8137 0.4770
vn 0.0131 0.9998 0.0132
vn -0.0874 0.9962 0.0040
vn -0.0104 0.9999 -0.0051
vn 0.0050 0.9969 -0.0789
vn -0.0661 0.9961 -0.0580
vn 0.0255 0.9995 -0.0200
vn 0.0385 0.9993 0.0041
vn 0.0334 0.9991 0.0256
vn -0.0127 0.9995 0.0301
vn -0.0484 0.9929 0.1086
vn -0.0042 0.9988 0.0482
vn -0.0241 0.9993 0.0303
vn -0.0072 0.9979 -0.0650
vn -0.1429 0.9827 -0.1176
vn 0.0262 0.9941 0.1050
vn 0.0761 0.9942 -0.0753
vn -0.0087 0.9998 -0.0170
vn 0.0427 0.9991 0.0037
vn 0.2073 0.9603 0.1868
vn -0.0481 0.9988 -0.0030
vn -0.1088 0.9936 0.0313
vn 0.0607 0.9965 -0.0569
vn 0.0349 0.9994 -0.0030
vn -0.0792 0.9959 0.0436
vn -0.0483 0.9988 0.0089
vn 0.0925 0.9884 0.1203
vn 0.0970 0.9924 -0.0755
vn -0.0046 0.9975 0.0699
vn 0.0283 0.9996 0.0084
vn 0.0740 0.9954 -0.0603
vn -0.0743 0.9969 0.0239
vn 0.0325 0.9990 0.0291
vn 0.0001 1.0000 -0.0039
vn -0.0039 0.9984 -0.0567
vn 0.0044 0.9999 -0.0165
vn 0.0082 1.0000 -0.0025
vn -0.0657 0.9972 0.0343
vn 0.0520 0.9970 -0.0569
vn -0.0797 0.9966 -0.0210
vn 0.0393 0.9987 0.0316
vn -0.0294 0.9987 -0.0423
vn 0.0854 0.9963 0.0006
vn -0.1094 0.9886 -0.1031
vn -0.0229 0.9996 0.0176
vn -0.0236 0.9993 -0.0281
vn 0.0151 0.9994 0.0301
vn -0.0667 0.9960 -0.0592
vn -0.1693 0.9458 -0.2772
vn 0.0780 0.9969 -0.0044
vn -0.0086 0.9999 -0.0058
vn -0.0248 0.9979 0.0604
vn 0.0067 0.9996 -0.0292
vn 0.0017 1.0000 -0.0031
vn -0.0434 0.9982 0.0412
vn 0.0362 0.9976 0.0586
vn -0.1665 0.9841 0.0626
vn 0.1009 0.9946 0.0258
vn -0.1020 0.9940 0.0384
vn 0.1512 0.9753 0.1608
vn 0.0352 0.9981 0.0512
vn -0.0638 0.9977 0.0215
vn -0.0089 0.9999 -0.0096
vn -0.0165 0.9998 -0.0088
vn 0.0374 0.9984 0.0421
vn -0.0231 0.9985 -0.0492
vn 0.0644 0.9957 0.0672
vn -0.0694 0.9968 0.0402
vn 0.0010 0.9999 0.0149
vn -0.0370 0.9987 -0.0360
vn 0.0364 0.9990 0.0253
vn -0.0944 0.9955 0.0057
vn -0.0365 0.9987 0.0366
vn 0.0818 0.9930 0.0851
vn 0.0851 0.9952 0.0485
vn -0.0436 0.9990 0.0090
vn -0.0658 0.9975 0.0269
vn 0.0100 0.9979 -0.0634
vn -0.0178 0.9997 0.0185
vn -0.0779 0.9968 -0.0153
vn 0.0457 0.9985 -0.0317
vn 0.0384 0.9973 -0.0632
vn -0.0937 0.9902 -0.1033
vn 0.0652 0.9973 -0.0333
vn 0.0091 0.9978 -0.0655
vn 0.0239 0.9989 0.0404
vn -0.0529 0.9974 0.0489
vn -0.0506 0.9983 0.0276
vn 0.0115 0.9988 -0.0474
vn -0.0247 0.9995 0.0205
vn -0.0135 0.9999 0.0057
vn 0.0355 0.9992 -0.0195
vn 0.0849 0.9959 -0.0308
vn -0.0753 0.9946 0.0715
vn -0.0877 0.9955 -0.0355
vn 0.0699 0.9951 0.0699
vn -0.0950 0.9820 0.1633
vn -0.0111 0.9982 0.0591
vn 0.0051 0.9993 -0.0381
vn -0.0115 0.9962 0.0862
vn 0.0685 0.9964 0.0504
vn -0.0808 0.9967 -0.0086
vn 0.0413 0.9989 0.0202
vn -0.1817 0.9753 0.1257
vn 0.0850 0.9964 0.0037
vn -0.0763 0.9908 0.1114
vn 0.0427 0.9990 -0.0135
vn -0.0059 0.9957 0.0926
vn -0.0013 0.9972 0.0743
vn -0.0260 0.9996 0.0124
vn -0.0362 0.9993 0.0111
vn 0.0188 0.9990 -0.0412
vn -0.0258 0.9996 -0.0151
vn 0.0145 0.9999 -0.0046
vn 0.0071 0.9992 -0.0383
vn 0.0009 0.9977 -0.0677
vn -0.0275 0.9996 0.0059
vn 0.0857 0.9958 -0.0314
vn 0.0864 0.9737 0.2110
vn 0.0544 0.9912 -0.1207
vn -0.5278 0.1139 0.8417
vn 0.0862 0.9957 -0.0335
vn 0.0299 0.9996 0.0004
vn -0.0697 0.9963 0.0508
vn 0.0995 0.9950 -0.0069
vn -0.0291 0.9973 -0.0672
vn 0.0402 0.9992 -0.0057
vn -0.0998 0.9919 0.0785
vn 0.1006 0.9943 -0.0341
vn -0.0709 0.9965 0.0447
vn -0.0510 0.9986 -0.0131
vn -0.0164 0.9987 0.0484
vn 0.0586 0.9974 0.0430
vn -0.0987 0.9949 -0.0226
vn -0.0498 0.9986 -0.0161
vn 0.1027 0.9808 -0.1660
vn 0.0768 0.9958 -0.0501
vn -0.0500 0.9974 0.0519
vn 0.0306 0.9994 0.0148
vn 0.0587 0.9800 -0.1902
vn 0.0097 0.9994 0.0328
vn -0.0089 0.9962 0.0865
vn -0.3032 0.9434 -0.1346
vn 0.0132 0.9938 0.1103
vn -0.0060 0.9986 0.0523
vn 0.0622 0.9866 0.1510
vn -0.0437 0.9988 0.0222
vn 0.0345 0.9993 0.0132
vn 0.0567 0.9982 0.0180
vn -0.1039 0.9684 -0.2267
vn 0.1093 0.9921 0.0608
vn 0.0427 0.9984 -0.0366
vn -0.0752 0.9925 -0.0963
vn -0.0874 0.9921 -0.0904
vn 0.0173 0.9979 0.0626
vn 0.0249 0.9996 -0.0166
vn -0.0886 0.9949 -0.0472
vn 0.0094 0.9982 -0.0584
vn 0.0223 0.9994 -0.0251
vn -0.0019 0.9986 -0.0534
vn 0.0400 0.9986 0.0337
vn -0.0512 0.9898 -0.1330
vn -0.0053 0.9998 -0.0171
vn -0.1175 -0.9813 0.1523
vn 0.0358 0.9991 0.0221
vn 0.0378 0.9990 -0.0231
vn -0.0059 0.9999 -0.0141
vn 0.0239 0.9997 0.0066
vn -0.1433 0.9815 0.1267
vn -0.0766 0.9835 -0.1638
vn -0.0087 0.9982 -0.0586
vn -0.0097 0.9997 0.0246
vn -0.0019 0.9993 0.0362
vn 0.0216 0.9994 0.0263
vn -0.0156 0.9992 0.0363
vn 0.0544 0.9985 0.0113
vn 0.0556 0.9980 -0.0289
vn -0.0387 0.9990 0.0218
vn -0.0421 0.9991 -0.0014
vn -0.0188 0.9984 0.0542
vn -0.0013 0.9999 0.0132
vn 0.0245 0.9984 0.0506
vn -0.0335 0.9992 -0.0221
vn 0.0577 0.9976 -0.0384
vn -0.0417 0.9991 0.0108
vn 0.0068 0.9964 0.0843
vn 0.1044 0.9933 0.0493
vn 0.0485 0.9898 0.1338
vn -0.0333 0.9991 -0.0275
vn 0.0608 0.9981 -0.0053
vn 0.0394 0.9991 -0.0177
vn 0.0013 0.9977 -0.0672
vn -0.0383 0.9985 0.0385
vn -0.0044 0.9994 -0.0355
vn 0.0114 0.9987 -0.0494
vn 0.0004 0.9998 0.0210
vn -0.0110 0.9996 -0.0257
vn 0.0102 0.9997 0.0212
vn -0.0399 0.9990 0.0222
vn -0.0017 0.9998 -0.0187
vn 0.0176 0.9995 -0.0257
vn -0.0595 0.9981 0.0129
vn -0.0614 0.9980 -0.0166
vn 0.0092 0.9999 -0.0075
vn -0.1669 0.9769 0.1331
vn 0.0517 0.9984 -0.0207
vn -0.0316 0.9992 0.0258
vn 0.0370 0.9993 -0.0070
vn -0.0429 0.9988 0.0240
vn -0.0131 0.9996 -0.0240
vn 0.0205 0.9997 0.0126
vn 0.0107 0.9983 0.0574
vn 0.1100 0.9826 -0.1497
vn 0.0494 0.9958 -0.0766
vn -0.0557 0.9930 0.1037
vn -0.0386 0.9985 0.0382
vn -0.2312 0.6439 -0.7293
vn 0.0061 0.9994 0.0337
vn -0.0263 0.9984 0.0499
vn 0.0028 0.9994 -0.0337
vn 0.0267 0.9996 0.0008
vn -0.0029 0.9990 -0.0444
vn 0.0385 0.9986 -0.0370
vn -0.0935 0.9949 0.0380
vn -0.0603 0.9967 -0.0538
vn 0.1260 0.9835 0.1298
vn 0.0697 0.9911 -0.1137
vn 0.0008 0.9987 0.0517
vn -0.0060 0.9999 0.0127
vn -0.0701 0.9965 -0.0449
vn 0.0055 0.9981 -0.0613
vn 0.0042 1.0000 0.0077
vn -0.0124 0.9998 0.0180
vn -0.0052 0.9998 -0.0176
vn 0.0027 0.9999 -0.0152
vn -0.0239 0.9997 -0.0058
vn 0.0051 0.9993 0.0378
vn 0.0773 0.9955 -0.0552
vn -0.0176 0.9998 0.0074
vn -0.0396 0.9989 0.0255
vn -0.0420 0.9991 0.0004
vn 0.0196 0.9988 -0.0437
vn 0.0013 0.9998 -0.0179
vn 0.1477 0.9854 0.0846
vn -0.0089 0.9996 -0.0254
vn -0.0475 0.9988 -0.0108
vn 0.0603 0.9979 0.0221
vn -0.0299 0.9977 -0.0606
vn 0.1490 0.9640 -0.2203
vn 0.1282 0.9909 0.0402
vn -0.0332 0.9990 -0.0290
vn 0.0728 0.9971 -0.0217
vn -0.2228 0.9629 -0.1520
vn 0.0092 0.9979 0.0646
vn -0.0076 0.9987 -0.0494
vn 0.0117 0.9999 -0.0016
vn -0.0045 1.0000 -0.0012
vn -0.0010 1.0000 0.0076
vn -0.0086 0.9999 0.0117
vn 0.0460 0.9979 0.0454
vn 0.0073 0.9995 0.0323
vn 0.0223 0.9997 0.0115
vn 0.0263 0.9983 -0.0518
vn -0.0166 0.9999 0.0019
vn -0.0341 0.9994 -0.0056
vn -0.0300 0.9976 -0.0628
vn -0.0596 0.9970 -0.0498
vn 0.0015 0.9999 0.0149
vn 0.0375 0.9987 -0.0344
vn -0.0048 0.9991 -0.0414
vn -0.0204 0.9997 0.0108
vn 0.0429 0.9985 -0.0334
vn 0.0747 0.9810 -0.1791
vn 0.0276 0.9994 -0.0205
vn 0.0782 0.9969 0.0037
vn -0.0756 0.9956 0.0559
vn -0.0155 0.9978 -0.0645
vn 0.0465 0.9968 -0.0653
vn -0.0183 0.9997 -0.0151
vn 0.0043 0.9992 0.0398
vn -0.0237 0.9997 0.0090
vn -0.0606 0.9977 0.0315
vn 0.0596 0.9981 -0.0167
vn 0.0250 0.9962 0.0830
vn 0.0279 0.9980 0.0562
vn -0.0356 0.9919 0.1223
vn -0.0760 0.9953 0.0597
vn -0.0109 0.9997 -0.0211
vn -0.0581 0.9972 0.0466
vn 0.1866 0.9812 -0.0493
vn 0.0312 0.9962 -0.0816
vn -0.0894 0.9945 0.0551
vn 0.0036 0.9972 -0.0745
vn 0.0016 0.9997 -0.0233
vn -0.0291 0.9996 0.0018
vn 0.0461 0.9978 0.0486
vn 0.0138 0.9999 0.0010
vn -0.0241 0.9997 -0.0075
vn -0.0730 0.9829 -0.1688
vn 0.0289 0.9993 -0.0245
vn -0.0505 0.9930 0.1072
vn 0.0407 0.9991 -0.0088
vn -0.0153 0.9974 -0.0700
vn -0.1329 0.9864 -0.0971
vn 0.0141 0.9987 0.0491
vn 0.0940 0.9946 -0.0443
vn -0.0001 1.0000 -0.0024
vn -0.0500 0.9987 0.0061
vn 0.0268 0.9986 -0.0466
vn -0.8474 0.1103 0.5193
vn 0.0983 0.9891 0.1097
vn 0.0254 0.9996 -0.0147
vn -0.0608 0.9981 -0.0103
vn 0.0346 0.9959 0.0838
vn -0.0912 0.9924 0.0821
vn 0.0073 0.9996 -0.0281
vn -0.0056 0.9975 0.0703
vn 0.0122 0.9995 -0.0298
vn -0.0140 0.9999 0.0072
vn -0.0086 1.0000 -0.0048
vn 0.0707 0.9910 0.1139
vn 0.0555 0.9984 0.0108
vn -0.0003 0.9997 -0.0238
vn 0.0199 0.9988 -0.0444
vn -0.0110 0.9999 -0.0095
vn -0.0693 0.9969 -0.0362
vn 0.0949 0.9953 0.0172
vn -0.0233 0.9996 -0.0187
vn -0.0518 0.9986 0.0041
vn 0.0538 0.9983 -0.0238
vn -0.0195 0.9998 -0.0073
vn -0.0367 0.9946 0.0969
vn 0.0241 0.9978 -0.0622
vn 0.0763 0.9906 0.1132
vn 0.0174 0.9989 0.0426
vn -0.0058 1.0000 -0.0000
vn -0.0230 0.9997 0.0108
vn 0.0494 0.9983 -0.0311
vn -0.0273 0.9996 -0.0053
vn 0.0226 0.9997 0.0104
vn 0.0397 0.9987 0.0332
vn 0.0565 0.9929 -0.1047
vn -0.0045 1.0000 0.0054
vn 0.0594 0.9956 -0.0730
vn -0.0247 0.9991 -0.0347
vn -0.1021 0.9939 -0.0414
vn 0.0542 0.9973 0.0495
vn 0.0275 0.9992 -0.0286
vn -0.0006 1.0000 0.0052
vn 0.1117 0.9934 0.0252
vn -0.0607 0.9946 -0.0845
vn 0.0442 0.9974 -0.0575
vn -0.0488 0.9986 -0.0193
vn 0.0083 0.9995 -0.0306
vn -0.0052 0.9979 0.0648
vn -0.0902 0.9918 0.0910
vn -0.0345 0.9992 -0.0191
vn 0.0501 0.9984 -0.0271
vn 0.0086 0.9998 -0.0193
vn -0.0485 0.9979 -0.0431
vn 0.0021 0.9996 0.0273
vn 0.0119 0.9974 0.0716
vn -0.0096 0.9995 -0.0300
vn -0.0084 0.9998 -0.0184
vn 0.0308 0.9992 0.0242
vn -0.0974 0.9950 0.0225
vn 0.0188 0.9998 0.0068
vn 0.0501 0.9979 0.0421
vn -0.0157 0.9996 0.0236
vn 0.0091 0.9992 0.0389
vn -0.0113 0.9999 0.0112
vn 0.0856 0.9899 0.1129
vn 0.0826 0.9929 -0.0852
vn -0.0090 0.9997 -0.0246
vn 0.0110 0.9999 0.0076
vn 0.2239 0.9478 -0.2269
vn 0.0596 0.9973 0.0420
vn -0.0497 0.9987 0.0115
vn 0.0538 0.9982 -0.0262
vn -0.0278 0.9988 0.0392
vn -0.0007 0.9996 -0.0299
vn -0.1082 0.9931 -0.0455
vn 0.0143 0.9992 -0.0373
vn 0.0590 0.9982 -0.0110
vn -0.0240 0.9994 -0.0231
vn -0.0072 0.9999 0.0135
vn 0.0730 0.9949 0.0697
vn -0.0681 0.9964 0.0498
vn 0.1141 0.9916 -0.0613
vn -0.0483 0.9979 -0.0421
vn -0.0407 0.9991 -0.0109
vn 0.0277 0.9984 0.0491
vn -0.0432 0.9990 -0.0141
vn 0.0276 0.9996 0.0117
vn -0.0851 0.9960 0.0284
vn -0.0503 0.9962 -0.0708
vn 0.0178 0.9989 0.0445
vn -0.0060 0.9999 0.0121
vn 0.0165 0.9977 0.0654
vn -0.0772 0.9967 0.0230
vn -0.0933 0.9814 0.1678
vn -0.0742 0.9936 -0.0856
vn 0.0001 0.9999 -0.0131
vn -0.1055 0.9943 -0.0151
vn 0.0680 0.9955 0.0662
vn 0.0523 0.9984 -0.0233
vn 0.0330 0.9928 0.1156
vn 0.1837 0.9475 0.2619
vn 0.0768 0.9941 -0.0770
vn 0.0506 0.9987 0.0074
vn -0.0229 0.9981 -0.0576
vn 0.0307 0.9992 -0.0252
vn -0.0468 0.9984 0.0328
vn -0.0167 0.9991 0.0399
vn -0.0315 0.9993 -0.0196
vn 0.0365 0.9948 -0.0946
vn -0.0192 0.9997 -0.0158
vn 0.0218 0.9997 -0.0130
vn 0.0322 0.9989 0.0353
vn 0.0358 0.9991 -0.0221
vn 0.0514 0.9987 -0.0052
vn -0.0537 0.9819 0.1816
vn 0.0545 0.9954 -0.0794
vn 0.0133 0.9984 0.0544
vn -0.0411 0.9966 0.0720
vn -0.0107 0.9945 0.1045
vn 0.0717 0.9964 -0.0452
vn -0.0350 0.9994 0.0037
vn -0.0216 0.9995 -0.0224
vn -0.0318 0.9992 -0.0261
vn 0.0950 0.9915 0.0886
vn -0.0040 0.9998 -0.0218
vn -0.1186 0.9909 0.0634
vn -0.0157 0.9958 -0.0900
vn 0.0124 0.9994 -0.0325
vn -0.0091 0.9997 -0.0216
vn -0.0057 0.9997 0.0239
vn 0.0387 0.9978 0.0531
vn 0.0132 0.9991 -0.0413
vn -0.0019 0.9997 0.0247
vn 0.0774 0.9938 -0.0799
vn -0.0289 0.9990 0.0334
vn 0.0006 0.9969 0.0781
vn -0.1123 0.9933 0.0288
vn -0.0278 0.9974 -0.0664
vn 0.0741 0.9971 -0.0142
vn -0.0058 1.0000 0.0060
vn 0.0148 0.9994 -0.0304
vn -0.0216 0.9970 0.0737
vn 0.0910 0.9958 0.0084
vn -0.0624 0.9971 0.0443
vn 0.0435 0.9946 0.0942
vn 0.0542 0.9978 -0.0388
vn -0.0488 0.9988 0.0104
vn 0.0084 0.9991 -0.0414
vn 0.0371 0.9987 -0.0349
vn -0.0659 0.9967 -0.0471
vn -0.0196 0.9997 -0.0155
vn -0.0573 0.9981 0.0217
vn 0.1386 0.9898 -0.0315
vn -0.0751 0.9758 -0.2056
vn 0.0830 0.9945 -0.0644
vn 0.2193 0.9721 0.0836
vn -0.0044 0.9975 -0.0708
vn -0.0194 0.9991 0.0368
vn -0.0032 0.9996 -0.0280
vn -0.0513 0.9985 0.0199
vn -0.0001 1.0000 -0.0056
vn 0.0967 0.9952 -0.0135
vn -0.0045 0.9978 -0.0666
vn 0.0505 0.9983 -0.0299
vn -0.0122 0.9964 0.0833
vn 0.0300 0.9991 0.0294
vn -0.0384 0.9983 0.0445
vn 0.0674 0.9972 0.0315
vn 0.0037 0.9987 0.0501
vn 0.0381 0.9900 0.1355
vn 0.0839 0.9942 0.0678
vn -0.0525 0.9937 -0.0993
vn 0.0574 0.9969 -0.0530
vn 0.0318 0.9995 -0.0033
vn -0.1195 0.9927 0.0135
vn -0.0751 0.9955 -0.0577
vn -0.0579 0.9983 0.0044
vn 0.0269 0.9991 -0.0334
vn -0.0737 0.9943 -0.0773
vn 0.0814 0.9965 0.0165
vn -0.0409 0.9991 0.0094
vn 0.0001 0.9939 0.1103
vn -0.0145 0.9986 0.0514
vn -0.2905 0.8757 0.3857
vn 0.0323 0.9984 -0.0465
vn 0.0014 0.9976 -0.0692
vn 0.0705 0.9962 0.0508
vn 0.0217 0.9998 -0.0019
vn -0.0603 0.9982 0.0034
vn -0.0348 0.9992 0.0178
vn -0.0898 0.9951 -0.0402
vn 0.0454 0.9988 -0.0208
vn 0.0070 0.9998 0.0172
vn -0.0004 0.9999 -0.0131
vn -0.0454 0.9975 0.0537
vn -0.0367 0.9909 -0.1292
vn 0.0179 0.9936 -0.1116
vn 0.1184 0.9920 0.0446
vn -0.0083 0.9999 0.0064
vn 0.0177 0.9998 0.0023
vn -0.0180 0.9986 -0.0490
vn 0.0251 0.9996 0.0093
vn -0.0416 0.9983 -0.0409
vn -0.0719 0.9951 -0.0678
vn 0.0588 0.9959 0.0682
vn 0.0040 1.0000 -0.0002
vn -0.0335 0.9989 -0.0325
vn 0.0619 0.9963 -0.0598
vn 0.0079 0.9998 0.0170
vn -0.0131 0.9999 0.0010
vn 0.0455 0.9957 -0.0809
vn -0.0521 0.9965 0.0660
vn -0.0166 0.9994 -0.0302
vn 0.0073 0.9993 -0.0355
vn 0.1573 0.9868 -0.0393
vn 0.1180 0.9765 0.1805
vn -0.0453 0.9988 -0.0185
vn 0.1891 0.9779 -0.0895
vn -0.0577 0.9822 0.1786
vn -0.0268 0.9992 -0.0304
vn 0.0102 0.9998 -0.0197
vn -0.0179 0.9995 -0.0260
vn -0.0200 0.9981 -0.0578
vn 0.1423 0.9823 -0.1218
vn -0.0441 0.9975 0.0550
vn -0.0319 0.9993 0.0194
vn -0.0051 0.9999 0.0112
vn 0.0277 0.9995 0.0117
vn -0.0535 0.9985 0.0087
vn 0.0839 0.9941 -0.0692
vn -0.0534 0.9985 -0.0113
vn -0.0225 0.9977 -0.0645
vn 0.1125 0.9928 -0.0406
vn -0.0647 0.9954 0.0701
vn -0.0047 0.9992 -0.0393
vn 0.0261 0.9989 -0.0380
vn -0.0812 0.9963 -0.0276
vn -0.0492 0.9988 0.0065
vn -0.0601 0.9981 0.0124
vn 0.0304 0.9995 0.0026
vn -0.0422 0.9976 0.0544
vn 0.1296 0.9880 -0.0840
vn -0.0355 0.9983 0.0464
vn -0.0199 0.9998 -0.0029
vn -0.0094 0.9976 -0.0687
vn 0.0432 0.9991 0.0058
vn 0.0103 0.9998 -0.0197
vn -0.0821 0.9966 -0.0038
vn 0.1195 0.9874 -0.1035
vn -0.0756 0.9962 -0.0422
vn -0.0481 0.9970 0.0601
vn 0.0290 0.9995 -0.0096
vn -0.0981 0.9935 -0.0581
vn 0.0231 0.9984 -0.0514
vn -0.0221 0.9976 -0.0652
vn 0.0414 0.9939 0.1024
vn -0.1775 0.9769 -0.1194
vn -0.0150 0.9893 0.1454
vn -0.0557 0.9969 0.0550
vn -0.0725 0.9916 -0.1068
vn -0.0084 0.9998 0.0183
vn 0.0705 0.9974 -0.0146
vn 0.0230 0.9960 0.0862
vn 0.0741 0.9972 0.0028
vn -0.0040 0.9990 0.0436
vn 0.0286 0.9887 0.1469
vn 0.1092 0.9887 -0.1027
vn 0.0084 0.9999 -0.0065
vn 0.0277 0.9994 -0.0192
vn -0.0389 0.9989 -0.0269
vn -0.0749 0.9956 -0.0561
vn 0.0062 0.9925 0.1218
vn -0.0979 0.9928 0.0696
vn 0.0119 0.9996 0.0245
vn 0.0534 -0.9842 0.1687
vn 0.0207 0.9988 -0.0455
vn -0.0101 0.9938 0.1111
vn 0.1388 0.9901 -0.0213
vn -0.0309 0.9993 0.0214
vn -0.1881 0.9808 -0.0519
vn 0.0392 0.9970 -0.0660
vn 0.0295 0.9995 0.0149
vn -0.0227 0.9995 -0.0213
vn 0.0158 0.9994 0.0315
vn -0.0174 0.9998 0.0013
vn 0.0974 0.9952 -0.0060
vn -0.0337 0.9987 -0.0395
vn -0.0243 0.9992 -0.0306
vn -0.0167 0.9994 -0.0291
vn 0.0087 0.9891 -0.1471
vn -0.0664 0.9950 -0.0746
vn 0.0589 0.9982 0.0148
vn -0.0407 0.9986 0.0333
vn -0.0251 0.9992 0.0300
vn 0.0627 0.9974 0.0344
vn 0.1108 0.9760 -0.1874
vn 0.0300 0.9993 0.0228
vn 0.0264 0.9994 0.0220
vn 0.1566 0.9572 0.2435
vn -0.0820 0.9960 -0.0360
vn 0.0063 0.9973 0.0732
vn 0.0127 0.9999 0.0057
vn 0.0372 0.9990 -0.0237
vn -0.0124 0.9999 -0.0033
vn -0.0336 0.9985 -0.0437
vn -0.0016 1.0000 -0.0003
vn -0.0135 0.9996 0.0257
vn 0.0838 0.9944 -0.0646
vn -0.0024 0.9996 0.0276
vn -0.0267 0.9993 0.0272
vn -0.0184 0.9988 -0.0456
vn -0.1519 0.9876 0.0400
vn 0.0738 0.9930 0.0917
vn 0.0267 0.9995 0.0185
vn 0.0031 0.9999 -0.0125
vn 0.0015 0.9973 -0.0733
vn -0.0565 0.9983 -0.0144
vn 0.0061 0.9999 -0.0123
vn -0.1887 0.9816 0.0278
vn 0.1191 0.9759 -0.1830
vn 0.0889 0.9957 -0.0266
vn 0.6785 0.6620 0.3184
vn 0.0492 0.9982 -0.0350
vn -0.0069 0.9994 0.0328
vn -0.2093 0.9450 -0.2514
vn -0.0298 0.9980 0.0559
vn -0.0554 0.9981 0.0275
vn 0.0035 0.9998 -0.0174
vn 0.0441 0.9982 -0.0400
vn -0.0014 0.9980 -0.0636
vn 0.0347 0.9991 -0.0224
vn 0.0024 0.9994 0.0350
vn -0.0288 0.9996 0.0009
vn 0.0102 0.9977 -0.0665
vn -0.0157 0.9998 -0.0078
vn -0.0659 0.9975 -0.0239
vn 0.0360 0.9993 0.0112
vn -0.0024 1.0000 0.0055
vn -0.0338 0.9977 -0.0582
vn 0.1389 0.9901 -0.0217
vn 0.0064 0.9995 0.0305
vn -0.0650 0.9973 0.0348
vn 0.0407 0.9989 0.0217
vn 0.0583 0.9981 0.0199
vn -0.0762 0.9971 -0.0031
vn 0.0185 0.9997 0.0127
vn -0.0147 0.9992 0.0369
vn 0.1035 0.9941 0.0314
vn 0.0171 0.9943 0.1051
vn -0.0174 0.9998 -0.0005
vn 0.0282 0.9996 -0.0100
vn 0.0920 0.9950 0.0378
vn -0.0794 0.9959 0.0425
vn -0.0108 0.9998 -0.0167
vn -0.0412 0.9982 0.0429
vn -0.0338 0.9978 0.0568
vn 0.1428 0.9891 -0.0346
vn -0.0141 0.9996 -0.0239
vn 0.0126 0.9966 -0.0814
vn -0.2160 0.9339 -0.2848
vn 0.0004 1.0000 -0.0067
vn -0.0125 0.9999 0.0042
vn -0.0017 1.0000 -0.0041
vn 0.1071 0.9937 0.0332
vn -0.0055 0.9999 0.0138
vn 0.0192 0.9991 0.0366
vn -0.0308 0.9993 -0.0188
vn -0.0036 1.0000 -0.0045
vn -0.0233 0.9993 0.0280
vn 0.0158 0.9991 0.0387
vn -0.0183 0.9967 0.0787
vn 0.0525 0.9985 -0.0144
vn -0.0647 0.9975 -0.0290
vn -0.1514 0.9877 0.0392
vn 0.0523 0.9984 -0.0194
vn 0.0665 0.9970 -0.0399
vn -0.0429 0.9966 0.0699
vn 0.0017 0.9992 0.0396
vn -0.0248 0.9935 0.1115
vn 0.0035 1.0000 -0.0085
vn 0.0423 0.9984 0.0367
vn -0.0085 0.9994 0.0339
vn -0.0736 0.9964 0.0419
vn -0.0834 0.9962 -0.0249
vn 0.1424 0.9846 0.1018
vn -0.0097 0.9992 -0.0399
vn -0.0984 0.9915 0.0848
vn -0.0076 0.9988 -0.0485
vn 0.0454 0.9987 -0.0242
vn -0.0401 0.9990 -0.0174
vn 0.0500 0.9977 0.0459
vn -0.0717 0.9822 0.1734
vn -0.0166 0.9991 0.0379
vn 0.0027 1.0000 0.0016
vn -0.0174 0.9997 0.0184
vn 0.0739 0.9972 -0.0062
vn -0.0101 0.9946 -0.1030
vn -0.4601 0.7684 0.4449
vn 0.0377 0.9992 -0.0156
vn -0.0985 0.9907 -0.0937
vn -0.0304 0.9995 -0.0041
vn 0.0030 0.9982 -0.0607
vn 0.0266 0.9990 -0.0368
vn -0.0658 0.9978 -0.0067
vn 0.0692 0.9976 0.0003
vn -0.0248 0.9997 -0.0060
vn 0.2720 0.7861 0.5550
vn 0.0121 0.9990 -0.0431
vn -0.0157 0.9994 -0.0304
vn 0.0887 0.9958 -0.0209
vn -0.0126 0.9996 0.0238
vn 0.0179 0.9997 0.0148
vn -0.0308 0.9995 -0.0095
vn 0.0436 0.9987 -0.0245
vn -0.0180 0.9993 0.0341
vn -0.0197 0.9971 0.0730
vn -0.0455 0.9987 0.0210
vn 0.0397 0.9967 -0.0706
vn 0.0413 0.9988 -0.0269
vn 0.0305 0.9995 0.0032
vn 0.0275 0.9991 0.0319
vn 0.0811 0.9964 0.0246
vn -0.0666 0.9920 -0.1069
vn -0.0118 0.9998 -0.0148
vn -0.0619 0.9962 -0.0611
vn -0.0029 0.9994 -0.0331
vn -0.0060 1.0000 -0.0046
vn 0.0204 0.9994 -0.0285
vn -0.0528 0.9925 0.1104
vn -0.0237 0.9996 -0.0179
vn -0.0225 0.9995 -0.0242
vn 0.0103 0.9997 -0.0236
vn 0.0306 0.9991 -0.0285
vn 0.0667 0.9978 0.0058
vn 0.0944 0.9813 0.1677
vn 0.0015 1.0000 -0.0072
vn 0.3767 0.5871 -0.7165
vn 0.0015 0.9997 0.0262
vn -0.0104 0.9998 -0.0190
vn -0.0926 0.9934 0.0677
vn 0.1000 0.9936 -0.0526
vn -0.0517 0.9978 0.0409
vn 0.0288 0.9979 -0.0574
vn -0.0153 0.9989 -0.0445
vn -0.0186 0.9980 0.0600
vn -0.0640 0.9975 0.0313
vn 0.0133 0.9863 -0.1643
vn -0.0021 0.9968 0.0805
vn 0.0076 0.9999 0.0072
vn -0.0440 0.9988 0.0207
vn -0.0870 0.9959 -0.0267
vn 0.0536 0.9972 0.0514
vn -0.0032 0.9997 -0.0238
vn 0.0173 0.9996 -0.0208
vn -0.0014 0.9995 -0.0319
vn -0.0128 0.9995 0.0289
vn -0.0200 0.9995 -0.0255
vn -0.0196 0.9970 -0.0743
vn -0.1380 0.9904 -0.0108
vn 0.0587 0.9959 0.0693
vn -0.0013 1.0000 0.0012
vn -0.0744 0.9943 0.0769
vn 0.0453 0.9973 -0.0585
vn -0.0079 0.9988 0.0487
vn -0.0216 0.9995 0.0243
vn -0.0764 0.9958 0.0499
vn 0.0931 0.9937 0.0618
vn -0.0454 0.9980 0.0449
vn 0.0174 0.9991 -0.0385
vn 0.0097 0.9991 0.0413
vn -0.0068 0.9991 0.0410
vn 0.0555 0.9980 0.0290
vn -0.0893 0.9960 0.0063
vn 0.0207 0.9973 0.0706
vn 0.0081 0.9980 0.0635
vn 0.0488 0.9876 -0.1493
vn -0.0971 0.9949 -0.0280
vn 0.0317 0.9995 0.0087
vn 0.0161 0.9999 -0.0019
vn 0.0117 0.9997 0.0201
vn -0.1171 0.9928 0.0261
vn -0.0185 0.9952 0.0965
vn -0.0430 -0.9947 -0.0938
vn 0.0587 0.9952 0.0785
vn -0.0829 0.9964 0.0201
vn -0.0870 0.9960 0.0192
vn 0.0976 0.9946 0.0360
vn -0.1068 0.9926 -0.0577
vn 0.0095 0.9998 -0.0173
vn -0.0117 0.9993 0.0350
vn -0.0320 0.9995 -0.0076
vn -0.0596 0.9975 0.0372
vn -0.0350 0.9974 0.0628
vn 0.0531 0.9986 0.0028
vn -0.0413 0.9991 0.0047
vn 0.0261 0.9983 0.0527
vn 0.0579 0.9980 -0.0268
vn 0.0040 0.9998 -0.0180
vn -0.0045 0.9997 -0.0259
vn 0.0074 0.9999 -0.0156
vn 0.0031 0.9998 0.0209
vn -0.0631 0.9966 -0.0530
vn 0.0734 0.9958 -0.0545
vn 0.0100 0.9999 0.0087
vn 0.0011 1.0000 0.0091
vn 0.1399 0.9629 0.2307
vn 0.0071 0.9991 -0.0407
vn 0.0409 0.9987 -0.0302
vn 0.0202 0.9994 -0.0287
vn 0.0178 0.9985 0.0515
vn 0.0220 0.9995 0.0232
vn -0.0320 0.9994 0.0111
vn 0.1726 0.9646 0.1993
vn 0.0364 0.9990 -0.0272
vn -0.0225 0.9997 -0.0093
vn -0.0316 0.9994 0.0107
vn -0.1209 0.9728 0.1974
vn 0.0173 0.9989 0.0429
vn -0.0130 0.9941 0.1073
vn -0.0594 0.9978 0.0286
vn 0.0321 0.9983 0.0484
vn 0.1178 0.9914 -0.0567
vn -0.0008 0.9992 -0.0399
vn 0.0627 0.9934 -0.0957
vn -0.0381 0.9983 0.0448
vn 0.0440 0.9990 -0.0021
vn -0.0231 0.9996 -0.0163
vn -0.0436 0.9987 -0.0265
vn 0.0280 0.9971 -0.0709
vn -0.0016 0.9990 -0.0451
vn -0.0276 0.9992 0.0298
vn 0.0176 0.9998 -0.0060
vn -0.0188 0.9969 -0.0769
vn 0.0558 0.9984 -0.0062
vn -0.0918 0.9957 -0.0084
vn 0.0384 0.9969 -0.0679
vn 0.0031 1.0000 0.0007
vn -0.1874 0.9793 0.0771
vn -0.0596 0.9927 0.1045
vn 0.0312 0.9986 -0.0426
vn -0.0319 0.9975 -0.0628
vn 0.0049 0.9999 -0.0096
vn -0.0343 0.9994 0.0033
vn 0.0211 0.9997 -0.0118
vn -0.1016 0.9947 -0.0151
vn 0.0764 0.9904 -0.1151
vn -0.0820 0.9890 0.1231
vn 0.0127 0.9988 -0.0464
vn 0.1237 0.9912 -0.0464
vn 0.1190 0.9877 0.1016
vn -0.0103 0.9999 0.0110
vn 0.0300 0.9994 -0.0172
vn -0.1472 0.9500 0.2755
vn -0.0618 0.9962 -0.0622
vn 0.0251 0.9969 -0.0750
vn 0.0483 0.9955 -0.0813
vn -0.0419 0.9990 -0.0161
vn 0.0443 0.9970 -0.0632
vn 0.0340 0.9992 -0.0193
vn -0.0766 0.9833 0.1649
vn -0.0329 0.9995 0.0009
vn -0.0069 0.9991 0.0414
vn 0.0300 0.9990 0.0334
vn 0.0876 0.9961 0.0113
vn -0.0800 0.9841 -0.1585
vn -0.0011 0.9999 -0.0111
vn -0.0074 0.9991 0.0419
vn -0.0248 0.9997 -0.0042
vn 0.0060 0.9989 -0.0460
vn 0.0325 0.9995 -0.0009
vn -0.1453 0.9705 0.1925
vn 0.0240 0.9989 -0.0412
vn 0.0244 0.9996 -0.0128
vn -0.0038 1.0000 0.0087
vn 0.0460 0.9986 -0.0270
vn 0.0353 0.9953 0.0897
vn -0.0649 0.9975 -0.0292
vn 0.0517 0.9969 0.0594
vn -0.1082 0.9931 -0.0458
vn 0.0316 0.9929 -0.1144
vn 0.0024 0.9998 -0.0198
vn 0.0222 0.9988 -0.0443
vn 0.1518 0.9872 0.0497
vn 0.0003 0.9981 -0.0620
vn -0.0237 0.9997 0.0100
vn 0.0603 0.9974 0.0397
vn 0.0468 0.9891 -0.1395
vn -0.0291 0.9948 -0.0976
vn -0.1060 0.9943 -0.0128
vn -0.0032 0.9988 0.0490
vn 0.0153 0.9974 0.0699
vn -0.0420 0.9987 -0.0298
vn -0.0279 0.9981 0.0543
vn -0.0418 0.9991 0.0040
vn -0.1108 0.9804 0.1626
vn -0.0374 0.9993 0.0101
vn 0.0401 0.9992 0.0071
vn -0.0983 0.9951 0.0140
vn -0.0860 0.9847 -0.1516
vn -0.0608 0.9978 -0.0259
vn -0.2086 0.9349 -0.2870
vn 0.0506 0.9987 -0.0098
vn -0.0181 0.9998 -0.0107
vn -0.0188 0.9998 -0.0101
vn -0.0263 0.9994 0.0232
vn 0.0211 0.9985 -0.0513
vn -0.0080 0.9986 0.0524
vn 0.0268 0.9991 0.0327
vn -0.0368 0.9989 0.0290
vn 0.0481 0.9969 0.0629
vn -0.0249 0.9996 0.0165
vn 0.0362 0.9988 -0.0331
vn 0.0341 0.9994 -0.0104
vn -0.0249 0.9984 -0.0498
vn -0.0953 0.9879 -0.1223
vn -0.0056 0.9992 0.0406
vn 0.0416 0.9973 -0.0603
vn 0.0369 0.9974 0.0622
vn -0.0591 0.9982 -0.0044
vn 0.0976 0.9941 0.0474
vn -0.1245 0.9921 -0.0148
vn 0.0368 0.9993 0.0025
vn -0.0368 0.9979 0.0529
vn -0.0137 0.9997 -0.0217
vn 0.0428 0.9896 -0.1371
vn 0.0858 0.9963 -0.0039
vn 0.0619 0.9919 0.1107
vn 0.0127 0.9999 -0.0061
vn -0.0674 0.9961 -0.0576
vn -0.0307 0.9994 0.0138
vn 0.0198 0.9984 0.0529
vn 0.0293 0.9995 0.0069
vn -0.0008 0.9996 -0.0278
vn 0.0141 0.9983 0.0561
vn 0.0046 0.9999 -0.0122
vn 0.0945 0.9955 -0.0109
vn -0.0087 0.9923 -0.1239
vn 0.1741 0.9513 -0.2545
vn -0.0934 0.9912 0.0936
vn 0.0544 0.9985 -0.0090
vn 0.0286 0.9976 0.0628
vn -0.0745 0.9954 0.0609
vn 0.0076 0.9996 -0.0266
vn -0.0535 0.9980 -0.0341
vn 0.0207 0.9992 -0.0352
vn 0.0069 0.9999 -0.0112
vn -0.0227 0.9973 0.0695
vn 0.0565 0.9984 0.0012
vn 0.0581 0.9963 0.0638
vn -0.0559 0.9984 -0.0115
vn -0.0996 0.9945 0.0331
vn 0.0062 0.9931 -0.1168
vn 0.1880 0.9737 -0.1289
vn 0.0404 0.9964 0.0738
vn 0.0046 0.9999 -0.0147
vn -0.0516 0.9969 -0.0586
vn 0.2796 0.9308 -0.2354
vn -0.0375 0.9993 0.0056
vn 0.0346 0.9989 -0.0331
vn -0.0118 0.9987 0.0500
vn -0.0873 0.9959 0.0237
vn 0.0798 0.9923 0.0948
vn -0.0519 0.9986 -0.0088
vn 0.0706 0.9965 0.0450
vn -0.0969 0.9910 0.0925
vn -0.0188 0.9998 0.0061
vn 0.0400 0.9991 0.0141
vn -0.0561 0.9981 -0.0246
vn 0.0024 0.9995 0.0306
vn 0.0303 0.9995 -0.0111
vn -0.0239 0.9973 -0.0700
vn 0.0287 0.9994 0.0217
vn 0.0050 1.0000 -0.0022
vn 0.0273 0.9993 -0.0273
vn 0.0310 0.9993 0.0189
vn -0.0213 0.9992 0.0340
vn -0.0238 0.9995 0.0211
vn 0.8060 0.5096 -0.3011
vn -0.0114 0.9998 0.0140
vn 0.0157 0.9998 -0.0087
vn -0.0598 0.9977 0.0312
vn 0.0092 0.9997 -0.0241
vn -0.1370 0.9904 0.0164
vn 0.0354 0.9986 -0.0393
vn 0.0289 0.9991 -0.0301
vn 0.0002 0.9992 -0.0408
vn -0.0293 0.9994 -0.0174
vn -0.0216 0.9985 0.0512
vn 0.0103 0.9966 -0.0812
vn -0.0646 0.9961 0.0597
vn 0.0305 0.9937 0.1074
vn -0.0326 0.9993 0.0201
vn 0.0090 0.9999 -0.0101
vn -0.0979 0.9948 -0.0284
vn -0.0963 0.9878 0.1222
vn 0.0129 0.9999 -0.0091
vn 0.0122 0.9998 0.0141
vn 0.0230 0.9938 0.1089
vn -0.0688 0.9925 0.1013
vn -0.0162 0.9999 0.0038
vn 0.2786 0.9362 0.2144
vn -0.0457 0.9977 -0.0505
vn -0.0608 0.9896 -0.1304
vn -0.0556 0.9969 -0.0562
vn -0.0734 0.9808 0.1805
vn -0.0391 0.9992 0.0092
vn 0.0471 0.9989 0.0052
vn -0.0496 0.9971 -0.0573
vn -0.0683 0.9958 -0.0610
vn 0.0530 0.9975 0.0470
vn 0.0583 0.9983 -0.0089
vn -0.0567 0.9983 0.0105
vn -0.0179 0.9996 -0.0222
vn -0.0963 0.9881 0.1202
vn -0.0352 0.9984 -0.0447
vn 0.0322 0.9982 -0.0505
vn 0.0004 0.9988 0.0500
vn 0.1005 0.9870 0.1252
vn -0.0696 0.9966 0.0434
vn 0.0463 0.9953 0.0845
vn -0.0863 0.9946 0.0575
vn 0.0499 0.9986 0.0176
vn -0.2047 0.9672 0.1505
vn 0.0174 0.9981 -0.0585
vn -0.0634 0.9969 -0.0467
vn 0.0839 0.9917 -0.0972
vn -0.0872 0.9952 -0.0450
vn 0.0342 0.9982 0.0500
vn 0.0179 0.9995 -0.0265
vn -0.0836 0.9912 0.1027
vn 0.0541 0.9957 -0.0758
vn 0.0172 0.9998 -0.0125
vn -0.0435 0.9982 0.0408
vn 0.0881 0.9937 -0.0698
vn -0.0193 0.9992 -0.0360
vn -0.0430 0.9990 -0.0100
vn -0.0450 0.9989 0.0158
vn 0.0352 0.9964 0.0774
vn -0.0155 0.9998 -0.0102
vn 0.3027 0.9506 0.0693
vn -0.0084 0.9999 -0.0089
vn -0.1580 0.9783 -0.1343
vn -0.0146 0.9999 -0.0035
vn 0.0771 0.9970 -0.0065
vn -0.0518 0.9974 -0.0508
vn 0.0401 0.9992 -0.0029
vn 0.0493 0.9988 -0.0069
vn 0.2848 0.9015 0.3260
vn -0.0604 0.9945 0.0860
vn 0.1001 0.9944 0.0344
vn -0.0319 0.9992 0.0235
vn 0.0893 0.9958 -0.0206
vn -0.0135 0.9951 -0.0984
vn 0.0005 0.9995 0.0330
vn 0.0224 0.9996 0.0175
vn 0.0660 0.9968 0.0449
vn -0.0063 0.9993 -0.0371
vn 0.0047 0.9997 -0.0224
vn -0.0722 0.9971 -0.0224
vn 0.1082 0.9906 -0.0832
vn 0.0190 0.9970 -0.0755
vn 0.0323 0.9991 0.0260
vn -0.0652 0.9965 -0.0532
vn 0.0198 0.9939 0.1085
vn -0.0141 0.9993 0.0353
vn 0.0031 0.9999 0.0124
vn 0.0084 0.9976 -0.0694
vn -0.0489 0.9971 0.0579
vn 0.0857 0.9957 0.0355
vn -0.0193 0.9998 0.0040
vn -0.0653 0.9975 0.0250
vn 0.0656 0.9973 -0.0339
vn 0.0195 0.9998 0.0009
vn -0.2611 -0.9451 0.1967
vn -0.7246 0.6206 -0.2997
vn 0.0689 0.9976 0.0062
vn 0.0382 0.9983 0.0435
vn -0.0315 0.9990 -0.0312
vn 0.0130 0.9981 -0.0607
vn 0.0347 0.9989 -0.0328
vn -0.0448 0.9987 -0.0254
vn 0.0027 0.9997 -0.0246
vn -0.0268 0.9995 0.0169
vn 0.0897 0.9958 -0.0196
vn 0.0221 0.9997 -0.0048
vn 0.1788 0.9696 0.1670
vn -0.0432 0.9984 0.0377
vn -0.0174 0.9997 0.0151
vn 0.0325 0.9970 0.0698
vn 0.0249 0.9994 -0.0246
vn 0.0143 0.9997 -0.0192
vn -0.0651 0.9975 -0.0282
vn -0.0349 0.9994 0.0018
vn 0.0596 0.9941 0.0904
vn -0.0445 0.9984 0.0350
vn 0.0776 0.9969 -0.0111
vn -0.0355 0.9975 0.0617
vn -0.0457 0.9987 -0.0208
vn 0.1282 0.9898 -0.0626
vn -0.0098 0.9911 -0.1329
vn -0.0051 0.9996 -0.0268
vn 0.1281 0.9913 -0.0303
vn 0.0264 0.9992 0.0306
vn -0.1143 0.9885 0.0989
vn -0.0152 0.9994 -0.0314
vn 0.0726 0.9969 -0.0287
vn 0.0677 0.9838 0.1661
vn 0.0531 0.9977 -0.0416
vn -0.0762 0.9970 0.0162
vn -0.0547 0.9949 -0.0847
vn 0.4476 0.4320 -0.7830
vn 0.1101 0.9938 -0.0169
vn 0.0188 0.9980 -0.0606
vn 0.0528 0.9977 0.0424
vn -0.0331 0.9987 0.0392
vn 0.0063 0.9995 -0.0305
vn 0.0108 0.9992 -0.0395
vn 0.1905 0.9767 -0.0987
vn 0.3478 -0.9057 0.2425
vn 0.0047 0.9998 -0.0205
vn -0.0454 0.9982 -0.0382
vn 0.0617 0.9977 -0.0278
vn 0.1366 0.9730 0.1858
vn 0.1088 0.9937 0.0259
vn -0.0739 0.9895 -0.1244
vn 0.0639 0.9941 -0.0874
vn 0.0054 0.9977 -0.0679
vn 0.0082 1.0000 -0.0015
vn -0.0459 0.9985 -0.0310
vn 0.0151 0.9995 -0.0267
vn 0.0693 0.9945 -0.0791
vn -0.0576 0.9983 -0.0043
vn -0.0095 0.9999 0.0050
vn 0.0011 0.9987 0.0505
vn -0.1052 0.9940 -0.0293
vn 0.0001 0.9960 0.0891
vn -0.0731 0.9973 0.0096
vn 0.0405 0.9991 -0.0116
vn 0.0415 0.9932 0.1089
vn -0.0279 0.9957 0.0888
vn -0.0661 0.9977 -0.0169
vn 0.0366 0.9990 0.0272
vn 0.0110 0.9993 0.0366
vn 0.0054 0.9999 -0.0124
vn -0.0020 0.9999 -0.0142
vn 0.0323 0.9991 -0.0278
vn -0.0674 0.9977 -0.0047
vn -0.0737 0.9969 -0.0273
vn 0.0458 0.9946 0.0929
vn -0.0173 0.9998 0.0136
vn 0.0479 0.9964 -0.0694
vn 0.0241 0.9990 -0.0369
vn -0.0581 0.9978 -0.0318
vn 0.3050 0.9329 0.1916
vn -0.0849 0.9935 -0.0761
vn 0.1228 0.9891 -0.0817
vn -0.0006 0.9997 0.0243
vn 0.0250 0.9997 0.0041
vn 0.0141 0.9978 -0.0643
vn -0.0305 0.9991 0.0285
vn 0.0083 0.9998 0.0169
vn 0.0065 0.9954 0.0961
vn -0.0308 0.9994 0.0143
vn 0.0216 0.9998 -0.0011
vn 0.0322 0.9993 -0.0193
vn 0.0061 0.9998 0.0188
vn -0.0006 0.9943 0.1062
vn -0.1028 0.9944 0.0237
vn -0.0237 0.9941 -0.1055
vn 0.0332 0.9989 0.0343
vn -0.2904 0.9483 -0.1282
vn -0.1367 0.9762 0.1685
vn -0.0264 0.9983 0.0510
vn -0.0362 0.9955 -0.0881
vn 0.0198 0.9981 0.0583
vn 0.0222 0.9994 -0.0281
vn -0.0214 0.9997 0.0112
vn 0.0140 0.9999 -0.0002
vn 0.0200 0.9996 0.0208
vn -0.1785 0.9762 -0.1233
vn 0.1958 0.9799 0.0387
vn 0.0186 0.9997 0.0137
vn -0.0221 0.9995 0.0221
vn -0.0379 0.9989 -0.0262
vn -0.0049 0.9995 -0.0327
vn 0.0212 0.9997 -0.0147
vn -0.0922 0.9939 0.0609
vn 0.0756 0.9970 0.0141
vn -0.1213 0.9888 0.0870
vn 0.0294 0.9993 0.0230
vn -0.0728 0.9971 0.0202
vn 0.0171 0.9993 -0.0342
vn 0.0314 0.9992 0.0242
vn -0.1086 0.9887 0.1031
vn 0.0019 0.9986 0.0525
vn 0.0192 0.9998 0.0095
vn 0.0717 0.9912 0.1116
vn 0.0657 0.9977 -0.0162
vn -0.0714 0.9974 0.0004
vn -0.0187 0.9925 -0.1209
vn 0.0249 0.9989 -0.0403
vn -0.0120 0.9981 -0.0607
vn -0.0627 0.9979 0.0165
vn 0.0272 0.9992 0.0306
vn 0.0076 0.9999 0.0118
vn 0.0053 0.9996 0.0266
vn -0.1655 0.9859 -0.0249
vn -0.0020 0.9978 0.0662
vn 0.0995 0.9930 0.0633
vn -0.0704 0.9974 -0.0183
vn 0.1132 0.9936 -0.0011
vn 0.0370 0.9968 -0.0708
vn 0.0748 0.9952 0.0629
vn 0.0252 0.9997 -0.0007
vn -0.0666 0.9975 0.0225
vn 0.1079 0.9937 -0.0287
vn -0.1098 0.9935 0.0308
vn 0.0094 0.9999 0.0133
vn 0.0729 0.9973 -0.0109
vn 0.0273 0.9975 -0.0656
vn -0.0143 0.9996 0.0241
vn -0.0050 1.0000 0.0037
vn 0.0050 1.0000 -0.0012
vn 0.0139 0.9999 -0.0046
vn -0.0310 0.9994 0.0172
vn 0.0406 0.9988 -0.0260
vn -0.0114 0.9999 0.0113
vn 0.0472 0.9982 0.0370
vn 0.0983 0.9928 -0.0679
vn 0.0005 0.9999 0.0117
vn -0.0286 0.9994 -0.0179
vn 0.0314 0.9995 -0.0096
vn 0.0193 0.9998 0.0061
vn -0.0233 0.9961 -0.0848
vn -0.2559 0.9636 -0.0771
vn -0.0182 0.9990 0.0411
vn -0.0041 1.0000 -0.0073
vn 0.0059 0.9999 0.0155
vn 0.0278 0.9995 0.0145
vn -0.0025 0.9997 -0.0259
vn 0.0151 0.9991 -0.0387
vn -0.1482 0.9850 0.0888
vn 0.2433 0.9518 -0.1867
vn -0.0709 0.9974 -0.0118
vn 0.3108 0.8971 0.3140
vn -0.0432 0.9988 0.0232
vn 0.0059 0.9998 0.0167
vn 0.0798 0.9968 0.0030
vn -0.1301 0.9848 -0.1149
vn -0.0310 0.9993 -0.0206
vn -0.0212 0.9968 0.0769
vn 0.0312 0.9972 -0.0676
vn -0.0109 0.9997 0.0212
vn 0.0203 0.9955 0.0921
vn 0.0100 0.9993 0.0347
vn -0.0528 0.9985 0.0171
vn -0.0402 0.9919 -0.1203
vn 0.0123 0.9984 -0.0559
vn 0.0091 0.9970 -0.0766
vn -0.0291 0.9996 -0.0023
vn 0.0082 0.9983 0.0569
vn 0.0495 0.9962 0.0715
vn 0.0459 0.9970 -0.0624
vn -0.0001 0.9991 0.0430
vn -0.0707 0.9968 0.0379
vn 0.0533 0.9985 -0.0101
vn -0.0257 0.9994 -0.0244
vn 0.0020 0.9999 -0.0102
vn -0.1640 0.9864 -0.0123
vn -0.0135 0.9939 -0.1096
vn 0.0103 0.9970 -0.0765
vn -0.0374 0.9993 -0.0009
vn -0.0123 0.9980 -0.0626
vn -0.0298 0.9992 0.0252
vn 0.0570 0.9982 -0.0162
vn -0.0212 0.9998 0.0056
vn -0.0318 0.9994 -0.0144
vn -0.0092 0.9992 -0.0377
vn 0.0053 1.0000 0.0046
vn -0.0805 0.9915 -0.1024
vn 0.0497 0.9966 0.0664
vn -0.2174 0.9437 0.2492
vn -0.0178 0.9987 0.0472
vn 0.0011 1.0000 -0.0041
vn 0.0089 0.9998 -0.0167
vn -0.0449 0.9956 0.0822
vn 0.0165 0.9998 -0.0102
vn -0.0324 0.9966 0.0756
vn -0.0268 0.9989 -0.0374
vn -0.0091 0.9998 -0.0169
vn -0.0046 0.9995 -0.0303
vn 0.0197 0.9997 -0.0117
vn -0.0326 0.9972 0.0669
vn 0.0249 0.9992 0.0325
vn -0.0260 0.9997 -0.0001
vn 0.0621 0.9979 0.0157
vn -0.0737 0.9953 0.0631
vn 0.0187 0.9979 0.0627
vn -0.1154 0.9926 -0.0389
vn 0.0365 0.9993 0.0110
vn -0.0096 0.9998 0.0175
vn 0.0454 0.9978 0.0474
vn 0.1647 0.9366 0.3094
vn -0.0237 0.9996 0.0138
vn -0.1276 0.9857 -0.1105
vn 0.0198 0.9913 0.1302
vn 0.0840 0.9958 -0.0374
vn -0.0342 0.9994 -0.0103
vn 0.0064 0.9997 0.0215
vn -0.0241 0.9995 0.0202
vn 0.0254 0.9940 0.1066
vn -0.0387 0.9992 -0.0024
vn 0.1203 0.9916 -0.0468
vn 0.0709 0.9973 0.0214
vn -0.0852 0.9852 -0.1486
vn 0.0378 0.9953 -0.0896
vn 0.0105 0.9986 -0.0525
vn 0.0501 0.9986 -0.0190
vn 0.0384 0.9982 0.0465
vn 0.0231 0.9988 -0.0442
vn 0.0346 0.9994 0.0089
vn -0.0307 0.9993 0.0205
vn -0.0112 0.9999 -0.0056
vn 0.0685 0.9964 -0.0494
vn -0.0627 0.9974 0.0343
vn 0.0100 0.9996 -0.0266
vn -0.0315 0.9978 -0.0585
vn 0.0949 0.9882 -0.1203
vn 0.0335 0.9991 0.0244
vn 0.0191 0.9958 -0.0895
vn 0.0238 0.9993 -0.0271
vn 0.0235 0.9997 0.0008
vn -0.1394 0.9524 0.2711
vn 0.0047 0.9973 0.0729
vn 0.0536 0.9963 0.0665
vn -0.0275 0.9996 0.0035
vn 0.3141 0.8914 -0.3268
vn -0.0012 0.9999 -0.0148
vn -0.0187 0.9975 0.0684
vn 0.0001 1.0000 -0.0024
vn -0.0040 0.9992 0.0394
vn -0.1043 0.9943 0.0215
vn 0.0207 0.9967 -0.0789
vn -0.0005 0.9984 -0.0558
vn 0.0524 0.9969 -0.0591
vn 0.0814 0.9967 -0.0071
vn -0.0500 0.9955 -0.0810
vn -0.1622 0.9797 -0.1177
vn 0.0716 0.9953 0.0655
vn 0.0331 0.9994 0.0051
vn -0.0146 0.9998 0.0111
vn -0.0128 0.9997 0.0186
vn -0.0043 0.9999 -0.0126
vn -0.0769 0.9956 -0.0544
vn 0.1245 0.9830 -0.1347
vn 0.0380 0.9990 -0.0245
vn -0.0056 0.9999 0.0109
vn -0.0218 0.9996 -0.0195
vn 0.0394 0.9977 -0.0555
vn 0.1064 0.9814 -0.1600
vn -0.1487 0.9726 0.1784
vn 0.0360 0.9990 -0.0249
vn 0.0195 0.9998 -0.0042
vn -0.0123 0.9997 -0.0225
vn 0.0253 0.9991 -0.0348
vn 0.0396 0.9992 0.0058
vn -0.0034 0.9964 0.0853
vn 0.0246 0.9996 -0.0127
vn 0.0141 0.9999 -0.0027
vn -0.0737 0.9970 0.0230
vn -0.0109 0.9987 -0.0506
vn -0.0190 0.9995 -0.0267
vn 0.0294 0.9987 -0.0409
vn -0.0569 0.9981 -0.0217
vn -0.0025 0.9993 -0.0382
vn -0.0187 0.9998 -0.0011
vn 0.0533 0.9957 0.0752
vn -0.0078 0.9990 -0.0447
vn -0.0352 0.9986 0.0383
vn -0.0053 0.9997 -0.0236
vn 0.0552 0.9969 0.0560
vn -0.0363 0.9988 0.0331
vn -0.0168 0.9980 -0.0610
vn -0.0100 0.9999 -0.0039
vn 0.0399 0.9991 -0.0110
vn -0.0212 0.9969 0.0762
vn -0.0004 1.0000 0.0028
vn -0.0010 1.0000 0.0067
vn -0.0293 0.9995 0.0130
vn 0.0071 0.9991 0.0425
vn 0.0368 0.9992 0.0155
vn 0.0198 0.9982 0.0566
vn -0.0086 0.9995 0.0291
vn -0.0544 0.9983 -0.0207
vn -0.0083 0.9999 -0.0097
vn -0.0764 0.9936 -0.0837
vn 0.0990 0.9915 -0.0843
vn -0.0131 0.9997 0.0199
vn -0.0096 0.9999 -0.0133
vn -0.0116 0.9999 0.0045
vn 0.0548 0.9967 -0.0598
vn -0.0485 0.9988 0.0008
vn 0.1045 0.9877 -0.1160
vn -0.0444 0.9989 -0.0138
vn -0.0255 0.9980 0.0583
vn 0.0660 0.9958 0.0631
vn -0.0256 0.9993 0.0274
vn 0.0054 0.9999 0.0089
vn -0.0303 0.9981 0.0541
vn -0.1483 0.9882 0.0370
vn 0.0368 0.9954 -0.0884
vn 0.0298 0.9995 -0.0087
vn -0.0649 0.9965 -0.0529
vn 0.0125 0.9998 -0.0122
vn 0.0069 1.0000 -0.0001
vn -0.0172 0.9986 0.0501
vn -0.0008 0.9992 -0.0390
vn -0.0056 0.9991 -0.0415
vn -0.0505 0.9970 -0.0582
vn 0.0144 0.9998 -0.0105
vn 0.0054 0.9993 0.0381
vn -0.1170 0.9927 0.0297
vn 0.0391 0.9991 -0.0183
vn -0.0266 0.9996 0.0002
vn -0.0231 0.9972 0.0709
vn 0.0137 0.9974 0.0708
vn -0.0089 0.9999 0.0077
vn -0.0362 0.9959 -0.0835
vn -0.0214 0.9997 0.0078
vn 0.0180 0.9988 -0.0454
vn 0.0138 0.9999 -0.0001
vn 0.0144 0.9995 -0.0273
vn 0.0545 0.9985 0.0089
vn -0.0390 0.9984 -0.0404
vn -0.0194 0.9998 0.0015
vn -0.0328 0.9989 0.0344
vn 0.1384 0.9900 0.0270
vn -0.0124 0.9982 -0.0579
vn 0.0465 0.9985 0.0275
vn -0.0170 0.9996 0.0226
vn 0.0311 0.9983 -0.0484
vn -0.0424 0.9991 0.0045
vn 0.0359 0.9994 0.0022
vn 0.0127 0.9999 0.0012
vn -0.0208 0.9987 -0.0470
vn 0.0089 0.9988 -0.0480
vn -0.0281 0.9991 0.0319
vn -0.0107 0.9990 0.0442
vn -0.0004 0.9999 0.0136
vn -0.0040 0.9983 0.0576
vn -0.0258 0.9984 0.0508
vn 0.0256 0.9970 -0.0730
vn 0.1016 0.9843 0.1445
vn 0.0504 0.9987 0.0074
vn 0.0417 0.9990 -0.0174
vn 0.0188 0.9980 0.0610
vn 0.0366 0.9984 -0.0441
vn 0.0030 0.9995 0.0318
vn 0.0667 0.9898 0.1262
vn 0.0386 0.9992 -0.0117
vn -0.0102 0.9999 0.0027
vn -0.0116 0.9999 0.0050
vn 0.0625 0.9975 0.0330
vn -0.0052 1.0000 -0.0038
vn -0.0041 0.9999 0.0128
vn -0.0446 0.9977 -0.0507
vn -0.0269 0.9988 0.0416
vn -0.0079 0.9991 -0.0427
vn 0.0680 0.9948 0.0764
vn 0.0080 0.9990 -0.0435
vn 0.0020 1.0000 0.0064
vn 0.0156 0.9990 -0.0416
vn -0.0375 0.9984 -0.0434
vn 0.0004 1.0000 0.0016
vn -0.0247 0.9953 0.0931
vn -0.0578 0.9982 0.0152
vn 0.0221 0.9964 0.0818
vn 0.0540 0.9980 -0.0328
vn 0.0182 0.9998 0.0080
vn -0.0073 0.9995 0.0298
vn -0.0224 0.9997 0.0050
vn -0.0346 0.9994 0.0077
vn 0.0107 0.9997 -0.0225
vn 0.0600 0.9980 0.0222
vn 0.0173 0.9992 -0.0350
vn -0.0310 0.9991 -0.0301
vn -0.0642 0.9913 -0.1147
vn 0.0010 0.9998 -0.0212
vn 0.0019 0.9998 -0.0194
vn -0.0661 0.9969 0.0420
vn 0.0517 0.9984 0.0248
vn -0.0472 0.9969 -0.0635
vn 0.0294 0.9996 -0.0002
vn -0.0018 1.0000 0.0036
vn -0.0199 0.9998 0.0067
vn 0.0169 0.9944 0.1045
vn -0.0187 0.9998 0.0059
vn 0.0236 0.9996 -0.0128
vn 0.1277 0.9918 -0.0070
vn 0.0385 0.9941 0.1014
vn 0.0906 0.9919 -0.0885
vn -0.1053 0.9936 -0.0417
vn -0.0108 0.9983 0.0567
vn -0.0437 0.9990 0.0109
vn 0.0325 0.9989 0.0344
vn 0.0323 0.9995 -0.0013
vn -0.1013 0.9938 0.0449
vn -0.1001 0.9806 0.1686
vn -0.0777 0.9940 -0.0766
vn 0.0536 0.9983 -0.0207
vn -0.0405 0.9985 0.0362
vn -0.0393 0.9972 -0.0635
vn 0.0300 0.9993 -0.0213
vn -0.0194 0.9973 0.0706
vn 0.0226 0.9977 -0.0632
vn 0.0803 0.9944 -0.0690
vn 0.0014 0.9988 -0.0480
vn 0.0191 0.9994 0.0302
vn -0.0204 0.9998 -0.0087
vn 0.0181 0.9996 0.0238
vn -0.0425 0.9991 -0.0095
vn 0.0174 0.9981 0.0599
vn -0.0155 0.9998 -0.0084
vn -0.0278 0.9996 0.0049
vn 0.0993 0.9890 -0.1093
vn -0.0042 0.9994 0.0358
vn 0.0230 0.9996 0.0170
vn 0.0957 0.9937 0.0578
vn 0.0221 0.9896 -0.1418
vn -0.0068 0.9999 -0.0075
vn 0.0768 0.9966 -0.0297
vn 0.0167 0.9987 0.0479
vn -0.0388 0.9988 -0.0284
vn 0.0265 0.9920 0.1237
vn 0.0792 0.9826 0.1681
vn -0.0103 0.9999 -0.0069
vn 0.1136 0.9906 0.0765
vn -0.0646 0.9946 -0.0806
vn -0.0191 0.9976 -0.0663
vn 0.0215 0.9997 -0.0124
vn -0.0362 0.9983 -0.0447
vn 0.0736 0.9793 -0.1885
vn 0.0056 0.9999 0.0148
vn -0.0412 0.9991 -0.0125
vn -0.0198 0.9998 0.0083
vn 0.0356 0.9990 -0.0272
vn 0.0083 1.0000 0.0002
vn 0.0196 0.9998 -0.0023
vn -0.0894 0.9959 0.0113
vn 0.0090 0.9994 0.0346
vn -0.0025 0.9977 -0.0671
vn -0.0207 0.9982 -0.0563
vn 0.0775 0.9947 -0.0681
vn 0.0393 0.9987 0.0329
vn 0.0019 0.9999 -0.0120
vn -0.0014 0.9998 0.0213
vn 0.0412 0.9990 0.0169
vn 0.0171 0.9984 -0.0534
vn 0.0200 0.9998 -0.0006
vn -0.0081 0.9997 -0.0209
vn -0.1817 0.9678 0.1743
vn 0.0176 0.9998 0.0068
vn 0.0581 0.9983 0.0084
vn -0.1127 0.9935 -0.0177
vn 0.0263 0.9982 -0.0545
vn 0.0499 0.9985 0.0244
vn 0.0431 0.9956 -0.0838
vn 0.0162 0.9993 0.0329
vn -0.0993 0.9943 0.0398
vn -0.0164 0.9984 -0.0537
vn -0.1395 0.9878 0.0689
vn -0.0029 0.9996 0.0276
vn 0.0740 0.9968 -0.0314
vn 0.0029 0.9923 0.1239
vn -0.0431 0.9984 0.0368
vn 0.0201 0.9987 -0.0469
vn 0.0053 0.9937 -0.1116
vn 0.0637 0.9367 0.3443
vn -0.1141 0.9885 0.0996
vn -0.0576 0.9939 -0.0939
vn 0.0331 0.9964 0.0776
vn 0.0372 0.9987 -0.0362
vn -0.0411 0.9989 -0.0220
vn 0.0569 0.9967 -0.0573
vn -0.0431 0.9987 0.0270
vn 0.0346 0.9982 0.0481
vn -0.0938 0.9860 0.1382
vn 0.0359 0.9993 0.0053
vn -0.0133 0.9997 -0.0211
vn 0.1459 0.9831 -0.1106
vn -0.0304 0.9991 -0.0296
vn -0.0659 0.9976 -0.0190
vn 0.0003 0.9995 -0.0327
vn 0.0121 0.9999 0.0044
vn 0.0099 0.9999 0.0107
vn -0.0038 0.9984 -0.0573
vn 0.1241 0.9899 -0.0687
vn -0.0106 0.9982 -0.0586
vn 0.1357 0.9879 -0.0750
vn -0.0702 0.9900 0.1226
vn 0.0886 0.9937 0.0680
vn 0.0564 0.9983 -0.0171
vn -0.0083 0.9986 0.0523
vn -0.0282 0.9995 0.0111
vn 0.0055 0.9998 0.0199
vn -0.0234 0.9987 0.0451
vn -0.0090 0.9993 -0.0357
vn 0.0356 0.9991 -0.0207
vn 0.0302 0.9976 -0.0621
vn 0.0518 0.9985 0.0192
vn -0.0958 0.9946 0.0403
vn 0.1144 0.9934 0.0077
vn -0.0372 0.9943 0.1002
vn 0.1128 0.9857 0.1248
vn -0.0304 0.9993 -0.0210
vn -0.0827 0.9831 -0.1630
vn -0.0366 0.9993 0.0060
vn -0.0107 0.9999 -0.0082
vn 0.0581 0.9971 -0.0486
vn -0.1800 0.9833 -0.0257
vn 0.0603 0.9956 0.0718
vn -0.0215 0.9992 0.0348
vn 0.0089 0.9978 0.0662
vn 0.0268 0.9994 0.0227
vn 0.0550 0.9985 -0.0057
vn -0.3443 0.9305 0.1251
vn 0.0542 0.9971 0.0536
vn 0.0760 0.9918 -0.1024
vn 0.0056 0.9999 0.0137
vn -0.0688 0.9870 -0.1452
vn 0.0602 0.9968 -0.0532
vn -0.0181 0.9996 -0.0209
vn -0.0408 0.9991 -0.0125
vn 0.0246 0.9991 -0.0338
vn -0.0072 0.9998 0.0174
vn -0.0568 0.9980 -0.0264
vn -0.0531 0.9978 -0.0387
vn 0.0353 0.9978 0.0570
vn 0.0450 0.9961 0.0756
vn 0.0443 0.9985 -0.0326
vn -0.0170 0.9997 -0.0149
vn 0.0157 0.9996 0.0235
vn 0.0296 0.9973 -0.0669
vn -0.0075 0.9999 -0.0071
vn 0.1162 0.9920 0.0499
vn -0.0706 0.9973 -0.0197
vn -0.0449 0.9989 0.0112
vn 0.0445 0.9897 -0.1359
vn -0.1138 0.9898 -0.0859
vn 0.0407 0.9988 -0.0258
vn 0.0139 0.9999 -0.0067
vn -0.0018 1.0000 0.0073
vn -0.0085 0.9951 0.0990
vn 0.0011 0.9947 0.1029
vn -0.6570 0.5984 0.4585
vn -0.1314 0.9814 -0.1400
vn 0.0076 0.9999 -0.0081
vn -0.0072 1.0000 -0.0044
vn -0.0362 0.9981 -0.0492
vn 0.0264 0.9984 0.0499
vn 0.0772 0.9951 -0.0618
vn 0.1287 0.9901 0.0563
vn -0.0568 0.9971 -0.0507
vn -0.0091 0.9999 0.0046
vn 0.0257 0.9991 0.0340
vn -0.0283 0.9996 0.0077
vn 0.0064 0.9988 -0.0494
vn 0.0086 0.9997 -0.0245
vn 0.0003 1.0000 -0.0062
vn -0.0687 0.9976 -0.0101
vn 0.1245 0.9834 0.1320
vn 0.0774 0.9970 -0.0000
vn -0.1421 0.9878 -0.0645
vn 0.0077 0.9999 -0.0116
vn -0.0205 0.9997 -0.0156
vn 0.0245 0.9989 -0.0402
vn -0.0008 0.9999 0.0157
vn -0.0382 0.9969 0.0692
vn 0.0639 0.9971 0.0403
vn -0.0236 0.9994 -0.0256
vn 0.0110 0.9990 0.0431
vn -0.3378 0.9064 0.2536
vn 0.0646 0.9972 -0.0379
vn 0.0820 0.9934 0.0807
vn 0.0779 0.9833 -0.1646
vn 0.0275 0.9980 -0.0561
vn -0.0351 0.9969 -0.0700
vn -0.0530 0.9913 -0.1203
vn 0.0620 0.9979 0.0166
vn -0.0235 0.9995 0.0200
vn 0.0132 0.9999 -0.0078
vn -0.0348 0.9984 -0.0436
vn 0.0272 0.9995 -0.0130
vn -0.0183 0.9997 -0.0162
vn -0.0352 0.9994 -0.0011
vn -0.0650 0.9923 -0.1050
vn 0.0465 0.9987 0.0217
vn -0.0547 0.9948 0.0855
vn -0.0551 0.9979 0.0327
vn -0.0751 0.9895 -0.1238
vn 0.0414 0.9990 -0.0186
vn 0.0153 0.9999 -0.0072
vn 0.0560 0.9984 0.0014
vn -0.0335 0.9991 -0.0277
vn -0.0076 0.9998 0.0156
vn -0.0049 0.9992 0.0402
vn 0.1034 0.9945 0.0190
vn -0.1026 0.9412 0.3220
vn 0.2722 0.9400 -0.2055
vn -0.0208 0.9994 0.0262
vn 0.0517 0.9969 0.0591
vn 0.0303 0.9979 -0.0572
vn -0.0507 0.9987 0.0042
vn -0.0154 0.9978 0.0641
vn -0.0583 0.9948 -0.0834
vn -0.0047 0.9994 -0.0331
vn 0.0744 0.9965 0.0374
vn 0.0674 0.9965 0.0489
vn -0.0791 0.9889 -0.1254
vn -0.0379 0.9993 0.0031
vn 0.0287 0.9980 0.0565
vn -0.0141 0.9998 -0.0155
vn -0.0578 0.9977 -0.0347
vn 0.0328 0.9993 -0.0177
vn 0.0682 0.9896 0.1268
vn -0.0386 0.9979 -0.0518
vn 0.0634 0.9838 -0.1678
vn 0.0865 0.9949 0.0525
vn 0.0567 0.9919 0.1139
vn 0.0197 0.9997 0.0125
vn -0.0008 0.9999 -0.0104
vn -0.0719 0.9974 0.0015
vn 0.0570 0.9983 -0.0156
vn 0.0527 0.9985 0.0119
vn -0.0763 0.9969 0.0173
vn -0.0168 0.9999 -0.0018
vn 0.0134 0.9987 0.0488
vn -0.0499 0.9970 0.0587
vn -0.0003 0.9997 0.0225
vn -0.0468 0.9986 -0.0259
vn 0.0768 0.9951 -0.0624
vn -0.0236 0.9994 -0.0250
vn -0.0634 0.9980 0.0075
vn 0.0353 0.9989 0.0294
vn -0.0043 0.9995 -0.0320
vn 0.0272 0.9969 -0.0744
vn -0.0125 0.9996 -0.0261
vn -0.0039 1.0000 -0.0032
vn 0.0583 0.9983 -0.0025
vn -0.0399 0.9991 0.0172
vn 0.0630 0.9969 -0.0469
vn -0.0354 0.9993 0.0108
vn 0.0214 0.9991 0.0358
vn 0.0047 0.9971 0.0758
vn -0.1507 0.9795 -0.1336
vn -0.0574 0.9923 0.1100
vn 0.0471 0.9955 0.0821
vn 0.0239 0.9982 0.0553
vn 0.0144 0.9996 -0.0256
vn 0.0012 0.9997 -0.0230
vn 0.0755 0.9942 -0.0771
vn -0.2084 0.9759 0.0648
vn 0.0525 0.9986 -0.0114
vn 0.0022 0.9998 -0.0217
vn 0.0562 0.9984 -0.0021
vn -0.0186 0.9993 0.0311
vn -0.0813 0.9955 0.0487
vn -0.0045 0.9953 -0.0962
vn -0.0114 0.9999 -0.0119
vn 0.0478 0.9981 0.0377
vn -0.0555 0.9984 -0.0052
vn -0.0072 0.9986 -0.0528
vn -0.0268 0.9980 -0.0569
vn -0.0116 0.9991 0.0414
vn -0.0558 0.9979 0.0314
vn 0.0587 0.9982 0.0099
vn -0.0714 0.9943 0.0794
vn -0.0040 0.9999 -0.0107
vn 0.0760 0.9890 -0.1269
vn 0.0765 0.9970 0.0108
vn 0.0256 0.9991 0.0341
vn -0.0457 0.9989 -0.0038
vn 0.0425 0.9987 0.0270
vn -0.0011 0.9993 0.0379
vn -0.1023 0.9908 0.0890
vn 0.0565 0.9957 -0.0731
vn -0.0523 0.9959 -0.0732
vn -0.0249 0.9990 0.0384
vn -0.0034 1.0000 0.0079
vn -0.0251 0.9981 -0.0568
vn 0.0469 0.9975 -0.0534
vn 0.0263 0.9996 -0.0039
vn -0.0125 0.9999 0.0051
vn 0.0373 0.9993 -0.0082
vn 0.0361 0.9971 -0.0664
vn 0.0318 0.9995 -0.0062
vn -0.1139 0.9894 0.0903
vn -0.0172 0.9998 -0.0083
vn 0.0305 0.9991 -0.0298
vn -0.0890 0.9938 -0.0660
vn 0.0513 0.9987 0.0057
vn 0.0089 0.9996 -0.0255
vn 0.4050 0.6268 0.6656
vn -0.0331 0.9985 0.0445
vn 0.0459 0.9988 0.0192
vn -0.0647 0.9940 -0.0882
vn -0.0203 0.9954 0.0941
vn 0.0367 0.9981 0.0499
vn -0.0336 0.9994 0.0113
vn -0.0027 1.0000 -0.0007
vn 0.0327 0.9994 0.0149
vn -0.0350 0.9976 0.0595
vn 0.0386 0.9992 0.0124
vn -0.0523 0.9986 -0.0114
vn 0.0904 0.9805 -0.1746
vn 0.0250 0.9987 -0.0446
vn 0.0128 0.9999 -0.0018
vn 0.0457 0.9973 -0.0574
vn -0.3143 0.9057 -0.2846
vn -0.0071 0.9998 -0.0205
vn 0.0043 0.9998 0.0197
vn 0.0245 0.9986 0.0475
vn -0.0409 0.9991 0.0091
vn 0.0036 0.9981 -0.0613
vn 0.0710 0.9967 0.0394
vn -0.0129 0.9999 0.0028
vn -0.0052 1.0000 -0.0041
vn -0.0855 0.9944 -0.0623
vn 0.0360 0.9993 -0.0067
vn -0.0378 0.9992 0.0100
vn -0.0108 0.9998 -0.0151
vn 0.0033 1.0000 0.0049
vn 0.0111 0.9982 0.0586
vn -0.0102 0.9998 0.0156
vn -0.0322 0.9994 0.0130
vn -0.0135 0.9998 0.0124
vn -0.0210 0.9974 -0.0685
vn 0.1742 0.9694 -0.1727
vn 0.0203 0.9995 -0.0222
vn -0.0071 0.9999 0.0072
vn -0.0124 0.9999 -0.0093
vn 0.0530 0.9983 -0.0231
vn 0.0108 0.9992 0.0395
vn -0.0698 0.9976 -0.0030
vn 0.0034 0.9970 0.0767
vn 0.0095 0.9991 -0.0419
vn -0.5109 0.8265 -0.2363
vn 0.0562 0.9959 0.0702
vn -0.0855 0.9939 0.0699
vn 0.0107 0.9999 0.0047
vn -0.0206 0.9997 0.0101
vn -0.0105 0.9997 0.0201
vn 0.0125 0.9999 0.0112
vn -0.0860 0.9883 -0.1257
vn -0.0016 1.0000 -0.0023
vn -0.1058 0.9935 -0.0426
vn 0.0279 0.9938 0.1077
vn 0.0317 0.9995 -0.0059
vn 0.0319 0.9994 0.0094
vn -0.1108 0.9927 -0.0483
vn 0.0246 0.9993 0.0297
vn -0.0411 0.9990 0.0175
vn 0.1123 0.9922 0.0542
vn -0.0649 0.9979 -0.0058
vn -0.0389 0.9984 -0.0418
vn 0.0471 0.9979 0.0448
vn 0.0439 0.9971 0.0624
vn 0.2185 -0.9534 0.2082
vn 0.0055 0.9983 -0.0577
vn 0.2600 0.9615 -0.0887
vn -0.0345 0.9988 0.0352
vn -0.0409 0.9991 0.0107
vn 0.1080 0.9937 0.0306
vn 0.0350 0.9960 -0.0823
vn -0.0300 0.9992 -0.0258
vn -0.0344 0.9991 0.0237
vn -0.0000 0.9864 0.1646
vn -0.1099 0.9700 0.2167
vn -0.0333 0.9992 0.0233
vn 0.3852 0.8617 0.3304
vn -0.0560 0.9984 -0.0034
vn -0.0712 0.9973 -0.0203
vn -0.0361 0.9982 0.0475
vn -0.0098 0.9998 -0.0145
vn 0.0132 0.9996 -0.0259
vn -0.0562 0.9982 -0.0211
vn 0.1455 0.9890 0.0280
vn -0.0290 0.9988 -0.0392
vn 0.0762 0.9966 -0.0302
vn -0.0768 0.9952 0.0611
vn -0.0587 0.9979 -0.0290
vn 0.0196 0.9974 0.0696
vn 0.0369 0.9866 0.1587
vn -0.0158 0.9966 -0.0804
vn 0.0258 0.9995 -0.0177
vn -0.0139 0.9996 -0.0252
vn -0.0262 0.9993 -0.0248
vn 0.0688 0.9976 0.0082
vn 0.2922 0.8035 0.5187
vn 0.0156 0.9995 0.0291
vn 0.0311 0.9986 0.0420
vn -0.0050 0.9997 0.0230
vn -0.0168 0.9998 0.0125
vn 0.0297 0.9960 -0.0846
vn -0.0709 0.9975 0.0027
vn -0.0661 0.9911 -0.1157
vn -0.0172 0.9997 0.0199
vn -0.2436 0.9698 -0.0142
vn 0.0398 0.9990 -0.0189
vn -0.0118 0.9996 0.0261
vn 0.0447 0.9987 -0.0233
vn -0.0348 0.9977 -0.0590
vn -0.0102 0.9998 0.0186
vn 0.0446 0.9949 -0.0907
vn 0.0158 0.9969 0.0772
vn 0.0697 0.9972 -0.0266
vn -0.0926 0.9957 -0.0088
vn -0.2470 0.9292 -0.2750
vn -0.0109 0.9999 0.0006
vn 0.0353 0.9962 0.0790
vn 0.0503 0.9967 0.0644
vn 0.0289 0.9992 -0.0282
vn -0.0283 0.9995 -0.0131
vn 0.0251 0.9989 -0.0402
vn -0.0225 0.9995 0.0224
vn -0.0324 0.9992 0.0249
vn -0.0006 0.9994 -0.0334
vn 0.0933 0.9956 0.0012
vn -0.0474 0.9984 -0.0305
vn -0.0094 0.9999 0.0129
vn 0.0147 0.9999 -0.0073
vn -0.0063 0.9998 -0.0177
vn 0.0087 0.9998 -0.0165
vn -0.0368 0.9989 -0.0307
vn -0.0270 0.9956 0.0898
vn -0.0280 0.9989 0.0384
vn -0.0262 0.9990 -0.0373
vn -0.0102 0.9990 -0.0428
vn 0.0810 0.9958 -0.0420
vn -0.0328 0.9994 0.0112
vn -0.0250 0.9994 -0.0248
vn -0.0345 0.9946 0.0975
vn 0.0487 0.9975 0.0518
vn 0.0588 0.9943 -0.0886
vn 0.0190 0.9972 0.0729
vn 0.0109 0.9922 0.1238
vn 0.0525 0.9976 0.0458
vn 0.8006 -0.3203 -0.5064
vn 0.0189 0.9989 0.0429
vn 0.0982 0.9779 0.1847
vn 0.0102 0.9998 -0.0142
vn 0.0594 0.9971 0.0470
vn 0.1357 0.9860 -0.0965
vn 0.0507 0.9984 -0.0257
vn -0.0189 0.9997 0.0152
vn 0.0427 0.9989 0.0188
vn -0.0253 0.9988 0.0428
vn -0.0890 0.9957 0.0256
vn 0.0476 0.9988 -0.0118
vn -0.0097 0.9996 0.0255
vn 0.0383 0.9972 -0.0645
vn -0.0187 0.9998 -0.0096
vn -0.0009 0.9994 0.0333
vn 0.0425 0.9986 -0.0326
vn 0.0631 0.9955 -0.0702
vn -0.0923 0.9925 -0.0806
vn 0.0958 0.9954 -0.0078
vn -0.0813 0.9937 0.0776
vn 0.0294 0.9900 0.1378
vn -0.4002 0.9021 0.1617
vn 0.0123 0.9984 -0.0558
vn 0.0158 0.9990 -0.0425
vn 0.0525 0.9986 -0.0035
vn -0.1251 0.9857 0.1128
vn 0.1301 0.9915 -0.0012
vn 0.0069 0.9987 0.0501
vn 0.0803 0.9929 -0.0879
vn 0.0250 0.9987 0.0436
vn -0.0592 0.9881 0.1418
vn 0.0433 0.9987 0.0262
vn -0.0395 0.9987 -0.0312
vn 0.0585 0.9976 -0.0368
vn -0.0117 0.9999 -0.0126
vn 0.0446 0.9984 0.0344
vn -0.0290 0.9996 -0.0025
vn 0.0258 0.9993 0.0256
vn 0.0339 0.9853 0.1675
vn 0.0023 0.9983 0.0579
vn 0.0045 1.0000 -0.0067
vn 0.1898 0.9658 0.1768
vn -0.0963 0.9952 0.0176
vn 0.2773 0.9604 0.0264
vn 0.0068 0.9997 -0.0229
vn -0.0084 0.9995 0.0289
vn 0.0134 0.9999 -0.0057
vn 0.0354 0.9985 0.0412
vn 0.0443 0.9978 -0.0486
vn 0.0317 0.9956 -0.0881
vn 0.1307 0.9910 0.0271
vn -0.0116 0.9975 -0.0693
vn -0.1032 0.9946 -0.0046
vn 0.0792 0.9965 0.0250
vn -0.0510 0.9974 -0.0515
vn 0.0177 0.9995 -0.0250
vn -0.0050 0.9787 0.2050
vn -0.1662 0.9791 0.1174
vn 0.1730 0.9641 0.2013
vn -0.0251 0.9971 -0.0715
vn 0.0094 0.9998 -0.0167
vn -0.0314 0.9994 -0.0166
vn 0.0290 0.9996 -0.0006
vn -0.0362 0.9992 -0.0172
vn -0.0221 0.9980 0.0590
vn 0.0529 0.9968 -0.0602
vn -0.0498 0.9900 -0.1323
vn -0.0442 0.9987 0.0243
vn -0.0248 0.9997 0.0043
vn -0.0381 0.9982 -0.0460
vn 0.0491 0.9986 0.0203
vn -0.0397 0.9991 -0.0166
vn -0.0730 0.9969 -0.0309
vn 0.5738 -0.6672 -0.4750
vn 0.0010 0.9995 0.0322
vn -0.0360 0.9992 0.0150
vn 0.0138 0.9998 -0.0155
vn -0.0352 0.9994 -0.0051
vn -0.0851 0.9940 -0.0684
vn 0.0270 0.9986 0.0457
vn -0.0287 0.9994 -0.0214
vn 0.0190 0.9994 0.0283
vn -0.0036 0.9988 -0.0483
vn 0.0986 0.9949 -0.0218
vn 0.1202 0.9314 0.3436
vn -0.0239 0.9996 -0.0165
vn 0.0084 1.0000 -0.0038
vn -0.0277 0.9996 0.0048
vn 0.0293 0.9995 0.0138
vn -0.0323 0.9990 0.0304
vn 0.0062 1.0000 -0.0043
vn -0.0367 0.9993 -0.0094
vn 0.0519 0.9986 -0.0076
vn 0.0209 0.9986 0.0481
vn -0.0352 0.9994 0.0063
vn 0.0244 0.9997 -0.0046
vn -0.0307 0.9988 -0.0376
vn 0.0189 0.9998 -0.0055
vn -0.0243 0.9997 0.0093
vn -0.0612 0.9977 -0.0296
vn 0.0561 0.9980 -0.0295
vn 0.0266 0.9990 -0.0355
vn -0.0168 0.9988 -0.0469
vn 0.0195 0.9991 -0.0368
vn -0.0547 0.9976 -0.0418
vn 0.0243 0.9997 -0.0053
vn -0.0310 0.9993 0.0220
vn -0.0208 0.9997 0.0095
vn -0.0012 0.9993 -0.0363
vn -0.0225 0.9996 0.0141
vn -0.0314 0.9993 -0.0206
vn 0.0012 1.0000 0.0016
vn -0.0559 0.9983 -0.0141
vn 0.0311 0.9990 -0.0312
vn 0.0118 0.9995 -0.0307
vn -0.1456 0.9889 0.0301
vn -0.0231 0.9964 -0.0816
vn -0.0127 0.9998 -0.0144
vn 0.0462 0.9981 0.0410
vn 0.0504 0.9963 -0.0697
vn -0.0282 0.9996 -0.0090
vn -0.1172 0.9875 0.1058
vn -0.0326 0.9916 -0.1254
vn 0.0470 0.9979 0.0439
vn -0.0093 0.9998 0.0195
vn 0.0080 0.9990 -0.0429
vn -0.0449 0.9986 -0.0285
vn -0.0136 0.9970 0.0759
vn -0.0008 0.9996 -0.0268
vn -0.0309 0.9995 0.0014
vn -0.0201 0.9996 0.0190
vn -0.2617 0.9559 -0.1335
vn -0.0117 0.9998 0.0152
vn 0.0333 0.9994 -0.0138
vn -0.0187 0.9989 -0.0438
vn 0.0439 0.9975 0.0561
vn -0.0218 0.9997 0.0084
vn 0.0699 0.9966 -0.0430
vn -0.0028 0.9997 -0.0223
vn 0.0426 0.9991 -0.0047
vn 0.0337 0.9969 0.0707
vn 0.0205 0.9997 0.0127
vn -0.0294 0.9987 -0.0420
vn -0.0380 0.9988 0.0320
vn 0.0146 0.9999 0.0059
vn 0.0167 0.9998 -0.0143
vn 0.0464 0.9979 0.0451
vn 0.0691 0.9969 0.0380
vn 0.0462 0.9929 -0.1100
vn 0.0101 0.9999 -0.0003
vn -0.0272 0.9995 -0.0169
vn -0.0115 0.9998 0.0170
vn 0.0019 0.9994 -0.0338
vn 0.0054 0.9988 0.0481
vn -0.0305 0.9995 0.0049
vn -0.0204 0.9993 0.0310
vn 0.0146 0.9987 -0.0486
vn 0.0119 0.9992 -0.0373
vn -0.0377 0.9983 0.0445
vn 0.0080 0.9988 -0.0492
vn -0.0648 0.9972 -0.0374
vn -0.0228 0.9985 0.0489
vn 0.0665 0.9889 -0.1331
vn -0.0711 0.9955 0.0632
vn -0.0383 0.9993 -0.0027
vn -0.0330 0.9991 -0.0253
vn 0.1045 0.9839 0.1448
vn 0.0531 0.9977 -0.0413
vn -0.1658 0.9742 0.1530
vn -0.0392 0.9973 -0.0613
vn -0.0436 0.9968 0.0668
vn -0.0487 0.9985 0.0243
vn 0.0238 0.9992 -0.0331
vn -0.0262 0.9994 0.0245
vn 0.3284 0.9317 0.1554
vn 0.2670 0.9448 -0.1901
vn -0.0701 0.9971 0.0281
vn 0.0458 0.9986 0.0262
vn 0.0850 0.9929 -0.0838
vn -0.0067 0.9856 0.1687
vn 0.1198 0.9881 -0.0967
vn -0.0265 0.9984 0.0498
vn 0.0734 0.9942 -0.0784
vn -0.0486 0.9986 0.0203
vn -0.0706 0.9974 0.0148
vn -0.0609 0.9981 -0.0068
vn 0.1844 0.9414 -0.2825
vn -0.0357 0.9945 0.0986
vn 0.0329 0.9946 -0.0980
vn -0.1643 0.9668 0.1958
vn -0.0495 0.9987 0.0098
vn -0.0405 0.9986 -0.0340
vn 0.1755 0.9839 -0.0330
vn 0.0385 0.9977 0.0554
vn 0.0376 0.9989 -0.0273
vn 0.0720 0.9944 0.0775
vn 0.4211 0.8694 -0.2586
vn 0.0213 0.9997 -0.0119
vn -0.0406 0.9991 -0.0092
vn -0.0407 0.9991 -0.0099
vn 0.2709 -0.9594 -0.0790
vn -0.0116 0.9996 0.0265
vn -0.1435 -0.9767 -0.1598
vn -0.0418 0.9978 0.0512
vn 0.0115 0.9999 -0.0052
vn 0.0098 0.9991 -0.0409
vn 0.0028 1.0000 -0.0010
vn 0.0563 0.9966 -0.0604
vn -0.0185 0.9996 0.0224
vn -0.0429 0.9868 0.1560
vn 0.0495 0.9988 0.0008
vn -0.0980 0.9935 -0.0572
vn -0.0122 0.9998 0.0147
vn -0.0233 0.9997 0.0113
vn -0.1080 0.9842 0.1403
vn -0.0078 0.9991 0.0427
vn 0.0340 0.9988 -0.0352
vn -0.0320 0.9990 -0.0312
vn -0.0208 0.9976 -0.0655
vn -0.1116 0.9861 0.1227
vn 0.0225 0.9997 0.0117
vn -0.0123 0.9999 0.0023
vn 0.1944 0.9809 0.0101
vn -0.0718 0.9957 -0.0590
vn -0.0638 0.9947 -0.0809
vn 0.0127 0.9993 -0.0339
vn -0.0435 0.9989 0.0178
vn 0.0770 0.9940 -0.0774
vn 0.0182 0.9996 0.0209
vn -0.0741 0.9689 0.2359
vn -0.1238 0.9918 0.0322
vn 0.0812 0.9959 0.0402
vn 0.0003 0.9984 0.0570
vn 0.0054 0.9996 0.0286
vn -0.0164 0.9994 0.0316
vn 0.0397 0.9987 -0.0333
vn 0.0123 0.9982 0.0589
vn 0.0327 0.9978 -0.0577
vn -0.0983 0.9941 0.0454
vn 0.0457 0.9964 -0.0713
vn -0.0681 0.9961 0.0557
vn -0.1379 0.9887 -0.0594
vn 0.0114 0.9985 -0.0530
vn -0.0458 0.9985 -0.0309
vn 0.0740 0.9954 0.0605
vn 0.0423 0.9989 0.0203
vn -0.0417 0.9948 0.0933
vn 0.0117 0.9985 0.0534
vn -0.0664 0.9975 0.0248
vn -0.0057 0.9995 -0.0303
vn 0.0188 0.9989 0.0419
vn -0.0529 0.9968 0.0596
vn -0.0732 0.9969 -0.0305
vn -0.0093 0.9955 -0.0939
vn -0.0483 0.9986 0.0209
vn 0.0082 0.9998 -0.0207
vn -0.0216 0.9981 0.0575
vn -0.1071 0.9941 -0.0169
vn 0.0054 0.9982 -0.0590
vn 0.0011 0.9919 -0.1267
vn 0.0270 0.9984 -0.0489
vn 0.0436 0.9986 0.0290
vn 0.0055 1.0000 0.0016
vn 0.0369 0.9909 0.1295
vn 0.0362 0.9967 0.0725
vn 0.0015 0.9994 0.0341
vn 0.0473 0.9923 -0.1146
vn -0.0774 0.9919 0.1004
vn 0.0713 0.9934 -0.0897
vn 0.0973 0.9953 -0.0033
vn -0.0062 0.9962 0.0867
vn -0.0071 0.9993 0.0378
vn -0.0957 0.9950 -0.0287
vn 0.0133 0.9998 0.0120
vn -0.0478 0.9981 -0.0399
vn -0.0440 0.9990 0.0060
vn -0.0197 0.9988 0.0440
vn -0.0408 0.9975 -0.0572
vn -0.0625 0.9959 0.0654
vn -0.0330 0.9992 0.0225
vn 0.0242 0.9989 -0.0400
vn -0.0009 0.9999 0.0107
vn 0.0187 0.9989 -0.0425
vn 0.0154 0.9991 0.0392
vn -0.0176 0.9998 0.0054
vn -0.0278 0.9988 -0.0398
vn 0.0734 0.9901 -0.1196
vn 0.0274 0.9960 0.0856
vn -0.0506 0.9963 -0.0702
vn 0.0081 0.9999 0.0088
vn 0.0911 0.9958 0.0103
vn 0.0912 0.9958 0.0108
vn -0.0020 0.9994 -0.0354
vn 0.0836 0.9964 -0.0166
vn 0.0651 0.9978 0.0160
vn -0.2881 0.9405 0.1802
vn 0.0251 0.9992 -0.0316
vn 0.0026 0.9998 0.0201
vn -0.0110 0.9995 -0.0294
vn -0.0182 0.9987 0.0468
vn 0.0479 0.9982 -0.0369
vn 0.0637 0.9967 0.0494
vn -0.0527 0.9694 -0.2397
vn -0.0512 0.9966 0.0647
vn 0.0225 0.9957 -0.0898
vn 0.0732 0.9950 0.0686
vn -0.0388 0.9991 -0.0192
vn 0.0295 0.9994 0.0182
vn -0.0114 0.9990 -0.0429
vn 0.0492 0.9968 0.0627
vn -0.0388 0.9992 -0.0085
vn -0.0395 0.9979 0.0508
vn 0.0247 0.9992 -0.0317
vn 0.1407 0.9834 -0.1146
vn -0.2466 0.9674 0.0583
vn 0.0154 0.9993 -0.0329
vn 0.0045 1.0000 0.0047
vn 0.0117 0.9998 -0.0172
vn -0.0366 0.9979 0.0532
vn 0.0169 0.9989 -0.0443
vn 0.0062 0.9996 0.0276
vn 0.0054 0.9999 -0.0161
vn 0.0289 0.9994 0.0176
vn -0.0133 0.9997 0.0214
vn -0.0209 0.9998 0.0064
vn 0.0174 0.9994 -0.0301
vn -0.0005 0.9998 0.0219
vn -0.0008 0.9984 0.0573
vn 0.0118 0.9973 -0.0726
vn -0.0884 0.9941 -0.0631
vn 0.1029 0.9938 -0.0411
vn -0.0497 0.9969 -0.0614
vn 0.0981 0.9950 0.0160
vn -0.0302 0.9976 0.0619
vn -0.0479 0.9983 -0.0338
vn 0.0509 0.9977 -0.0441
vn 0.0303 0.9971 -0.0695
vn -0.0022 0.9999 -0.0111
vn 0.0199 0.9976 -0.0662
vn -0.0270 0.9995 -0.0174
vn 0.0186 0.9998 0.0025
vn 0.0017 1.0000 -0.0044
vn -0.0201 0.9997 0.0102
vn -0.0018 1.0000 -0.0097
vn 0.0003 0.9995 0.0319
vn -0.0417 0.9990 -0.0190
vn -0.0141 0.9989 0.0445
vn -0.0307 0.9988 -0.0374
vn -0.0948 0.9951 0.0280
vn -0.0214 0.9998 -0.0061
vn -0.1813 0.9700 -0.1617
vn 0.0586 0.9983 0.0021
vn 0.0264 0.9963 0.0816
vn 0.0414 0.9990 0.0155
vn 0.0175 0.9997 -0.0161
vn -0.0461 0.9988 0.0144
vn 0.0204 0.9997 0.0093
vn -0.0131 0.9998 -0.0129
vn -0.0040 1.0000 0.0085
vn -0.0026 1.0000 0.0056
vn 0.0283 0.9996 -0.0027
vn -0.0368 0.9991 0.0203
vn 0.0284 0.9996 -0.0045
vn -0.3253 0.4037 -0.8551
vn -0.0228 0.9997 -0.0109
vn -0.5642 0.3780 0.7340
vn 0.0384 0.9989 0.0269
vn 0.0352 0.9993 -0.0113
vn -0.1158 0.9897 0.0847
vn -0.0425 0.9950 0.0904
vn 0.0653 0.9977 0.0159
vn -0.0369 0.9993 0.0057
vn 0.0622 0.9980 0.0060
vn -0.0099 0.9994 -0.0344
vn 0.0024 1.0000 0.0006
vn -0.0075 0.9999 0.0117
vn -0.0303 0.9975 0.0646
vn 0.6999 -0.4695 -0.5383
vn 0.0523 0.9986 0.0119
vn -0.0024 0.9999 0.0148
vn -0.0558 0.9983 0.0150
vn 0.0572 0.9984 0.0004
vn -0.0007 1.0000 -0.0017
vn -0.2951 -0.5042 -0.8116
vn -0.0227 0.9984 0.0519
vn -0.0783 0.9943 0.0725
vn 0.0210 0.9911 0.1313
vn -0.0222 0.9996 -0.0176
vn 0.0419 0.9985 -0.0366
vn -0.0026 0.9996 -0.0278
vn -0.0319 0.9994 0.0123
vn -0.0682 0.9974 0.0250
vn -0.0656 0.9891 0.1320
vn -0.0022 1.0000 -0.0058
vn 0.0718 0.9938 0.0851
vn -0.0262 0.9991 -0.0320
vn 0.0225 0.9997 -0.0080
vn -0.1210 0.9880 0.0959
vn -0.0191 0.9973 0.0703
vn -0.0199 0.9997 0.0145
vn 0.0897 0.9949 0.0462
vn 0.0241 0.9982 -0.0554
vn -0.0280 0.9991 -0.0316
vn 0.0092 0.9994 -0.0327
vn 0.0184 0.9978 -0.0634
vn -0.0032 0.9984 -0.0570
vn -0.0029 1.0000 -0.0013
vn 0.1818 0.9801 0.0797
vn -0.0136 0.9993 0.0345
vn 0.0680 0.9977 -0.0013
vn -0.0360 0.9991 -0.0218
vn 0.0193 0.9998 -0.0004
vn 0.0211 0.9986 0.0487
vn 0.0164 0.9993 0.0347
vn -0.0654 -0.9962 0.0584
vn 0.0404 0.9992 0.0073
vn -0.0227 0.9940 0.1073
vn 0.0917 0.9927 -0.0777
vn -0.0046 1.0000 0.0044
vn 0.0096 0.9997 -0.0215
vn -0.0330 0.9994 0.0077
vn 0.0016 -1.0000 0.0001
vn 0.0358 0.9933 0.1095
vn -0.0312 0.9955 -0.0891
vn -0.0012 0.9976 0.0688
vn 0.0034 1.0000 0.0074
vn -0.0053 1.0000 0.0052
vn -0.0203 0.9993 -0.0307
vn 0.0010 0.9991 -0.0421
vn -0.0009 0.9998 0.0218
vn -0.1282 0.9440 -0.3039
vn -0.0041 0.9929 -0.1188
vn -0.0135 0.9997 -0.0215
vn -0.0165 0.9995 -0.0274
vn -0.0880 0.9874 0.1318
vn -0.0277 0.9992 0.0296
vn 0.0499 0.9986 -0.0182
vn 0.0181 0.9973 -0.0717
vn -0.0577 0.9976 -0.0372
vn 0.0020 0.9988 0.0485
vn -0.0146 0.9998 -0.0145
vn -0.0204 0.9969 -0.0754
vn -0.0526 0.9981 -0.0309
vn 0.0520 0.9984 0.0224
vn -0.1554 0.9737 0.1664
vn -0.0229 0.9970 0.0742
vn -0.0655 0.9969 -0.0442
vn -0.0258 0.9960 -0.0851
vn 0.0500 0.9985 -0.0239
vn 0.0327 0.9994 0.0148
vn 0.0518 0.9975 0.0484
vn -0.0273 0.9996 0.0031
vn -0.0396 0.9983 -0.0419
vn 0.0240 0.9884 -0.1498
vn -0.0964 0.9939 0.0543
vn -0.0453 0.9603 0.2753
vn -0.0166 0.9996 -0.0218
vn 0.0834 0.9900 -0.1137
vn 0.0214 0.9997 -0.0120
vn -0.0096 0.9995 -0.0287
vn -0.0078 0.9995 -0.0303
vn 0.0231 0.9991 -0.0347
vn 0.0045 0.9999 0.0115
vn -0.0578 0.9979 0.0306
vn 0.0479 0.9973 0.0559
vn -0.0541 0.9790 0.1964
vn 0.0293 0.9955 0.0905
vn 0.0741 0.9968 -0.0293
vn -0.1118 0.9889 0.0982
vn 0.0881 0.9931 -0.0779
vn -0.1240 0.9917 0.0352
vn 0.0849 0.9961 0.0239
vn 0.0228 0.9974 -0.0690
vn -0.0538 0.9980 -0.0332
vn -0.0414 0.9986 -0.0328
vn 0.0477 0.9976 -0.0499
vn -0.0564 -0.9970 0.0534
vn -0.0008 0.9996 -0.0270
vn 0.0494 0.9985 0.0235
vn -0.0007 0.9997 0.0245
vn 0.0943 0.9894 0.1100
vn 0.0321 0.9994 -0.0136
vn 0.0051 0.9999 -0.0130
vn -0.0108 0.9704 -0.2413
vn 0.0652 0.9973 -0.0341
vn 0.1558 0.9606 -0.2301
vn 0.0375 0.9955 -0.0875
vn -0.0773 0.9969 0.0154
vn 0.0010 1.0000 0.0024
vn -0.0000 1.0000 0.0009
vn -0.0290 0.9993 0.0256
vn -0.0660 0.9891 0.1314
vn 0.1203 0.9926 -0.0173
vn -0.0061 0.9998 0.0203
vn -0.0217 0.9997 -0.0090
vn -0.0245 0.9982 -0.0545
vn 0.0358 0.9971 -0.0672
vn 0.0487 0.9985 -0.0244
vn -0.0420 0.9990 0.0162
vn -0.0961 0.9950 -0.0272
vn 0.0982 0.9906 -0.0948
vn -0.0324 0.9995 0.0047
vn 0.1456 0.9754 0.1653
vn 0.0674 0.9799 -0.1875
vn -0.0388 0.9992 -0.0039
vn -0.0256 0.9995 -0.0189
vn 0.0012 0.9982 -0.0606
vn 0.0606 0.9982 -0.0037
vn 0.0239 0.9997 -0.0060
vn -0.0128 0.9999 -0.0013
vn -0.0117 0.9989 -0.0458
vn 0.0114 0.9966 0.0816
vn 0.0104 0.9984 -0.0561
vn -0.0475 0.9984 0.0301
vn -0.0041 0.9999 0.0145
vn -0.0818 0.9963 -0.0277
vn 0.0368 0.9993 -0.0017
vn 0.0777 0.9968 0.0159
vn -0.0059 0.9995 0.0300
vn 0.0378 0.9989 -0.0276
vn -0.0065 0.9991 0.0410
vn 0.0322 0.9995 0.0060
vn 0.0263 0.9991 0.0338
vn 0.0105 0.9995 0.0308
vn -0.0617 0.9978 -0.0228
vn 0.0008 0.9992 -0.0409
vn -0.0175 0.9994 -0.0287
vn -0.0039 1.0000 -0.0025
vn 0.0616 0.9980 0.0112
vn -0.0734 0.9961 -0.0483
vn 0.0767 0.9970 0.0072
vn -0.0302 0.9995 0.0125
vn 0.0106 0.9997 0.0212
vn 0.0105 0.9992 0.0386
vn -0.0547 0.9982 -0.0229
vn -0.0434 0.9984 -0.0362
vn 0.0342 0.9988 -0.0354
vn -0.0668 0.9936 0.0909
vn -0.0616 0.9967 -0.0533
vn 0.0060 1.0000 -0.0060
vn -0.1462 0.9877 0.0550
vn 0.0088 0.9998 0.0161
vn 0.0064 0.9987 -0.0515
vn -0.0170 0.9998 -0.0140
vn -0.0208 0.9997 0.0124
vn -0.0344 0.9992 0.0208
vn 0.3723 0.9109 0.1782
vn -0.0961 0.9916 0.0866
vn 0.0745 0.9934 0.0871
vn 0.0009 0.9996 -0.0285
vn 0.0103 0.9998 -0.0196
vn 0.0005 1.0000 -0.0030
vn -0.0274 0.9996 -0.0104
vn -0.0156 0.9989 -0.0441
vn 0.0037 0.9998 0.0203
vn 0.0119 0.9999 -0.0068
vn 0.0064 1.0000 -0.0055
vn -0.0222 0.9997 -0.0028
vn 0.0832 0.9959 -0.0351
vn 0.0954 0.9757 0.1973
vn 0.0230 0.9993 0.0292
vn 0.0149 0.9998 -0.0142
vn 0.1356 0.9841 0.1147
vn 0.0487 0.9982 -0.0349
vn -0.0429 0.9975 -0.0556
vn 0.0803 0.9963 -0.0305
vn -0.0609 0.9975 -0.0370
vn 0.0279 0.9968 -0.0752
vn -0.1416 0.9890 0.0421
vn -0.0151 0.9999 0.0044
vn -0.4550 -0.7201 -0.5239
vn -0.0112 0.9997 0.0237
vn 0.0243 0.9988 0.0421
vn -0.1224 0.9887 -0.0862
vn 0.2038 0.9766 0.0686
vn -0.0457 0.9989 0.0086
vn -0.0054 0.9998 0.0175
vn -0.1028 0.9934 -0.0516
vn -0.0389 0.9959 -0.0812
vn -0.0445 0.9989 0.0111
vn 0.0103 0.9999 -0.0029
vn 0.0268 0.9996 0.0088
vn -0.0792 0.9962 -0.0351
vn -0.0052 1.0000 -0.0042
vn -0.0465 0.9972 0.0590
vn 0.0107 0.9996 0.0243
vn 0.0152 0.9998 0.0147
vn 0.0110 0.9999 0.0133
vn -0.0379 0.9988 -0.0308
vn -0.0031 0.9990 0.0446
vn 0.1015 0.9948 -0.0063
vn -0.0061 0.9977 -0.0674
vn -0.1007 0.9948 0.0168
vn 0.0304 0.9990 0.0320
vn -0.0016 0.9975 -0.0713
vn -0.0139 0.9999 0.0040
vn 0.5659 0.7557 0.3295
vn -0.0466 0.9971 0.0598
vn 0.0357 0.9978 0.0565
vn 0.1427 0.9837 -0.1096
vn 0.0357 0.9993 0.0107
vn 0.0163 0.9978 0.0641
vn 0.0787 0.9949 -0.0628
vn -0.0096 0.9660 -0.2583
vn 0.0363 0.9890 0.1431
vn 0.1440 0.9887 -0.0411
vn -0.0398 0.9992 -0.0000
vn 0.0245 0.9986 -0.0468
vn -0.0069 0.9999 0.0155
vn -0.1185 0.9864 -0.1141
vn 0.0760 0.9912 0.1084
vn 0.1933 0.9808 -0.0258
vn -0.0049 0.9999 0.0137
vn -0.0073 0.9999 0.0076
vn -0.0164 0.9998 0.0150
vn 0.0485 0.9980 -0.0393
vn 0.0202 0.9995 -0.0233
vn 0.0069 0.9979 0.0638
vn 0.0062 0.9994 0.0335
vn 0.0028 1.0000 0.0013
vn 0.0542 0.9941 0.0945
vn -0.0745 0.9960 -0.0503
vn 0.0145 0.9998 0.0149
vn 0.0150 0.9999 0.0006
vn 0.0137 0.9981 0.0608
vn 0.0180 0.9963 0.0846
vn 0.0359 0.9993 -0.0099
vn 0.0779 0.9968 0.0182
vn -0.1017 0.9933 0.0543
vn 0.0294 0.9941 -0.1039
vn -0.1525 0.9853 -0.0777
vn -0.0352 0.9991 -0.0253
vn 0.0599 0.9979 0.0242
vn -0.0974 0.9951 -0.0180
vn 0.0269 0.9996 -0.0054
vn -0.0336 0.9993 -0.0165
vn 0.0145 0.9988 -0.0461
vn -0.0216 0.9996 -0.0201
vn -0.0898 0.9959 -0.0096
vn 0.0936 0.9918 -0.0869
vn -0.0520 0.9979 0.0377
vn -0.0191 0.9998 0.0040
vn 0.0338 0.9994 -0.0065
vn 0.1121 0.9844 -0.1356
vn -0.0539 0.9973 -0.0497
vn -0.2523 0.9577 0.1383
vn -0.1007 0.9811 -0.1654
vn 0.0220 0.9992 -0.0320
vn 0.0340 0.9985 -0.0432
vn 0.0162 0.9979 -0.0628
vn -0.0358 0.9993 0.0055
vn -0.0090 0.9993 -0.0375
vn 0.0299 0.9996 -0.0003
vn -0.0413 0.9422 0.3325
vn -0.0698 0.9707 -0.2299
vn -0.0579 0.9983 -0.0010
vn 0.0450 0.9987 0.0222
vn 0.0450 0.9989 -0.0140
vn -0.0231 0.9997 -0.0128
vn -0.0112 0.9991 -0.0404
vn -0.0018 1.0000 -0.0081
vn 0.0140 0.9979 0.0626
vn -0.0605 0.9975 0.0354
vn 0.0320 0.9988 -0.0359
vn -0.0862 0.9891 0.1195
vn 0.0277 0.9994 0.0193
vn 0.0652 0.9892 -0.1311
vn -0.1151 0.9931 0.0226
vn 0.1916 0.9750 -0.1124
vn 0.0258 0.9987 0.0439
vn 0.0689 0.9967 -0.0425
vn -0.0029 0.9991 0.0425
vn 0.0602 0.9969 -0.0509
vn 0.0727 0.9971 -0.0230
vn -0.0287 0.9944 -0.1013
vn -0.0084 1.0000 -0.0016
vn -0.0779 0.9845 -0.1569
vn -0.0258 0.9997 0.0052
vn 0.0195 0.9987 -0.0462
vn -0.0799 0.9958 -0.0440
vn 0.0405 0.9972 -0.0622
vn 0.0198 0.9966 -0.0805
vn -0.0108 0.9991 -0.0421
vn -0.0953 0.9813 0.1675
vn -0.2674 0.9527 -0.1447
vn 0.3955 -0.8881 -0.2343
vn -0.0459 0.9917 -0.1200
vn -0.0671 0.9968 0.0435
vn 0.0426 0.9984 0.0375
vn -0.0765 0.9925 0.0950
vn -0.0035 0.9998 0.0197
vn 0.0532 0.9972 0.0518
vn 0.1239 0.9711 0.2039
vn -0.0019 0.9999 -0.0109
vn -0.0509 0.9980 0.0380
vn 0.0024 0.9996 0.0287
vn 0.2573 0.9545 -0.1509
vn -0.0327 0.9982 -0.0495
vn 0.0148 0.9987 0.0486
vn 0.0044 0.9980 0.0632
vn -0.0894 0.9959 -0.0121
vn 0.0474 0.9957 0.0791
vn 0.0125 0.9998 0.0164
vn -0.0311 0.9990 -0.0310
vn -0.0985 0.9914 0.0861
vn 0.0438 0.9927 0.1128
vn -0.0312 0.9917 0.1247
vn 0.0285 0.9995 -0.0122
vn 0.1869 0.9731 -0.1345
vn -0.1145 0.9931 0.0249
vn 0.1448 0.9891 -0.0262
vn -0.1218 0.9872 0.1032
vn 0.0261 0.9994 0.0247
vn 0.0111 0.9999 -0.0085
vn -0.0188 0.9994 0.0277
vn -0.0167 0.9976 0.0676
vn 0.0352 0.9992 0.0196
vn -0.0665 0.9966 -0.0478
vn -0.0408 0.9983 -0.0426
vn 0.0364 0.9987 0.0365
vn 0.0923 0.9946 -0.0472
vn -0.0653 0.9978 -0.0095
vn 0.0025 0.9994 0.0353
vn -0.0200 0.9898 0.1408
vn -0.0908 0.9958 -0.0120
vn 0.0355 0.9984 -0.0443
vn -0.0874 0.9850 -0.1491
vn 0.3269 0.8943 0.3055
vn 0.0471 0.9926 0.1119
vn -0.1243 0.9873 -0.0992
vn 0.1542 0.9875 0.0319
vn -0.0111 0.9999 -0.0080
vn 0.0074 0.9979 0.0643
vn -0.1413 0.9899 0.0076
vn 0.0412 0.9990 0.0175
vn 0.0425 0.9974 0.0589
vn -0.0117 0.9989 0.0454
vn -0.1082 0.9800 0.1668
vn 0.0467 0.9987 -0.0200
vn -0.0217 0.9991 -0.0370
vn 0.1031 0.9902 0.0938
vn 0.0139 0.9994 -0.0321
vn 0.0392 0.9991 0.0128
vn -0.0179 0.9993 0.0331
vn -0.0100 0.9999 0.0037
vn -0.0002 0.9994 -0.0343
vn -0.0470 0.9980 0.0416
vn 0.0321 0.9995 0.0024
vn 0.0297 0.9961 0.0830
vn 0.0720 0.9949 -0.0712
vn 0.0407 0.9985 -0.0365
vn 0.1146 0.9860 -0.1212
vn -0.0115 0.9997 -0.0212
vn -0.0434 0.9917 0.1213
vn 0.0227 0.9994 -0.0278
vn 0.0101 0.9998 0.0178
vn -0.0505 0.9984 0.0267
vn -0.0443 0.9951 -0.0883
vn 0.0953 0.9949 0.0345
vn 0.0125 0.9998 0.0161
vn -0.1127 0.9926 -0.0459
vn -0.0664 0.9978 0.0071
vn -0.0145 0.9998 -0.0141
vn 0.0327 0.9987 -0.0389
vn 0.0243 0.9990 -0.0385
vn 0.0089 1.0000 0.0040
vn -0.0028 0.9963 -0.0858
vn -0.0476 0.9980 0.0412
vn 0.0255 0.9983 -0.0519
vn 0.0094 0.9995 -0.0317
vn -0.1960 0.9594 0.2029
vn -0.1136 0.9929 0.0347
vn 0.2081 0.9709 0.1183
vn -0.0392 0.9986 -0.0344
vn 0.0260 0.9995 0.0174
vn 0.0104 0.9978 0.0655
vn 0.0082 0.9998 0.0156
vn -0.0686 0.9964 -0.0501
vn 0.0042 0.9993 0.0376
vn -0.0653 0.9889 0.1337
vn 0.0229 0.9991 0.0366
vn 0.0103 0.9999 -0.0051
vn 0.0547 0.9977 0.0399
vn -0.0642 0.9979 0.0109
vn -0.0554 0.9984 -0.0135
vn 0.0133 0.9991 -0.0400
vn -0.0193 0.9997 -0.0181
vn 0.0061 0.9997 0.0233
vn 0.0180 0.9964 0.0823
vn -0.1531 0.9868 -0.0530
vn -0.0655 0.9973 0.0324
vn 0.0118 0.9999 0.0053
vn 0.1174 0.9830 0.1410
vn 0.0093 0.9996 0.0268
vn -0.0029 0.9995 -0.0324
vn -0.0503 0.9981 -0.0343
vn 0.0123 0.9999 -0.0046
vn 0.0230 0.9997 -0.0010
vn -0.0134 0.9996 0.0261
vn 0.1811 0.9455 -0.2706
vn 0.1857 0.9804 0.0659
vn 0.0283 0.9995 0.0104
vn -0.0328 0.9973 -0.0663
vn 0.0075 0.9999 -0.0085
vn -0.0006 0.9999 0.0118
vn 0.0016 0.9998 -0.0196
vn -0.0104 0.9999 0.0022
vn -0.0005 0.9989 -0.0462
vn -0.0457 0.9985 -0.0301
vn -0.0137 0.9999 0.0090
vn -0.0468 0.9985 -0.0281
vn 0.0317 0.9944 0.1009
vn 0.0263 0.9996 0.0088
vn -0.0476 0.9961 0.0746
vn -0.0411 0.9992 -0.0021
vn -0.0635 0.9980 -0.0044
vn 0.2748 0.9532 0.1261
vn -0.0482 0.9976 -0.0497
vn -0.0239 0.9976 -0.0648
vn -0.0246 0.9994 0.0244
vn -0.0404 0.9986 0.0340
vn 0.0124 0.9999 -0.0046
vn -0.0264 0.9994 -0.0230
vn 0.0367 0.9935 -0.1081
vn -0.0554 0.9978 0.0377
vn 0.0981 0.9951 0.0120
vn 0.0198 0.9990 0.0390
vn 0.0605 0.9972 -0.0447
vn -0.1557 0.9844 0.0820
vn -0.0391 0.9991 -0.0158
vn 0.0339 0.9994 -0.0033
vn -0.0640 0.9946 0.0822
vn 0.0173 0.9994 -0.0293
vn 0.1642 0.9547 -0.2481
vn 0.0324 0.9995 0.0043
vn 0.0130 0.9977 -0.0666
vn -0.0288 0.9924 -0.1198
vn -0.0759 0.9968 0.0244
vn 0.0161 0.9997 -0.0168
vn 0.0051 0.9998 -0.0205
vn -0.0194 0.9998 -0.0046
vn -0.0012 0.9998 -0.0178
vn -0.7323 -0.3663 -0.5741
vn 0.0159 0.9996 -0.0247
vn 0.0550 0.9976 0.0416
vn -0.1169 0.9930 -0.0134
vn -0.0364 0.9986 -0.0374
vn -0.0081 1.0000 0.0010
vn 0.0042 0.9999 -0.0104
vn 0.0110 0.9999 -0.0095
vn 0.0132 0.9997 -0.0192
vn 0.0592 0.9982 -0.0080
vn -0.0319 0.9984 -0.0458
vn -0.0929 0.9931 0.0716
vn 0.0459 0.9988 0.0187
vn 0.0091 0.9981 -0.0612
vn -0.2163 0.9657 0.1435
vn -0.1000 0.9892 -0.1072
vn -0.1149 0.9922 0.0493
vn 0.0228 0.9995 -0.0210
vn -0.0155 0.9987 0.0490
vn 0.0276 0.9992 0.0295
vn -0.0588 0.9981 -0.0161
vn -0.1460 0.9522 0.2682
vn 0.0274 0.9952 0.0934
vn -0.0452 0.9979 0.0457
vn 0.0293 0.9993 -0.0239
vn 0.0628 0.9979 0.0156
vn 0.0419 0.9965 -0.0727
vn -0.2313 0.9637 0.1334
vn -0.0515 0.9984 0.0253
vn 0.0105 0.9925 -0.1216
vn -0.0494 0.9977 -0.0468
vn 0.0643 0.9978 -0.0137
vn 0.0263 0.9996 0.0086
vn -0.0352 0.9994 -0.0038
vn 0.0278 0.9969 0.0739
vn -0.0605 0.9394 -0.3375
vn 0.0267 0.9996 0.0036
vn 0.0524 0.9975 -0.0473
vn -0.0800 0.9968 0.0062
vn -0.0021 0.9999 -0.0160
vn 0.0105 0.9989 -0.0449
vn 0.0134 0.9999 0.0025
vn -0.0261 0.9968 0.0757
vn 0.0370 0.9993 -0.0009
vn 0.1364 0.9631 -0.2321
vn -0.0531 0.9985 -0.0160
vn -0.0309 0.9995 0.0001
vn 0.0780 0.9942 0.0742
vn 0.0053 0.9992 -0.0400
vn 0.0370 0.9992 -0.0153
vn 0.0146 0.9996 -0.0225
vn -0.0378 0.9978 -0.0544
vn 0.0091 0.9998 0.0166
vn 0.0577 0.9983 -0.0072
vn -0.0570 0.9957 0.0737
vn -0.0610 0.9837 0.1691
vn -0.0304 0.9994 0.0182
vn 0.0911 -0.9957 -0.0172
vn 0.0165 0.9992 0.0357
vn 0.0292 0.9969 0.0733
vn 0.0791 0.9897 -0.1194
vn -0.0667 0.9975 -0.0245
vn 0.0116 0.9998 0.0173
vn 0.0101 0.9999 -0.0069
vn 0.0034 0.9998 0.0179
vn -0.0680 0.9935 0.0910
vn 0.0054 0.9991 -0.0431
vn -0.0905 0.9927 0.0801
vn -0.0423 0.9987 0.0295
vn 0.0109 0.9999 -0.0099
vn -0.0149 0.9998 0.0150
vn 0.0204 0.9996 0.0208
vn -0.0444 0.9982 0.0398
vn -0.1407 0.9797 -0.1431
vn 0.0600 0.9955 -0.0736
vn -0.1074 0.9868 0.1213
vn 0.0390 0.9986 0.0360
vn -0.0113 0.9995 -0.0293
vn 0.1224 0.9800 -0.1571
vn 0.0812 0.9961 0.0334
vn 0.0143 0.9988 -0.0478
vn -0.0042 1.0000 0.0031
vn -0.0095 0.9992 0.0381
vn -0.0056 0.9994 0.0331
vn 0.0270 0.9958 0.0876
vn 0.0622 0.9980 -0.0091
vn -0.0102 0.9995 0.0309
vn 0.0084 0.9995 0.0308
vn 0.0697 0.9975 0.0118
vn -0.0262 0.9935 -0.1110
vn -0.0229 0.9997 -0.0063
vn 0.1079 0.9917 0.0702
vn -0.0660 0.9977 -0.0121
vn -0.0231 0.9997 -0.0046
vn 0.0108 0.9999 -0.0004
vn 0.0296 0.9968 -0.0749
vn -0.1141 0.9920 -0.0536
vn 0.0320 0.9995 -0.0049
vn -0.1342 0.9874 -0.0839
vn -0.0278 0.9976 0.0636
vn 0.0489 0.9976 -0.0490
vn -0.0491 0.9961 0.0740
vn -0.0123 0.9999 0.0060
vn 0.0067 0.9999 0.0079
vn -0.1146 0.9820 -0.1498
vn 0.0380 0.9990 -0.0226
vn -0.0048 0.9989 0.0470
vn -0.0192 0.9975 0.0683
vn -0.0253 0.9991 -0.0338
vn 0.0029 0.9996 -0.0293
vn -0.0105 0.9998 -0.0190
vn 0.0203 0.9997 -0.0151
vn 0.0213 0.9998 0.0050
vn 0.0359 0.9971 -0.0668
vn -0.0154 0.9954 -0.0947
vn -0.0449 0.9979 0.0461
vn -0.0779 0.9945 -0.0694
vn 0.0332 0.9991 0.0269
vn 0.0243 0.9995 0.0185
vn -0.0103 0.9993 -0.0361
vn -0.0171 0.9998 -0.0085
vn -0.0091 0.9995 -0.0287
vn 0.0871 0.9934 0.0740
vn 0.0248 0.9993 -0.0288
vn -0.0097 0.9997 -0.0224
vn 0.0093 0.9999 0.0046
vn 0.0486 0.9933 -0.1046
vn -0.1138 0.9934 -0.0127
vn 0.0954 0.9954 0.0087
vn 0.0429 0.9948 -0.0929
vn -0.0760 -0.7441 -0.6638
vn 0.0758 0.9958 0.0519
vn 0.0261 0.9996 -0.0058
vn -0.0221 0.9998 -0.0033
vn -0.0039 0.9998 -0.0216
vn -0.0394 0.9992 0.0084
vn 0.0605 0.9976 0.0340
vn -0.2289 0.9653 0.1258
vn 0.0438 0.9982 -0.0405
vn -0.0136 0.9969 0.0771
vn -0.0431 0.9991 0.0023
vn 0.0442 0.9973 -0.0589
vn -0.0694 0.9973 0.0249
vn -0.0046 1.0000 -0.0028
vn -0.1099 0.9877 -0.1111
vn 0.0048 0.9975 -0.0709
vn -0.0257 0.9994 -0.0224
vn 0.0050 0.9979 0.0648
vn -0.0083 0.9998 0.0188
vn 0.0312 0.9991 -0.0286
vn 0.0043 0.9997 0.0227
vn -0.0212 0.9995 0.0227
vn 0.1015 0.9267 -0.3618
vn 0.0484 0.9983 0.0311
vn -0.0636 0.9980 -0.0053
vn -0.0226 0.9997 -0.0012
vn 0.0164 0.9988 -0.0466
vn 0.0612 0.9930 0.1011
vn 0.0512 0.9972 -0.0542
vn 0.0145 0.9998 -0.0127
vn -0.0127 0.9995 0.0284
vn 0.0053 1.0000 -0.0023
vn -0.0985 0.9889 0.1109
vn -0.0397 0.9989 0.0229
vn 0.0328 0.9993 -0.0182
vn 0.0045 0.9962 0.0865
vn 0.1080 0.9940 0.0172
vn -0.0285 0.9995 0.0156
vn 0.0067 1.0000 -0.0008
vn -0.0425 0.9991 0.0010
vn 0.0169 0.9998 0.0075
vn 0.0251 0.9997 -0.0057
vn -0.0363 0.9992 0.0184
vn -0.0757 0.9728 0.2187
vn 0.0243 0.9985 0.0491
vn -0.0473 0.9980 0.0421
vn 0.0027 0.9997 0.0243
vn -0.0532 0.9982 0.0285
vn 0.0405 0.9991 0.0131
vn 0.0590 0.9943 -0.0891
vn -0.0098 0.9985 -0.0539
vn -0.0845 0.9964 -0.0074
vn 0.0258 0.9989 -0.0381
vn 0.0051 0.9999 -0.0127
vn -0.0519 0.9975 0.0474
vn 0.0243 0.9996 0.0133
vn 0.0233 0.9996 0.0133
vn -0.0326 0.9995 0.0053
vn 0.0103 0.9997 0.0209
vn -0.0910 0.9957 0.0199
vn 0.0405 0.9992 0.0026
vn 0.0226 0.9985 0.0495
vn -0.1267 0.9915 0.0303
vn 0.0302 0.9995 -0.0006
vn -0.0210 0.9981 0.0582
vn -0.0206 0.9998 -0.0078
vn 0.1384 0.9790 -0.1497
vn -0.0378 0.9993 -0.0031
vn 0.0630 0.9977 -0.0232
vn -0.2041 0.9662 -0.1572
vn 0.0081 0.9998 0.0206
vn -0.0735 0.9802 -0.1840
vn 0.0269 0.9982 0.0535
vn 0.0862 0.9958 -0.0303
vn -0.0686 0.9975 -0.0165
vn 0.0459 0.9989 -0.0084
vn 0.0022 0.9988 -0.0491
vn -0.0500 0.9987 0.0006
vn -0.0512 0.9986 -0.0121
vn 0.0899 0.9785 -0.1857
vn 0.0879 0.9961 -0.0064
vn 0.0543 0.9982 0.0268
vn -0.1621 0.9573 -0.2393
vn -0.0649 0.9979 0.0041
vn 0.0403 0.9992 0.0063
vn 0.0216 0.9994 -0.0253
vn 0.0034 1.0000 0.0067
vn 0.0157 0.9988 -0.0458
vn 0.0804 0.9956 0.0471
vn -0.0444 0.9985 -0.0315
vn 0.0498 0.9988 -0.0031
vn -0.0134 0.9998 0.0115
vn -0.0092 0.9999 0.0064
vn 0.0358 0.9992 -0.0158
vn -0.0295 0.9992 -0.0261
vn 0.0044 0.9997 -0.0260
vn 0.0381 0.9993 0.0005
vn -0.0083 0.9929 -0.1183
vn 0.0334 0.9989 0.0328
vn 0.0343 0.9988 -0.0338
vn 0.0095 1.0000 0.0010
vn -0.0592 0.9982 0.0001
vn 0.0967 0.9929 -0.0694
vn -0.0857 0.9963 -0.0026
vn -0.0322 0.9994 -0.0106
vn 0.0756 0.9955 -0.0572
vn -0.0414 0.9986 0.0321
vn 0.0672 0.9953 -0.0692
vn 0.0015 1.0000 0.0067
vn -0.0477 0.9970 -0.0608
vn -0.0163 0.9997 -0.0179
vn 0.0831 0.9868 0.1388
vn -0.0121 0.9986 0.0517
vn -0.0361 0.9989 0.0288
vn 0.0195 0.9997 0.0114
vn 0.0915 -0.9958 0.0049
vn 0.0011 0.9935 -0.1137
vn -0.0326 0.9982 -0.0503
vn 0.0151 0.9987 -0.0480
vn -0.1454 0.9889 0.0319
vn 0.0018 1.0000 -0.0035
vn -0.0642 0.9925 -0.1044
vn -0.0322 0.9980 0.0544
vn 0.0592 0.9979 0.0253
vn -0.1263 0.9920 0.0020
vn 0.1204 0.9902 -0.0710
vn -0.0154 0.9998 -0.0161
vn 0.0197 0.9993 -0.0327
vn -0.0349 0.9968 0.0718
vn -0.0782 0.9967 -0.0221
vn -0.0178 0.9995 0.0264
vn 0.0033 0.9996 -0.0269
vn 0.0133 0.9993 -0.0361
vn 0.0597 0.9972 0.0452
vn 0.0123 0.9997 -0.0213
vn 0.1688 0.9781 0.1217
vn -0.0709 0.9950 -0.0697
vn -0.0461 0.9972 0.0587
vn 0.0140 0.9990 0.0425
vn -0.2031 0.9762 0.0754
vn 0.0207 0.9984 -0.0524
vn 0.0109 0.9989 0.0465
vn -0.0292 0.9989 -0.0358
vn -0.0541 0.9985 -0.0027
vn 0.0593 0.9982 0.0070
vn -0.0609 0.9981 -0.0109
vn -0.0024 0.9999 0.0158
vn 0.0123 0.9998 0.0161
vn -0.0285 0.9996 -0.0017
vn 0.0625 0.9952 0.0749
vn -0.0619 0.9981 -0.0075
vn -0.0400 0.9992 -0.0055
vn 0.0505 0.9987 -0.0115
vn 0.0033 0.9993 -0.0368
vn -0.0089 0.9999 -0.0074
vn -0.0097 0.9995 0.0295
vn 0.0152 0.9999 0.0077
vn 0.0043 1.0000 -0.0008
vn 0.0021 0.9999 0.0116
vn 0.0084 0.9994 -0.0335
vn 0.0297 0.9995 0.0078
vn 0.1008 0.9909 0.0896
vn 0.0143 0.9996 0.0236
vn -0.0537 0.9982 -0.0280
vn 0.0954 0.9934 0.0633
vn 0.0010 0.9996 0.0286
vn -0.0351 0.9993 -0.0093
vn 0.0482 0.9985 0.0262
vn -0.0978 0.9910 -0.0913
vn 0.0622 0.9966 -0.0534
vn 0.0025 0.9997 -0.0249
vn 0.0236 0.9997 -0.0099
vn 0.0229 0.9986 -0.0487
vn 0.0180 0.9984 -0.0535
vn -0.0972 0.9953 -0.0036
vn -0.0235 0.9997 -0.0069
vn 0.0176 0.9995 0.0245
vn 0.0541 0.9981 -0.0305
vn -0.0443 0.9947 0.0933
vn -0.0277 0.9970 0.0719
vn 0.0067 0.9961 0.0883
vn 0.0079 0.9992 -0.0393
vn 0.0335 0.9994 -0.0055
vn 0.0224 0.9995 -0.0207
vn -0.0000 0.9895 -0.1443
vn 0.0578 0.9979 0.0295
vn -0.1132 0.9926 -0.0446
vn 0.0893 0.9956 -0.0288
vn -0.0209 0.9998 0.0044
vn 0.0870 0.9953 -0.0434
vn -0.0464 0.9989 -0.0034
vn 0.0283 0.9987 -0.0434
vn -0.0644 0.9977 0.0233
vn -0.0114 0.9996 0.0260
vn 0.0097 0.9982 -0.0594
vn -0.0113 0.9999 0.0129
vn 0.0063 1.0000 0.0038
vn -0.0032 0.9999 0.0149
vn 0.0310 0.9994 0.0134
vn -0.1219 0.9922 0.0261
vn -0.0024 0.9999 0.0132
vn -0.0356 0.9993 -0.0082
vn 0.0204 0.9997 -0.0117
vn -0.0609 0.9972 0.0442
vn -0.0170 0.9812 0.1921
vn 0.0539 0.9985 -0.0107
vn -0.0940 0.9948 0.0386
vn -0.0527 0.9979 0.0388
vn 0.0626 0.9949 -0.0785
vn 0.0335 0.9993 -0.0149
vn -0.0137 0.9999 -0.0073
vn -0.0131 0.9998 0.0163
vn 0.0257 0.9995 -0.0207
vn -0.0704 0.9943 -0.0805
vn 0.0257 0.9997 -0.0033
vn -0.0237 0.9996 0.0175
vn -0.0344 0.9993 0.0152
vn -0.0039 0.9999 -0.0159
vn -0.0601 0.9974 0.0386
vn 0.0031 1.0000 0.0047
vn -0.0058 0.9999 0.0114
vn 0.0075 0.9999 -0.0120
vn -0.0030 0.9998 -0.0192
vn -0.0223 0.9997 0.0032
vn -0.0956 0.9953 0.0153
vn -0.0108 0.9998 0.0146
vn 0.0406 0.9990 -0.0201
vn -0.0091 0.9999 -0.0129
vn 0.0080 0.9996 -0.0281
vn 0.1086 0.9906 -0.0833
vn -0.2499 0.5376 0.8053
vn -0.0167 0.9998 -0.0130
vn -0.0245 0.9996 0.0121
vn 0.0010 0.9998 0.0175
vn -0.0959 0.9940 0.0520
vn 0.0193 0.9944 0.1040
vn 0.0764 0.9970 0.0118
vn -0.0457 0.9989 -0.0103
vn 0.0285 0.9958 -0.0875
vn -0.0569 0.9982 0.0204
vn -0.0427 0.9987 -0.0280
vn -0.0174 0.9997 -0.0197
vn 0.1948 0.9784 -0.0687
vn -0.0178 0.9986 -0.0496
vn 0.0074 0.9998 -0.0197
vn 0.0211 0.9997 -0.0089
vn 0.0797 0.9944 0.0701
vn -0.1263 0.9915 -0.0323
vn 0.0020 0.9997 0.0243
vn 0.0574 0.9974 0.0443
vn -0.0108 0.9999 -0.0098
vn -0.0841 0.9892 0.1204
vn -0.0492 0.9986 -0.0189
vn 0.0295 0.9943 0.1022
vn -0.0485 0.9975 -0.0513
vn -0.0506 0.9984 -0.0242
vn 0.0412 0.9988 0.0252
vn 0.0016 0.9998 -0.0180
vn 0.0117 0.9998 0.0179
vn -0.0310 0.9985 -0.0449
vn -0.0625 0.9816 0.1805
vn -0.0350 0.9986 -0.0396
vn -0.0379 0.9989 -0.0285
vn -0.0378 0.9992 -0.0122
vn -0.0961 0.9888 0.1142
vn -0.0371 0.9992 -0.0121
vn -0.0322 0.9992 0.0251
vn 0.0659 0.9944 0.0823
vn -0.0808 0.9966 0.0139
vn -0.0601 0.9978 -0.0282
vn 0.0543 0.9964 0.0650
vn -0.0874 0.9845 -0.1518
vn -0.0098 0.9998 -0.0163
vn -0.0276 0.9954 -0.0922
vn -0.0571 0.9983 0.0088
vn -0.0175 0.9998 -0.0056
vn 0.0313 0.9994 -0.0160
vn -0.0298 0.9991 0.0300
vn -0.0028 1.0000 -0.0027
vn 0.0309 0.9967 -0.0752
vn -0.1634 0.9690 -0.1853
vn 0.0202 0.9977 0.0653
vn 0.0391 0.9974 -0.0605
vn 0.0438 0.9988 0.0195
vn -0.0134 0.9983 0.0575
vn -0.0063 0.9992 0.0386
vn -0.0460 0.9973 0.0577
vn 0.0636 0.9965 -0.0546
vn -0.0123 0.9999 0.0050
vn -0.0092 0.9998 -0.0152
vn -0.0495 0.9932 0.1057
vn 0.0268 0.9982 0.0529
vn -0.0382 0.9992 -0.0154
vn -0.0651 0.9933 0.0954
vn -0.0213 0.9998 0.0045
vn -0.0182 0.9994 0.0298
vn -0.0585 0.9979 -0.0272
vn -0.0742 0.9963 0.0432
vn 0.1170 0.9930 -0.0184
vn -0.0097 0.9999 -0.0062
vn 0.0169 0.9959 0.0891
vn -0.0377 0.9982 -0.0471
vn -0.0577 0.9983 -0.0018
vn -0.0335 0.9990 0.0287
vn 0.0234 0.9973 0.0697
vn -0.0193 0.9973 0.0710
vn -0.0018 0.9986 0.0524
vn 0.0175 0.9996 0.0235
vn 0.0066 0.9990 0.0441
vn -0.0960 0.9953 -0.0144
vn -0.0293 0.9995 0.0105
vn 0.1169 0.9890 -0.0909
vn -0.1562 0.9800 0.1237
vn -0.0408 0.9983 -0.0424
vn 0.0192 0.9998 0.0010
vn -0.0139 0.9995 -0.0268
vn 0.1016 0.9893 0.1042
vn 0.1301 0.9841 -0.1212
vn -0.0138 0.9998 0.0167
vn -0.0016 0.9954 0.0955
vn 0.0634 0.9963 -0.0586
vn -0.0101 0.9999 0.0046
vn 0.0067 0.9988 -0.0478
vn -0.0798 0.9689 0.2341
vn -0.0078 0.9966 0.0826
vn -0.0371 0.9834 -0.1779
vn -0.1096 0.9935 -0.0296
vn 0.0817 0.9965 -0.0166
vn -0.0209 0.9982 -0.0563
vn 0.0511 0.9987 -0.0052
vn 0.0064 1.0000 -0.0020
vn -0.0171 0.9998 -0.0092
vn -0.1005 0.9884 0.1139
vn 0.0391 0.9966 0.0727
vn 0.0051 0.9999 0.0143
vn 0.0986 0.9820 0.1612
vn 0.0602 0.9981 -0.0120
vn -0.0072 0.9997 0.0218
vn 0.0059 0.9993 0.0380
vn 0.0004 1.0000 -0.0037
vn 0.0407 0.9982 -0.0446
vn 0.0222 0.9977 0.0639
vn -0.0437 0.9964 0.0726
vn -0.1197 0.9899 -0.0761
vn -0.0268 0.9982 0.0528
vn -0.0348 0.9992 0.0200
vn -0.0186 0.9988 -0.0457
vn 0.0056 0.9989 -0.0469
vn -0.0003 0.9958 -0.0916
vn 0.0458 0.9985 0.0301
vn -0.0086 0.9999 0.0145
vn -0.0089 0.9993 0.0356
vn 0.0013 1.0000 0.0069
vn -0.0045 0.9979 -0.0650
vn 0.0485 0.9985 -0.0257
vn -0.0728 0.9919 -0.1039
vn 0.0433 0.9985 -0.0339
vn -0.1194 0.9915 0.0510
vn 0.0195 0.9991 0.0374
vn 0.1312 0.9754 -0.1770
vn 0.0371 0.9935 -0.1075
vn -0.0554 0.9983 -0.0179
vn 0.0274 0.9993 -0.0242
vn -0.0162 0.9949 0.0995
vn 0.0857 0.9941 -0.0661
vn -0.1422 0.9848 0.0999
vn 0.0365 0.9990 0.0257
vn -0.0394 0.9983 0.0438
vn 0.1129 0.9806 -0.1604
vn 0.0189 0.9967 -0.0788
vn -0.1045 0.9942 -0.0273
vn -0.0187 0.9987 0.0477
vn 0.0247 0.9997 -0.0047
vn -0.0024 0.9983 0.0591
vn 0.0238 0.9990 -0.0370
vn 0.0125 0.9998 0.0135
vn 0.0174 0.9989 0.0440
vn 0.0981 0.9926 -0.0715
vn -0.0267 0.9993 0.0249
vn -0.0038 0.9983 0.0576
vn -0.0148 0.9999 0.0080
vn 0.0217 0.9991 -0.0366
vn -0.0184 0.9992 0.0360
vn 0.0720 0.9964 -0.0458
vn 0.0065 1.0000 -0.0065
vn -0.0090 0.9999 0.0047
vn 0.0253 0.9986 -0.0471
vn 0.1520 0.9867 0.0584
vn -0.0558 0.9982 0.0210
vn -0.0573 0.9944 0.0890
vn 0.0149 0.9998 0.0147
vn 0.0230 0.9995 -0.0195
vn 0.0061 0.9998 -0.0193
vn -0.0196 0.9997 0.0173
vn 0.0334 0.9974 -0.0634
vn 0.0330 0.9994 -0.0067
vn -0.0371 0.9985 0.0390
vn -0.0136 0.9993 0.0346
vn 0.0589 0.9982 -0.0089
vn 0.0087 0.9996 -0.0257
vn -0.0069 0.9999 -0.0077
vn 0.0078 0.9954 0.0956
vn -0.0101 0.9984 0.0562
vn 0.0973 0.9950 -0.0225
vn -0.0081 1.0000 -0.0026
vn 0.0323 0.9989 -0.0334
vn -0.0773 0.9969 0.0114
vn 0.0108 0.9996 -0.0246
vn -0.1198 0.9841 0.1312
vn 0.0730 0.9929 -0.0940
vn 0.0358 0.9991 0.0217
vn 0.1974 0.9732 -0.1176
vn -0.0823 0.9954 0.0490
vn 0.0300 0.9995 0.0088
vn 0.0073 0.9983 -0.0576
vn -0.0095 0.9994 0.0338
vn 0.1117 0.9937 -0.0080
vn -0.0700 0.9974 -0.0196
vn -0.0557 0.9931 0.1036
vn -0.0762 0.9964 -0.0367
vn -0.0098 0.9996 -0.0269
vn 0.0183 0.9989 0.0435
vn 0.0113 0.9987 0.0490
vn -0.0538 0.9985 -0.0058
vn -0.0334 0.9980 0.0537
vn -0.0243 0.9990 0.0364
vn 0.0100 0.9973 0.0721
vn 0.0352 0.9991 -0.0249
vn 0.0137 0.9996 -0.0238
vn 0.0088 0.9976 -0.0686
vn -0.0010 0.9993 0.0373
vn 0.0223 0.9946 0.1017
vn -0.1045 0.9941 -0.0277
vn 0.0026 0.9998 -0.0203
vn 0.0407 0.9966 -0.0718
vn 0.0341 0.9992 0.0200
vn 0.0171 0.9978 0.0635
vn -0.0744 0.9970 -0.0214
vn -0.0177 0.9993 -0.0319
vn -0.0880 0.9776 0.1913
vn -0.1349 0.9908 -0.0099
vn -0.0306 0.9971 -0.0692
vn 0.0405 0.9981 -0.0461
vn 0.1153 0.9830 -0.1426
vn -0.0045 0.9998 -0.0178
vn -0.0020 0.9984 0.0564
vn 0.0957 0.9950 -0.0271
vn -0.0177 0.9998 -0.0056
vn 0.0593 0.9979 -0.0263
vn -0.0433 0.9991 -0.0041
vn -0.0049 0.9989 -0.0460
vn 0.0268 0.9990 -0.0364
vn -0.0093 0.9991 -0.0415
vn 0.0468 0.9989 0.0091
vn -0.0339 0.9980 0.0542
vn -0.0487 0.9971 0.0593
vn 0.0255 0.9996 0.0142
vn -0.0130 0.9999 -0.0096
vn 0.0811 0.9857 -0.1480
vn 0.0147 0.9957 -0.0916
vn 0.0621 0.9975 0.0333
vn 0.0470 0.9989 0.0028
vn -0.0048 0.9999 -0.0125
vn -0.0472 0.9980 -0.0415
vn -0.0204 0.9974 -0.0688
vn -0.0403 0.9991 0.0152
vn 0.0158 0.9998 0.0135
vn 0.1152 0.9927 -0.0353
vn -0.0666 0.9971 -0.0374
vn 0.1024 0.9944 0.0269
vn -0.0138 0.9996 -0.0257
vn 0.2059 0.9712 0.1202
vn -0.0017 0.9990 -0.0438
vn 0.0502 0.9979 0.0402
vn 0.0053 0.9934 -0.1150
vn 0.0290 0.9995 0.0129
vn 0.1296 0.9843 0.1199
vn -0.4752 0.3960 0.7857
vn 0.0892 0.9948 0.0482
vn 0.0230 0.9980 -0.0581
vn 0.0393 0.9907 -0.1300
vn -0.0056 0.9992 -0.0384
vn -0.0712 0.9974 0.0113
vn 0.0134 0.9997 -0.0194
vn -0.0061 1.0000 -0.0007
vn -0.0043 0.9994 -0.0336
vn -0.0053 0.9987 -0.0505
vn -0.1526 0.9831 -0.1015
vn 0.0088 0.9995 0.0302
vn 0.0561 0.9983 -0.0180
vn 0.0001 1.0000 -0.0031
vn -0.0075 1.0000 0.0040
vn 0.0009 0.9999 -0.0123
vn 0.0816 0.9965 0.0195
vn 0.0373 0.9975 -0.0596
vn -0.0506 0.9897 -0.1336
vn 0.0543 0.9967 0.0608
vn -0.0332 0.9994 -0.0000
vn -0.0633 0.9972 0.0386
vn 0.0984 0.9915 -0.0852
vn 0.0117 0.9996 -0.0266
vn -0.0104 0.9996 -0.0256
vn 0.0163 0.9996 0.0240
vn 0.0461 0.9987 -0.0231
vn 0.0179 0.9997 -0.0156
vn -0.0422 0.9967 0.0690
vn -0.0452 0.9982 -0.0385
vn -0.0045 0.9993 -0.0383
vn 0.0260 0.9992 0.0305
vn 0.0042 0.9998 -0.0219
vn 0.0529 0.9986 -0.0086
vn -0.0317 0.9994 0.0108
vn 0.0399 0.9974 -0.0593
vn 0.0774 0.9966 0.0265
vn -0.0301 0.9994 0.0182
vn 0.0344 0.9993 -0.0147
vn 0.0726 0.9906 -0.1158
vn -0.0252 0.9993 -0.0263
vn -0.0123 0.9999 0.0114
vn 0.0672 0.9977 0.0003
vn -0.0400 0.9989 0.0230
vn 0.0767 0.9957 0.0517
vn -0.0687 0.9962 -0.0538
vn 0.0123 0.9994 -0.0319
vn -0.0050 0.9999 0.0098
vn 0.0077 0.9996 -0.0264
vn 0.0391 0.9989 -0.0265
vn -0.0371 0.9980 -0.0520
vn 0.0029 0.9986 -0.0535
vn 0.0099 0.9983 0.0581
vn -0.0152 0.9999 -0.0039
vn -0.0942 0.9895 0.1093
vn 0.0660 0.9976 -0.0210
vn 0.3533 0.9051 -0.2366
vn 0.0019 1.0000 -0.0092
vn 0.0023 0.9999 -0.0101
vn 0.0089 0.9999 -0.0101
vn 0.0009 0.9987 -0.0509
vn -0.0017 0.9999 -0.0137
vn -0.0064 0.9983 -0.0576
vn 0.0612 0.9981 -0.0111
vn 0.0153 0.9994 0.0320
vn -0.0463 0.9972 0.0588
vn 0.0639 0.9978 0.0198
vn -0.0720 0.9965 -0.0421
vn -0.0362 0.9982 0.0480
vn -0.0074 0.9999 -0.0103
vn 0.0122 0.9995 0.0293
vn -0.0284 0.9966 0.0769
vn -0.0526 0.9960 0.0727
vn 0.0492 0.9968 -0.0629
vn -0.0897 0.9927 0.0807
vn 0.0257 0.9988 0.0412
vn -0.0055 1.0000 -0.0078
vn -0.0321 0.9992 0.0253
vn 0.0141 0.9998 0.0141
vn 0.0079 0.9998 0.0204
vn -0.0263 0.9995 0.0148
vn -0.0336 0.9981 -0.0522
vn -0.0476 0.9988 -0.0065
vn -0.0118 0.9981 -0.0599
vn -0.0078 0.9976 0.0685
vn -0.1062 0.9940 -0.0255
vn -0.0319 0.9995 -0.0016
vn 0.0061 0.9993 -0.0379
vn -0.0206 0.9996 0.0182
vn 0.0186 0.9996 0.0227
vn 0.0011 0.9997 -0.0244
vn 0.0448 0.9988 0.0175
vn -0.0191 0.9994 0.0273
vn 0.0583 0.9951 0.0803
vn 0.1030 0.9947 0.0046
vn 0.0199 0.9998 -0.0054
vn 0.0030 0.9991 -0.0429
vn -0.1073 0.9898 0.0942
vn 0.0040 1.0000 -0.0018
vn -0.0189 0.9998 -0.0063
vn 0.0208 0.9991 0.0371
vn 0.0350 0.9993 0.0130
vn -0.0158 0.9965 -0.0818
vn -0.0207 0.9990 -0.0397
vn 0.0545 0.9982 0.0244
vn 0.0272 0.9976 -0.0640
vn 0.1522 0.9750 -0.1617
vn 0.0302 0.9985 0.0452
vn -0.1065 0.9510 0.2902
vn -0.1166 0.9931 -0.0128
vn -0.0002 1.0000 -0.0012
vn -0.0203 0.9975 0.0678
vn 0.0955 0.9951 -0.0243
vn -0.0240 0.9996 0.0168
vn 0.0123 0.9997 0.0217
vn -0.0117 0.9991 0.0409
vn -0.0601 0.9976 -0.0354
vn 0.0275 0.9959 -0.0862
vn 0.0747 0.9968 -0.0273
vn 0.0140 0.9998 -0.0127
vn 0.0049 0.9967 0.0813
vn 0.0116 0.9999 0.0016
vn 0.0084 0.9972 -0.0739
vn -0.0023 1.0000 0.0048
vn -0.0042 1.0000 -0.0005
vn 0.0079 1.0000 -0.0007
vn -0.0694 0.9961 0.0540
vn -0.0028 0.9932 -0.1166
vn 0.0695 0.9964 0.0487
vn -0.0006 0.9995 -0.0302
vn -0.0200 0.9989 -0.0428
vn 0.0395 0.9990 0.0197
vn -0.0337 0.9991 0.0243
vn 0.0159 0.9999 -0.0013
vn -0.2267 0.9690 -0.0979
vn 0.0503 0.9986 -0.0158
vn 0.0554 0.9768 -0.2067
vn 0.0342 0.9993 -0.0168
vn 0.1038 0.9941 0.0321
vn -0.0345 0.9987 0.0375
vn 0.0198 0.9989 0.0434
vn -0.0482 0.9982 0.0359
vn 0.0318 0.9994 0.0160
vn -0.0233 0.9995 0.0196
vn -0.0104 0.9987 -0.0502
vn -0.0061 0.9999 -0.0081
vn 0.0645 0.9932 0.0965
vn 0.2916 0.9359 -0.1974
vn -0.0646 0.9976 0.0252
vn -0.0205 0.9997 0.0137
vn 0.0099 0.9999 -0.0092
vn -0.0178 0.9998 0.0001
vn 0.0224 0.9995 0.0238
vn 0.0025 -0.9999 0.0123
vn -0.0213 0.9993 0.0316
vn 0.1234 0.9896 0.0746
vn 0.0218 0.9991 0.0364
vn 0.0244 0.9986 0.0469
vn -0.0610 0.9971 0.0451
vn -0.0041 0.9996 0.0268
vn 0.0155 0.9999 0.0015
vn -0.0009 0.9978 0.0667
vn 0.1140 0.9935 -0.0054
vn -0.0127 0.9990 0.0436
vn -0.0522 0.9957 0.0759
vn -0.0074 0.9936 -0.1125
vn -0.0344 0.9994 -0.0036
vn -0.0117 0.9994 0.0334
vn -0.1033 0.9898 0.0976
vn 0.0483 0.9962 -0.0725
vn 0.0171 0.9983 -0.0550
vn 0.0463 0.9976 0.0523
vn -0.0507 0.9960 -0.0735
vn 0.0748 0.9970 0.0193
vn 0.0176 0.9984 -0.0545
vn -0.0106 0.9997 -0.0198
vn -0.0061 0.9984 -0.0568
vn 0.0575 0.9982 -0.0174
vn 0.0273 0.9989 0.0393
vn 0.1395 0.9848 0.1037
vn 0.0945 0.9941 -0.0531
vn -0.1295 0.9892 -0.0685
vn 0.0408 0.9988 -0.0268
vn -0.0470 0.9961 0.0750
vn 0.0563 0.9971 -0.0506
vn -0.0399 0.9992 0.0068
vn 0.0088 0.9971 0.0750
vn -0.0203 0.9996 -0.0213
vn -0.0218 0.9996 0.0175
vn -0.0240 0.9996 -0.0134
vn 0.0127 0.9999 0.0020
vn -0.0096 0.9999 0.0119
vn -0.0220 0.9990 -0.0377
vn -0.0375 0.9992 -0.0133
vn 0.0169 0.9998 -0.0047
vn 0.0071 1.0000 0.0014
vn 0.0218 0.9995 0.0207
vn 0.0411 0.9954 0.0871
vn -0.0717 0.9974 0.0074
vn 0.0192 0.9997 -0.0181
vn -0.0526 0.9986 -0.0036
vn 0.0126 0.9996 -0.0251
vn 0.0703 0.9975 0.0098
vn -0.0040 0.9980 -0.0631
vn 0.1218 0.9923 0.0201
vn 0.0570 0.9944 -0.0886
vn -0.0277 0.9978 0.0609
vn 0.0819 0.9961 -0.0318
vn -0.0184 0.9966 -0.0804
vn 0.0660 0.9783 0.1963
vn -0.0682 0.9977 0.0015
vn 0.0512 0.9980 -0.0363
vn -0.0058 1.0000 -0.0032
vn -0.0528 0.9978 0.0405
vn 0.1087 0.9919 -0.0664
vn 0.0008 0.9994 -0.0343
vn -0.0027 0.9982 -0.0607
vn -0.0164 0.9980 -0.0608
vn 0.0425 0.9967 0.0693
vn 0.0055 0.9986 -0.0533
vn -0.0622 0.9973 -0.0393
vn 0.0516 0.9965 -0.0660
vn 0.0099 0.9997 0.0227
vn -0.0369 0.9990 -0.0250
vn 0.0426 0.9925 0.1146
vn -0.0926 0.9951 0.0351
vn 0.0697 0.9975 -0.0062
vn 0.0595 0.9980 0.0226
vn -0.0348 0.9994 -0.0047
vn -0.0010 0.9989 -0.0464
vn -0.0887 0.9927 -0.0819
vn 0.0514 0.9985 -0.0177
vn 0.0114 0.9989 0.0459
vn -0.0301 0.9981 -0.0546
vn -0.0009 0.9987 -0.0510
vn -0.0336 0.9994 0.0048
vn 0.0060 0.9997 0.0257
vn 0.0995 0.9945 -0.0321
vn -0.0244 0.9996 0.0115
vn 0.0177 0.9998 -0.0056
vn -0.1000 0.9944 0.0353
vn -0.0746 0.9860 -0.1488
vn 0.1199 0.9852 0.1222
vn 0.0257 0.9995 0.0203
vn 0.0373 0.9992 0.0142
vn -0.0257 0.9994 -0.0248
vn 0.0108 0.9999 0.0059
vn 0.0211 0.9876 -0.1553
vn -0.0842 0.9951 -0.0515
vn 0.0609 0.9981 -0.0107
vn 0.0165 0.9989 -0.0438
vn -0.0011 0.9931 -0.1176
vn -0.0330 0.9987 -0.0384
vn -0.0171 0.9984 0.0548
vn 0.0842 0.9945 0.0629
vn -0.1297 0.9915 -0.0018
vn -0.0023 0.9998 -0.0209
vn -0.0106 0.9998 -0.0169
vn -0.0120 0.9998 0.0129
vn -0.0113 0.9992 -0.0392
vn -0.0597 0.9982 0.0009
vn 0.0204 0.9971 -0.0730
vn -0.0894 0.9951 -0.0430
vn -0.0521 0.9979 0.0382
vn 0.0846 0.9963 0.0149
vn -0.0520 0.9986 0.0048
vn 0.0552 0.9979 -0.0329
vn 0.0684 0.9954 0.0672
vn 0.0127 0.9993 -0.0349
vn 0.0070 0.9998 0.0159
vn -0.0327 0.9994 -0.0060
vn -0.0230 0.9997 -0.0100
vn 0.0195 0.9998 -0.0105
vn 0.0009 0.9998 0.0174
vn -0.0000 0.9989 -0.0476
vn -0.0627 0.9978 -0.0206
vn -0.0034 0.9997 0.0247
vn 0.0745 0.9951 0.0645
vn 0.0114 0.9899 0.1415
vn 0.0609 0.9979 0.0212
vn -0.1117 -0.9920 0.0592
vn 0.0812 0.9965 0.0204
vn 0.0281 0.9994 -0.0221
vn 0.0103 0.9997 0.0241
vn 0.0231 0.9971 -0.0723
vn -0.0544 0.9980 -0.0335
vn 0.0316 0.9992 -0.0257
vn -0.0242 0.9975 -0.0657
vn 0.0705 0.9971 -0.0276
vn -0.0081 0.9999 -0.0110
vn 0.0146 0.9977 0.0656
vn 0.0094 0.9992 0.0392
vn 0.0992 0.9772 -0.1876
vn -0.0310 0.9978 0.0578
vn 0.0671 0.9972 -0.0328
vn -0.0493 0.9962 0.0720
vn 0.0022 0.9981 0.0618
vn 0.0192 0.9993 -0.0311
vn -0.0297 0.9993 -0.0246
vn 0.0628 0.9980 0.0013
vn -0.0267 0.9996 0.0077
vn 0.0211 0.9996 0.0193
vn -0.0549 0.9972 -0.0507
vn 0.0620 0.9972 -0.0425
vn -0.0399 0.9978 -0.0530
vn 0.0251 0.9994 0.0223
vn 0.0312 0.9988 0.0386
vn -0.0334 0.9994 -0.0064
vn -0.0463 0.9983 0.0355
vn 0.0190 0.9976 0.0663
vn -0.0720 0.9934 0.0892
vn 0.1478 0.9890 -0.0041
vn -0.0437 0.9979 0.0487
vn 0.0312 0.9983 0.0496
vn -0.0626 0.9952 0.0753
vn -0.1219 0.9923 -0.0202
vn 0.0186 0.9987 0.0465
vn -0.0980 0.9948 -0.0291
vn -0.0066 1.0000 0.0008
vn -0.0284 0.9993 0.0249
vn 0.0049 0.9999 0.0107
vn 0.0877 0.9878 0.1285
vn -0.0603 0.9982 0.0028
vn 0.0222 0.9957 0.0898
vn -0.0727 0.9964 0.0441
vn 0.0302 0.9967 -0.0759
vn -0.0691 0.9931 0.0945
vn -0.0518 0.9987 -0.0001
vn 0.0524 0.9984 -0.0202
vn -0.0324 0.9994 -0.0124
vn 0.0236 0.9986 -0.0481
vn -0.0912 0.9907 0.1011
vn -0.0213 0.9995 0.0245
vn -0.0038 1.0000 -0.0026
vn 0.0201 0.9997 0.0134
vn 0.0046 1.0000 0.0013
vn 0.0744 0.9972 -0.0114
vn -0.0760 0.9960 -0.0471
vn 0.0007 0.9996 -0.0294
vn -0.0462 0.9984 0.0321
vn 0.0549 0.9952 -0.0813
vn 0.0585 0.9972 -0.0456
vn -0.0061 0.9999 -0.0119
vn 0.0027 0.9996 -0.0274
vn 0.0266 0.9995 -0.0168
vn -0.0299 0.9994 -0.0172
vn 0.0231 0.9997 0.0092
vn -0.7260 0.3756 0.5760
vn 0.0363 0.9993 -0.0031
vn 0.0384 0.9991 -0.0174
vn -0.0473 0.9980 0.0425
vn -0.0279 0.9987 0.0415
vn -0.0370 0.9993 -0.0099
vn 0.0486 0.9987 -0.0151
vn 0.0005 0.9962 0.0873
vn -0.2338 0.9686 -0.0844
vn -0.1316 0.9652 0.2261
vn 0.0203 0.9995 0.0245
vn 0.0191 0.9998 0.0073
vn 0.1522 0.9804 0.1254
vn -0.0347 0.9993 -0.0120
vn 0.0221 0.9995 -0.0206
vn -0.0257 0.9994 -0.0214
vn 0.0378 0.9984 -0.0421
vn -0.0596 0.9982 -0.0012
vn 0.0127 0.9998 0.0143
vn 0.0467 0.9989 -0.0087
vn -0.0277 0.9996 -0.0086
vn 0.0135 0.9994 -0.0321
vn -0.0717 0.9971 0.0260
vn -0.0356 0.9993 -0.0136
vn 0.0167 0.9999 -0.0030
vn -0.1031 0.9946 0.0093
vn 0.0886 0.9883 0.1238
vn -0.0461 0.9989 -0.0074
vn -0.0134 0.9999 0.0045
vn -0.0139 0.9981 -0.0598
vn -0.0028 0.9992 -0.0410
vn 0.0276 0.9993 0.0267
vn -0.0100 0.9995 0.0296
vn 0.0303 0.9995 -0.0038
vn -0.0382 0.9990 -0.0222
vn -0.1178 0.9807 0.1559
vn 0.0920 0.9939 -0.0601
vn -0.0392 0.9988 -0.0279
vn 0.0190 0.9988 -0.0443
vn -0.0506 0.9983 -0.0305
vn -0.0007 0.9997 0.0249
vn -0.0036 0.9999 -0.0139
vn 0.0694 0.9971 0.0327
vn 0.0274 0.9991 0.0308
vn -0.0136 0.9999 -0.0042
vn 0.2803 0.9013 0.3304
vn 0.0297 0.9994 -0.0169
vn 0.0722 0.9973 -0.0088
vn -0.0140 0.9993 -0.0343
vn 0.0141 0.9996 -0.0229
vn -0.1089 0.9904 0.0852
vn 0.1250 0.9921 -0.0141
vn -0.0654 0.9979 -0.0034
vn -0.0412 0.9990 0.0175
vn 0.0149 0.9966 -0.0812
vn 0.0881 0.9955 0.0361
vn 0.0003 1.0000 0.0057
vn -0.0056 1.0000 0.0045
vn -0.0027 1.0000 0.0086
vn 0.0070 0.9995 0.0323
vn 0.0379 0.9991 -0.0186
vn 0.0054 0.9993 0.0378
vn -0.0298 0.9995 -0.0084
vn 0.0410 0.9986 0.0337
vn 0.0619 0.9981 0.0039
vn -0.0324 0.9994 -0.0098
vn -0.0729 0.9968 -0.0330
vn 0.0708 0.9950 -0.0704
vn -0.0442 0.9989 0.0150
vn 0.0196 0.9996 -0.0199
vn 0.0072 0.9999 0.0100
vn 0.0018 0.9993 -0.0362
vn -0.0079 0.9995 -0.0306
vn -0.0939 0.9923 0.0803
vn -0.0064 0.9988 0.0490
vn 0.1061 0.9944 -0.0000
vn 0.0651 0.9975 -0.0261
vn -0.0282 0.9995 0.0157
vn 0.0107 0.9987 0.0488
vn -0.0607 0.9975 0.0367
vn 0.0724 0.9969 -0.0302
vn 0.0391 0.9991 0.0183
vn -0.0055 0.9997 -0.0219
vn -0.4348 -0.2806 0.8557
vn -0.0269 0.9991 -0.0314
vn 0.0010 0.9974 -0.0726
vn -0.0426 0.9990 -0.0097
vn -0.0196 0.9974 -0.0688
vn -0.0007 0.9979 -0.0646
vn -0.0992 0.9838 0.1491
vn -0.0183 0.9994 0.0296
vn 0.0136 0.9952 0.0968
vn -0.0390 0.9990 0.0209
vn 0.0288 0.9996 -0.0032
vn -0.0049 1.0000 -0.0078
vn 0.0327 0.9989 0.0340
vn -0.0368 0.9992 -0.0161
vn -0.0518 0.9907 -0.1256
vn -0.0316 0.9994 0.0164
vn 0.0054 0.9986 0.0534
vn -0.0074 0.9860 0.1668
vn -0.0657 0.9977 -0.0169
vn -0.0061 1.0000 0.0002
vn -0.0062 0.9982 -0.0593
vn 0.0226 0.9993 -0.0291
vn 0.0422 0.9976 0.0558
vn -0.0133 0.9995 -0.0276
vn -0.0331 0.9986 -0.0409
vn 0.1425 0.9728 -0.1826
vn -0.0360 0.9993 0.0115
vn -0.0826 0.9931 0.0834
vn 0.0019 0.9988 -0.0481
vn -0.0329 0.9937 -0.1070
vn 0.2152 0.9753 0.0489
vn -0.0232 0.9984 0.0506
vn -0.0374 0.9982 0.0479
vn 0.0150 0.9980 -0.0619
vn -0.0151 0.9938 0.1103
vn 0.1341 0.9849 -0.1098
vn -0.0339 0.9994 -0.0105
vn 0.0226 0.9997 -0.0126
vn 0.0079 0.9981 -0.0616
vn -0.0317 0.9993 0.0204
vn -0.0379 0.9993 -0.0065
vn 0.0648 0.9938 -0.0902
vn 0.0168 0.9984 -0.0544
vn 0.0668 0.9975 -0.0219
vn -0.0129 0.9987 0.0487
vn -0.0072 0.9999 0.0138
vn 0.0364 0.9987 0.0357
vn -0.0415 0.9988 -0.0246
vn 0.0094 1.0000 0.0003
vn -0.0203 0.9988 -0.0446
vn 0.0124 0.9999 0.0102
vn 0.0012 0.9990 0.0458
vn 0.1453 0.9823 -0.1182
vn -0.0200 0.9993 -0.0329
vn 0.1097 0.9925 -0.0541
vn -0.0017 0.9976 0.0695
vn -0.0684 0.9974 0.0227
vn 0.0117 0.9979 0.0638
vn 0.0672 0.9974 -0.0248
vn -0.1460 0.9752 0.1666
vn 0.0535 0.9984 0.0204
vn -0.0127 0.9996 0.0260
vn 0.0136 0.9999 -0.0090
vn 0.0072 0.9998 0.0179
vn 0.0993 0.9919 0.0794
vn -0.0415 0.9981 -0.0450
vn -0.0201 0.9980 -0.0603
vn -0.0304 0.9990 -0.0319
vn -0.0098 0.9989 -0.0453
vn -0.0107 0.9998 -0.0172
vn 0.0101 0.9993 -0.0369
vn 0.0295 0.9996 -0.0049
vn -0.0185 0.9995 0.0248
vn 0.1245 0.9892 -0.0773
vn 0.0318 0.9994 -0.0109
vn -0.0587 0.9951 0.0793
vn -0.0185 0.9961 0.0864
vn -0.0334 0.9990 -0.0289
vn 0.0463 0.9924 -0.1143
vn -0.0505 0.9975 0.0491
vn 0.2682 0.9585 -0.0967
vn 0.0241 0.9995 0.0195
vn 0.0831 0.9931 0.0830
vn -0.0012 0.9995 -0.0307
vn 0.2574 0.9103 0.3241
vn -0.0410 0.9992 -0.0035
vn 0.1139 0.9859 0.1227
vn -0.0358 0.9993 -0.0097
vn -0.5612 0.8091 0.1742
vn 0.0093 0.9913 0.1316
vn -0.0237 0.9975 0.0665
vn 0.0032 0.9997 0.0241
vn -0.0247 0.9997 -0.0066
vn -0.1245 0.9619 -0.2435
vn -0.0093 0.9947 0.1028
vn 0.0654 0.9941 -0.0864
vn 0.1890 0.9767 0.1011
vn -0.0387 0.9982 -0.0466
vn 0.0154 0.9996 0.0254
vn 0.0179 0.9990 0.0400
vn -0.0203 0.9997 0.0096
vn 0.0045 0.9991 0.0421
vn 0.0292 0.9996 -0.0007
vn -0.0198 0.9994 0.0271
vn 0.0856 0.9938 0.0708
vn 0.0462 0.9989 0.0010
vn -0.0174 0.9994 -0.0314
vn 0.0066 1.0000 0.0021
vn -0.0190 0.9985 0.0508
vn 0.0467 0.9981 -0.0391
vn 0.0304 0.9995 -0.0058
vn -0.0561 0.9984 0.0107
vn -0.0254 0.9997 -0.0037
vn 0.0940 0.9956 0.0024
vn -0.1006 0.9937 -0.0500
vn -0.0004 0.9999 0.0138
vn -0.0015 0.9998 0.0198
vn -0.0402 0.9991 0.0106
vn 0.1050 0.9901 -0.0934
vn 0.0704 0.9927 0.0975
vn 0.0824 0.9961 -0.0315
vn -0.0991 0.9951 0.0052
vn -0.0123 0.9997 -0.0214
vn 0.0110 0.9999 0.0032
vn -0.0007 1.0000 0.0082
vn 0.0370 0.9993 0.0025
vn -0.0934 0.9948 0.0413
vn 0.0242 0.9993 0.0281
vn -0.0280 0.9980 0.0570
vn -0.0097 0.9987 -0.0504
vn -0.0475 0.9988 -0.0068
vn -0.0327 0.9973 -0.0664
vn 0.0847 0.9957 0.0367
vn 0.0135 0.9998 0.0176
vn -0.0251 0.9995 0.0189
vn 0.0891 0.9913 0.0964
vn 0.1318 0.9912 0.0099
vn 0.0699 0.9967 -0.0407
vn -0.1727 0.9623 -0.2103
vn 0.0899 0.9959 0.0100
vn -0.0491 0.9962 0.0724
vn -0.0921 0.9928 -0.0761
vn 0.0794 0.9966 0.0236
vn 0.0382 0.9983 -0.0437
vn -0.0932 0.9955 0.0183
vn -0.0005 1.0000 0.0084
vn -0.0146 0.9998 -0.0165
vn 0.0405 0.9991 0.0159
vn -0.0719 0.9880 -0.1366
vn 0.0295 0.9951 -0.0947
vn -0.8558 -0.4200 -0.3019
vn 0.0451 0.9960 -0.0771
vn -0.0284 0.9996 0.0071
vn 0.0021 1.0000 0.0009
vn 0.0002 1.0000 0.0079
vn -0.0003 0.9998 0.0206
vn 0.0044 0.9995 -0.0305
vn -0.0378 0.9984 0.0431
vn -0.0136 0.9998 -0.0119
vn 0.0738 0.9928 0.0946
vn -0.0521 0.9985 -0.0156
vn 0.0099 0.9998 0.0160
vn -0.0120 0.9997 -0.0227
vn -0.0118 0.9997 -0.0227
vn 0.0281 0.9996 -0.0038
vn -0.0117 0.9998 0.0133
vn -0.0268 0.9996 -0.0070
vn 0.0007 0.9999 0.0158
vn -0.0111 0.9999 0.0033
vn 0.0039 1.0000 0.0076
vn 0.0581 0.9976 -0.0368
vn -0.0951 0.9895 0.1086
vn -0.0131 0.9999 -0.0050
vn -0.0291 0.9993 -0.0252
vn -0.0237 0.9990 -0.0391
vn 0.0255 0.9912 0.1300
vn 0.1384 0.9900 -0.0271
vn 0.0056 0.9945 0.1048
vn 0.0508 0.9962 0.0714
vn -0.0138 0.9987 -0.0492
vn 0.1133 0.9912 -0.0690
vn -0.0354 0.9971 -0.0679
vn 0.1078 0.9933 0.0427
vn 0.0499 0.9988 0.0004
vn -0.0626 0.9979 0.0151
vn -0.0116 0.9999 0.0079
vn -0.0028 0.9997 -0.0237
vn 0.0378 0.9993 0.0055
vn -0.1706 0.9798 0.1042
vn 0.1315 0.9705 -0.2023
vn -0.0424 0.9988 -0.0252
vn 0.1468 0.9786 0.1440
vn -0.0249 0.9985 0.0484
vn -0.0391 0.9987 -0.0316
vn -0.0094 0.9996 -0.0281
vn 0.0111 0.9999 -0.0106
vn 0.0153 0.9981 -0.0590
vn -0.0308 0.9990 -0.0312
vn -0.0180 0.9991 0.0388
vn 0.0603 0.9960 0.0664
vn -0.0170 0.9991 0.0380
vn -0.0374 0.9993 -0.0046
vn -0.0435 0.9868 -0.1560
vn 0.0184 0.9967 -0.0794
vn -0.0196 0.9994 -0.0270
vn 0.0642 0.9973 0.0368
vn -0.0509 0.9948 -0.0883
vn -0.0516 0.9986 -0.0113
vn -0.2060 0.9755 0.0769
vn -0.0340 0.9955 -0.0881
vn -0.1179 0.9774 0.1753
vn 0.0089 0.9970 0.0764
vn 0.0147 0.9954 0.0952
vn 0.0643 0.9975 0.0292
vn -0.0336 0.9994 -0.0082
vn -0.0144 0.9998 0.0097
vn 0.0047 0.9960 0.0890
vn 0.0633 0.9980 -0.0028
vn 0.0024 0.9984 -0.0569
vn -0.0357 0.9993 -0.0127
vn 0.1010 0.9944 0.0320
vn -0.0932 0.9901 0.1054
vn 0.1182 0.9928 -0.0210
vn -0.0066 0.9992 0.0396
vn -0.0162 0.9947 0.1017
vn 0.1443 0.9854 -0.0905
vn 0.0101 0.9999 0.0064
vn 0.0077 0.9998 -0.0155
vn 0.0003 1.0000 -0.0069
vn 0.0050 1.0000 -0.0034
vn 0.0177 0.9982 -0.0573
vn 0.0242 0.9985 -0.0500
vn 0.0552 0.9960 0.0702
vn 0.0986 0.9917 -0.0826
vn -0.0089 0.9997 0.0209
vn 0.0112 0.9998 -0.0152
vn -0.0239 0.9997 -0.0050
vn -0.0410 0.9980 -0.0480
vn 0.1381 0.9898 -0.0348
vn -0.0429 0.9985 -0.0331
vn 0.0508 0.9972 -0.0553
vn -0.0060 0.9990 -0.0445
vn -0.0398 0.9986 0.0363
vn 0.0212 0.9998 0.0032
vn 0.0801 0.9931 -0.0860
vn 0.0516 0.9979 0.0383
vn -0.0287 0.9994 0.0196
vn -0.0027 1.0000 -0.0021
vn 0.0980 0.9933 -0.0620
vn 0.0111 0.9996 0.0277
vn -0.1146 0.9834 -0.1408
vn -0.0768 0.9961 0.0435
vn 0.0469 0.9986 -0.0254
vn -0.0180 0.9993 -0.0330
vn -0.1318 0.9765 -0.1708
vn -0.0096 0.9991 -0.0403
vn -0.6173 -0.0023 0.7867
vn -0.0065 0.9998 0.0184
vn 0.0197 0.9998 0.0023
vn -0.0363 0.9991 -0.0218
vn 0.0712 0.9965 -0.0431
vn 0.0398 0.9983 -0.0423
vn -0.0217 0.9996 -0.0174
vn 0.0018 1.0000 0.0021
vn 0.0079 0.9995 0.0296
vn 0.0368 0.9991 0.0207
vn -0.0456 0.9932 0.1073
vn 0.0038 0.9988 0.0481
vn 0.0427 0.9990 0.0100
vn -0.0180 0.9980 -0.0611
vn -0.0281 0.9938 -0.1079
vn 0.3860 0.9016 0.1953
vn -0.0649 0.9964 -0.0539
vn -0.0200 0.9997 -0.0168
vn -0.1321 0.9887 0.0706
vn 0.0340 0.9982 0.0503
vn 0.0001 0.9999 -0.0106
vn -0.0150 0.9996 0.0238
vn 0.0344 0.9974 -0.0637
vn 0.0093 0.9999 -0.0039
vn 0.0248 0.9997 0.0080
vn -0.0512 0.9986 0.0089
vn 0.0195 0.9944 0.1038
vn -0.0402 0.9966 -0.0718
vn -0.0131 0.9974 0.0713
vn -0.1800 0.9807 -0.0769
vn -0.0274 0.9982 -0.0538
vn 0.1408 0.9896 -0.0286
vn -0.1274 0.9918 -0.0128
vn 0.0069 1.0000 -0.0046
vn 0.0403 0.9978 -0.0517
vn -0.0512 0.9986 -0.0139
vn -0.0152 0.9999 0.0019
vn 0.0241 0.9997 0.0097
vn -0.0022 0.9991 -0.0412
vn 0.0901 0.9955 -0.0310
vn -0.0032 0.9990 0.0442
vn 0.0147 0.9996 -0.0245
vn -0.2048 0.9720 0.1154
vn 0.0240 0.9974 -0.0677
vn 0.0087 0.9998 0.0201
vn 0.0823 0.9943 -0.0677
vn 0.0144 0.9994 0.0300
vn -0.0064 0.9995 -0.0306
vn -0.0220 0.9843 -0.1753
vn 0.0218 0.9998 0.0007
vn 0.0288 0.9976 0.0636
vn 0.0398 0.9987 0.0328
vn 0.0086 0.9995 -0.0296
vn 0.0298 0.9995 -0.0058
vn 0.0831 0.9943 0.0672
vn -0.0342 0.9988 0.0342
vn 0.0908 0.9955 -0.0272
vn -0.0807 0.9926 0.0912
vn 0.0639 0.9979 0.0068
vn -0.1230 0.9913 0.0475
vn 0.0335 0.9981 0.0516
vn 0.0175 0.9992 0.0354
vn -0.1002 0.9946 -0.0285
vn -0.0057 1.0000 -0.0057
vn 0.0259 0.9989 0.0403
vn -0.0439 0.9980 -0.0460
vn -0.0012 0.9945 0.1044
vn 0.0967 0.9945 -0.0411
vn -0.0757 0.9966 0.0311
vn 0.0291 0.9989 -0.0377
vn 0.0070 0.9999 0.0147
vn 0.1266 0.9916 -0.0258
vn -0.0494 0.9978 0.0441
vn 0.0018 0.9973 0.0737
vn 0.0331 0.9989 0.0340
vn 0.0037 0.9999 -0.0104
vn -0.0331 0.9991 0.0266
vn -0.0061 0.9977 -0.0670
vn 0.0555 0.9984 0.0094
vn 0.0127 0.9998 -0.0165
vn -0.0189 0.9987 -0.0466
vn 0.0182 0.9987 -0.0469
vn 0.0238 0.9987 -0.0460
vn -0.0480 0.9974 -0.0544
vn 0.0351 0.9969 -0.0703
vn -0.0845 0.9939 0.0715
vn 0.0325 0.9990 0.0316
vn -0.0349 0.9990 0.0279
vn 0.0706 0.9962 -0.0513
vn 0.0900 0.9956 0.0264
vn -0.0081 1.0000 0.0050
vn -0.0415 0.9975 0.0569
vn 0.0445 0.9984 -0.0343
vn -0.0681 0.9949 0.0741
vn 0.0020 0.9988 -0.0488
vn 0.0135 0.9979 0.0636
vn -0.0074 0.9878 0.1556
vn 0.0100 0.9983 0.0575
vn 0.0790 0.9967 -0.0183
vn -0.1927 0.9559 0.2217
vn 0.0192 0.9992 0.0348
vn 0.0702 0.9964 0.0486
vn -0.2617 0.9631 0.0621
vn 0.0203 0.9980 0.0600
vn 0.0355 0.9992 -0.0158
vn 0.0031 0.9933 0.1152
vn 0.0183 0.9996 -0.0195
vn -0.1333 0.9903 0.0389
vn 0.0112 0.9969 0.0778
vn 0.1144 0.9933 -0.0172
vn -0.0101 0.9999 -0.0022
vn 0.0122 0.9990 -0.0434
vn -0.0340 0.9991 0.0252
vn -0.0054 1.0000 -0.0076
vn 0.0314 0.9991 -0.0271
vn 0.0662 0.9954 -0.0695
vn -0.0625 0.9980 0.0088
vn 0.0099 0.9995 -0.0299
vn -0.0393 0.9927 0.1141
vn -0.0805 0.9850 -0.1528
vn -0.3570 0.4583 0.8140
vn -0.0361 0.9989 -0.0296
vn 0.0462 0.9989 0.0006
vn 0.0023 0.9987 0.0509
vn 0.0193 0.9998 -0.0077
vn 0.0009 0.9973 -0.0729
vn -0.0831 0.9965 0.0111
vn -0.0098 0.9983 0.0573
vn 0.0514 0.9982 -0.0300
vn -0.0236 0.9981 0.0572
vn 0.0167 0.9998 -0.0107
vn 0.0484 0.9981 0.0374
vn -0.0233 0.9989 0.0406
vn 0.0605 0.9970 0.0479
vn -0.0839 0.9960 -0.0296
vn 0.1317 0.9742 -0.1834
vn 0.0234 0.9987 -0.0462
vn -0.0287 0.9978 0.0592
vn -0.0273 0.9991 0.0319
vn 0.2491 0.8637 -0.4381
vn -0.0563 0.9976 0.0415
vn -0.0333 0.9948 0.0963
vn 0.0914 0.9933 -0.0707
vn 0.1073 0.9868 0.1209
vn -0.0045 0.9986 0.0521
vn -0.1433 0.8966 0.4190
vn 0.0199 0.9991 0.0370
vn -0.1428 0.9855 -0.0919
vn 0.0204 0.9996 0.0190
vn -0.0737 0.9714 -0.2257
vn 0.0434 0.9987 0.0256
vn 0.0117 0.9993 -0.0365
vn -0.0007 0.9968 -0.0796
vn -0.0510 0.9959 -0.0743
vn 0.0596 0.9969 0.0508
vn -0.0478 0.9989 0.0002
vn 0.0019 0.9988 -0.0492
vn -0.0614 0.9939 -0.0916
vn 0.0359 0.9990 -0.0249
vn -0.0149 0.9984 -0.0543
vn 0.0699 0.9971 0.0306
vn -0.2535 0.9212 -0.2951
vn 0.0237 0.9994 -0.0248
vn 0.0483 0.9988 0.0075
vn -0.0259 0.9997 0.0011
vn -0.0474 0.9975 -0.0517
vn 0.0123 0.9999 -0.0093
vn 0.0115 0.9999 0.0071
vn -0.0495 0.9931 0.1059
vn 0.0719 0.9931 -0.0927
vn 0.0321 0.9973 -0.0657
vn 0.1117 0.9936 0.0186
vn 0.0125 0.9988 0.0469
vn -0.0072 0.9997 0.0249
vn -0.0683 0.9969 -0.0391
vn -0.0068 0.9997 0.0213
vn 0.0318 0.9992 -0.0232
vn -0.0091 0.9997 0.0229
vn -0.0634 0.9980 -0.0020
vn 0.0096 0.9985 0.0540
vn 0.0574 0.9983 0.0083
vn 0.0455 0.9974 0.0561
vn -0.0424 0.9988 -0.0239
vn -0.0093 0.9987 -0.0507
vn -0.0252 0.9996 0.0117
vn 0.0107 0.9964 0.0839
vn 0.0326 0.9982 0.0512
vn -0.0016 0.9937 0.1120
vn -0.0773 0.9967 -0.0240
vn -0.0332 0.9991 -0.0275
vn 0.0542 0.9984 -0.0136
vn 0.0121 0.9977 -0.0666
vn -0.0863 0.9960 0.0210
vn 0.0658 0.9976 -0.0222
vn 0.0033 0.9989 -0.0476
vn 0.0816 0.9966 0.0067
vn -0.0733 0.9972 -0.0135
vn 0.0908 0.9942 0.0571
vn 0.0268 0.9996 0.0089
vn 0.0048 0.9998 -0.0217
vn -0.0190 0.9993 -0.0334
vn 0.0696 0.9967 0.0427
vn -0.0234 0.9997 -0.0111
vn -0.0273 0.9991 -0.0321
vn 0.0829 0.9932 0.0813
vn -0.0032 0.9999 -0.0151
vn -0.0030 0.9995 0.0314
vn 0.0377 0.9993 -0.0068
vn -0.0382 0.9990 0.0239
vn -0.0133 0.9996 -0.0240
vn 0.0196 0.9997 0.0119
vn 0.0477 0.9976 0.0505
vn -0.0488 0.9988 0.0079
vn 0.0787 0.9926 -0.0921
vn -0.0611 0.9926 0.1049
vn -0.0032 0.9987 0.0507
vn 0.0697 0.9972 -0.0258
vn 0.0263 0.9989 0.0398
vn 0.0120 0.9988 0.0477
vn -0.0042 0.9995 -0.0299
vn -0.0606 0.9977 0.0292
vn 0.0584 0.9973 -0.0435
vn -0.0290 0.9994 -0.0214
vn 0.0146 0.9999 -0.0038
vn 0.0887 0.9925 -0.0846
vn -0.0149 0.9996 0.0255
vn -0.0485 0.9970 -0.0609
vn -0.0580 0.9974 0.0433
vn 0.0447 0.9988 0.0178
vn 0.0408 0.9986 -0.0346
vn -0.0756 0.9959 -0.0499
vn 0.0515 0.9986 -0.0099
vn -0.0046 0.9999 0.0166
vn 0.0133 0.9998 -0.0118
vn -0.0132 0.9998 -0.0130
vn -0.0045 1.0000 -0.0081
vn 0.0214 0.9995 0.0233
vn 0.0657 0.9961 -0.0588
vn 0.0320 0.9995 0.0014
vn -0.0365 0.9990 0.0263
vn -0.0096 1.0000 0.0008
vn -0.0122 0.9991 -0.0399
vn 0.0604 0.9980 -0.0197
vn -0.1061 0.9909 0.0823
vn 0.0174 0.9995 -0.0282
vn -0.0000 0.9992 -0.0397
vn -0.0224 0.9995 0.0210
vn -0.0017 0.9984 -0.0567
vn -0.1133 0.9877 -0.1079
vn -0.0138 0.9998 0.0162
vn 0.0092 0.9994 -0.0347
vn -0.0592 0.9982 0.0038
vn 0.0625 0.9971 -0.0427
vn 0.0327 0.9977 0.0588
vn -0.0935 0.9953 -0.0243
vn 0.0627 0.9980 -0.0004
vn 0.0124 0.9999 -0.0027
vn -0.0140 0.9999 0.0076
vn -0.0050 0.9999 0.0118
vn -0.0714 0.9952 0.0674
vn 0.0414 0.9975 0.0567
vn -0.0115 0.9999 0.0054
vn -0.0068 0.9993 -0.0372
vn -0.0045 1.0000 -0.0002
vn -0.0218 0.9998 -0.0033
vn 0.0844 0.9916 -0.0979
vn 0.0019 0.9992 -0.0400
vn 0.0146 0.9997 0.0220
vn 0.0571 0.9976 -0.0402
vn 0.0186 0.9987 -0.0484
vn -0.0684 0.9976 0.0130
vn 0.0168 0.9996 -0.0225
vn -0.0536 0.9909 -0.1236
vn -0.0646 0.9974 -0.0325
vn 0.0046 1.0000 -0.0024
vn -0.0307 0.9973 0.0667
vn 0.0433 0.9972 -0.0604
vn -0.0106 0.9984 -0.0556
vn 0.0828 0.9957 -0.0423
vn -0.0502 0.9985 0.0210
vn 0.1183 0.9930 -0.0072
vn 0.0433 0.9975 0.0561
vn 0.0716 0.9973 -0.0138
vn -0.0570 0.9960 0.0695
vn -0.0156 0.9991 0.0393
vn -0.0134 0.9921 0.1251
vn 0.0153 0.9960 0.0876
vn -0.0009 0.9997 -0.0243
vn 0.0957 0.9936 0.0596
vn -0.0148 0.9996 -0.0235
vn 0.0662 0.9919 -0.1081
vn -0.0128 0.9991 0.0399
vn 0.0961 0.9929 -0.0699
vn -0.0248 0.9991 -0.0330
vn -0.0468 0.9989 -0.0024
vn 0.0252 0.9981 0.0571
vn -0.0185 0.9998 0.0019
vn -0.0046 0.9999 -0.0110
vn -0.0531 0.9983 0.0244
vn 0.0650 0.9978 -0.0132
vn -0.2631 0.9509 0.1631
vn 0.0122 0.9999 -0.0027
vn -0.0074 0.9975 -0.0700
vn 0.0018 0.9948 -0.1017
vn 0.0459 0.9976 0.0519
vn -0.0378 0.9986 -0.0366
vn 0.0510 0.9987 -0.0082
vn -0.0172 0.9998 0.0143
vn 0.0173 0.9988 -0.0450
vn -0.0083 0.9993 0.0362
vn -0.0766 0.9966 0.0300
vn -0.0141 0.9999 -0.0068
vn 0.1923 0.9675 0.1643
vn -0.1176 0.9921 0.0435
vn 0.1358 0.9906 -0.0150
vn -0.0176 0.9993 -0.0318
vn -0.1184 0.9911 0.0602
vn 0.1078 0.9941 -0.0140
vn -0.0270 0.9996 0.0069
vn -0.0026 1.0000 -0.0038
vn -0.1149 0.9861 0.1197
vn -0.0407 0.9992 0.0049
vn 0.0123 0.9995 -0.0286
vn 0.0130 0.9989 -0.0440
vn 0.0391 0.9992 -0.0098
vn 0.0186 0.9985 -0.0507
vn -0.0191 0.9994 0.0288
vn 0.0508 0.9986 -0.0168
vn -0.0435 0.9991 0.0024
vn -0.0407 0.9991 -0.0090
vn 0.0358 0.9993 -0.0073
vn 0.0383 0.9972 0.0636
vn 0.0221 0.9977 -0.0636
vn -0.0885 0.9960 0.0151
vn 0.0235 0.9990 0.0391
vn -0.0518 0.9987 0.0003
vn 0.0056 0.9999 0.0128
vn 0.0232 0.9993 -0.0302
vn 0.0160 0.9999 0.0061
vn -0.0581 0.9982 0.0167
vn 0.0631 0.9972 0.0396
vn -0.0507 0.9960 -0.0739
vn -0.0669 0.9978 -0.0029
vn -0.0269 0.9993 -0.0273
vn 0.0658 0.9957 -0.0649
vn -0.0442 0.9974 -0.0567
vn 0.0371 0.9980 0.0517
vn -0.0334 0.9990 -0.0307
vn -0.0056 1.0000 0.0051
vn -0.0078 0.9999 0.0128
vn 0.0087 0.9950 -0.0995
vn -0.0699 0.9961 -0.0529
vn 0.0495 0.9982 0.0324
vn -0.0462 0.9978 -0.0469
vn 0.0186 0.9971 0.0742
vn 0.0003 0.9989 0.0478
vn 0.0218 0.9995 -0.0247
vn -0.0348 0.9992 -0.0194
vn 0.0447 0.9988 -0.0206
vn 0.0496 0.9969 -0.0609
vn -0.0380 0.9974 -0.0612
vn 0.0374 0.9976 0.0589
vn -0.0440 0.9985 -0.0332
vn 0.0030 0.9997 -0.0232
vn 0.0231 0.9994 0.0242
vn 0.0666 0.9977 -0.0081
vn -0.0610 0.9976 -0.0321
vn -0.0223 0.9986 0.0485
vn 0.0456 0.9983 0.0373
vn -0.0233 0.9992 0.0327
vn 0.0446 0.9988 0.0220
vn -0.1365 0.9864 0.0919
vn -0.0585 0.9971 -0.0480
vn 0.0121 0.9996 -0.0246
vn 0.0241 0.9997 0.0032
vn -0.1346 0.9904 -0.0325
vn -0.0192 0.9991 0.0366
vn 0.0134 0.9999 0.0105
vn -0.0880 0.9951 -0.0444
vn 0.1067 0.9936 0.0369
vn 0.0452 0.9978 -0.0475
vn 0.0048 0.9992 -0.0385
vn -0.0924 0.9952 -0.0312
vn -0.0033 1.0000 -0.0088
vn 0.0766 0.9967 -0.0265
vn 0.0139 0.9998 0.0150
vn 0.0088 0.9991 0.0425
vn 0.0694 0.9950 0.0721
vn -0.0171 0.9992 -0.0371
vn 0.0939 0.9948 -0.0404
vn -0.0860 0.9963 -0.0011
vn -0.0722 0.9971 0.0255
vn 0.1586 0.9857 -0.0576
vn -0.0247 0.9997 0.0049
vn 0.0084 0.9995 0.0305
vn 0.0467 0.9944 -0.0947
vn 0.1022 0.9918 0.0767
vn 0.0535 0.9986 -0.0005
vn -0.0609 0.9953 0.0756
vn 0.1335 0.9902 -0.0411
vn 0.0393 0.9947 0.0949
vn 0.0819 0.9950 -0.0568
vn 0.0213 0.9996 -0.0163
vn 0.0397 0.9986 0.0348
vn -0.0368 0.9981 0.0495
vn 0.0126 0.9997 -0.0203
vn -0.0864 0.9922 0.0893
vn 0.0301 0.9918 0.1246
vn -0.1009 0.9896 -0.1022
vn -0.0040 1.0000 0.0054
vn 0.0003 0.9985 -0.0547
vn -0.0839 0.9964 0.0100
vn 0.1007 0.9937 0.0488
vn -0.0562 0.9975 0.0427
vn 0.0845 0.9962 -0.0228
vn 0.0564 0.9935 -0.0988
vn -0.0483 0.9987 -0.0131
vn -0.0356 0.9994 -0.0017
vn -0.0259 0.9993 0.0259
vn -0.0345 0.9992 -0.0211
vn 0.0485 0.9988 -0.0058
vn -0.1095 0.9808 0.1615
vn 0.0450 0.9986 0.0282
vn -0.1095 0.9917 0.0669
vn 0.0367 0.9990 0.0254
vn -0.0024 0.9945 0.1044
vn 0.0590 0.9973 -0.0434
vn 0.0041 1.0000 0.0084
vn -0.0618 0.9979 -0.0170
vn -0.0194 0.9995 -0.0236
vn 0.0570 0.9952 0.0801
vn -0.0345 0.9993 -0.0118
vn 0.0441 0.9989 0.0185
vn 0.0777 0.9915 -0.1047
vn 0.0538 0.9983 -0.0218
vn -0.0004 0.9997 -0.0235
vn -0.0349 0.9992 0.0176
vn 0.0036 0.9994 0.0350
vn -0.0438 0.9981 -0.0429
vn 0.0603 0.9978 0.0274
vn -0.0512 0.9974 -0.0501
vn -0.0510 0.9979 0.0390
vn 0.0494 0.9950 0.0869
vn 0.0427 0.9984 0.0379
vn 0.1169 0.9914 -0.0585
vn -0.0298 0.9977 -0.0604
vn 0.0203 0.9995 0.0230
vn -0.0234 0.9997 0.0086
vn 0.0319 0.9989 -0.0333
vn -0.0906 0.9946 0.0510
vn 0.0405 0.9991 0.0093
vn -0.0059 0.9971 0.0763
vn -0.0638 0.9970 0.0444
vn -0.0687 0.9976 -0.0093
vn 0.2187 0.9668 0.1324
vn 0.0043 0.9991 -0.0416
vn -0.0111 0.9998 -0.0188
vn 0.0461 0.9986 -0.0247
vn -0.0581 0.9977 -0.0340
vn 0.1781 0.9518 0.2496
vn 0.0102 0.9995 -0.0303
vn 0.1595 0.9860 -0.0495
vn -0.0421 0.9929 -0.1114
vn -0.0390 0.9962 0.0780
vn -0.0684 0.9951 -0.0712
vn -0.0602 0.9976 0.0339
vn -0.0997 0.9942 -0.0416
vn 0.0680 0.9962 0.0550
vn -0.0148 0.9999 -0.0037
vn 0.0045 0.9999 -0.0119
vn 0.1035 0.9945 -0.0159
vn -0.0798 0.9967 -0.0130
vn -0.0485 0.9950 0.0870
vn -0.0791 0.9968 -0.0149
vn 0.0412 0.9983 0.0414
vn -0.0577 0.9979 0.0304
vn 0.0914 0.9927 0.0790
vn -0.0870 0.9881 0.1266
vn -0.0422 0.9977 0.0539
vn -0.0826 0.9902 -0.1128
vn -0.0188 0.9994 -0.0276
vn 0.0086 1.0000 -0.0033
vn 0.0197 0.9998 0.0060
vn -0.0247 0.9982 -0.0555
vn 0.0444 0.9987 0.0261
vn -0.0911 0.9954 -0.0279
vn 0.0271 0.9991 -0.0335
vn -0.0167 0.9998 -0.0059
vn 0.0957 0.9954 0.0055
vn 0.0435 0.9930 0.1094
vn -0.0443 0.9973 0.0582
vn -0.0832 0.9793 0.1844
vn 0.0360 0.9982 -0.0476
vn 0.0568 0.9953 -0.0788
vn -0.0700 0.9970 0.0329
vn 0.0311 0.9995 -0.0005
vn 0.0096 0.9999 -0.0103
vn -0.0274 0.9995 0.0178
vn 0.0435 0.9968 -0.0674
vn -0.0030 1.0000 -0.0026
vn 0.0024 0.9999 0.0170
vn 0.0508 0.9985 -0.0180
vn -0.1254 0.9860 0.1101
vn 0.0247 0.9923 -0.1215
vn -0.0480 0.9927 -0.1106
vn -0.0523 0.9828 0.1769
vn 0.0408 0.9992 -0.0029
vn -0.0047 1.0000 0.0087
vn 0.0591 0.9971 -0.0477
vn -0.0741 0.9971 -0.0161
vn 0.0842 0.9952 -0.0496
vn -0.0818 0.9945 -0.0660
vn 0.0759 0.9942 0.0757
vn 0.0153 0.9999 -0.0061
vn -0.0756 0.9963 -0.0400
vn 0.0183 0.9966 -0.0797
vn -0.0568 0.9981 0.0254
vn 0.0207 0.9998 0.0012
vn 0.1129 0.9910 -0.0717
vn -0.0980 0.9927 0.0700
vn -0.0169 0.9994 -0.0301
vn -0.0173 0.9994 -0.0304
vn 0.0203 0.9988 -0.0445
vn -0.0083 0.9954 0.0956
vn -0.0741 0.9971 -0.0177
vn -0.0061 0.9975 -0.0698
vn -0.0002 0.9871 0.1602
vn 0.0433 0.9980 -0.0458
vn -0.0071 0.9998 -0.0181
vn -0.0032 0.9996 -0.0281
vn 0.0173 0.9982 -0.0576
vn 0.0039 0.9996 -0.0279
vn 0.0181 0.9994 0.0312
vn -0.0149 0.9996 0.0233
vn -0.0337 0.9993 0.0176
vn -0.0161 0.9996 0.0234
vn 0.0254 0.9996 0.0105
vn 0.0265 0.9964 -0.0801
vn 0.1026 0.9940 -0.0380
vn -0.1530 0.9858 -0.0693
vn 0.0151 0.9996 -0.0224
vn -0.0026 0.9971 0.0763
vn 0.0634 0.9979 -0.0128
vn 0.0010 0.9994 -0.0352
vn 0.0351 0.9983 -0.0471
vn -0.0255 0.9997 0.0028
vn 0.0257 0.9943 -0.1033
vn -0.0347 0.9994 -0.0071
vn -0.0377 0.9978 0.0547
vn 0.0375 0.9972 -0.0644
vn -0.0084 0.9987 0.0504
vn 0.0099 0.9999 -0.0033
vn 0.0518 0.9961 -0.0720
vn -0.0818 0.9967 0.0005
vn 0.0734 0.9972 -0.0141
vn 0.0377 0.9992 0.0157
vn -0.0381 0.9970 -0.0671
vn 0.0668 0.9965 -0.0500
vn 0.0448 0.9972 0.0591
vn 0.0065 0.9998 -0.0208
vn 0.0336 0.9993 -0.0148
vn -0.0808 0.9912 -0.1051
vn 0.0351 0.9972 -0.0657
vn 0.0415 0.9939 0.1024
vn -0.0289 0.9993 -0.0234
vn 0.0921 0.9831 0.1581
vn -0.0639 0.9964 0.0551
vn 0.0478 0.9921 -0.1157
vn 0.1409 0.9843 0.1067
vn 0.0463 0.9988 -0.0168
vn 0.0202 0.9960 0.0868
vn -0.0678 0.9972 -0.0313
vn -0.0203 0.9989 0.0423
vn -0.1075 0.9818 0.1567
vn -0.0717 0.9964 -0.0446
vn 0.0217 0.9997 -0.0109
vn 0.0027 0.9999 -0.0098
vn 0.0363 0.9988 -0.0316
vn -0.0239 0.9989 -0.0393
vn 0.1063 0.9772 0.1839
vn -0.0031 0.9966 0.0821
vn -0.0262 0.9994 0.0225
vn 0.1346 -0.9840 0.1169
vn -0.0139 0.9989 -0.0450
vn -0.1458 0.9823 0.1175
vn 0.0201 0.9987 0.0459
vn 0.0623 0.9977 -0.0276
vn 0.0237 0.9979 -0.0598
vn -0.1087 0.9885 -0.1052
vn 0.0293 0.9995 0.0152
vn -0.0326 0.9993 -0.0164
vn 0.0185 0.9993 0.0319
vn 0.0210 0.9995 0.0242
vn -0.0252 0.9996 -0.0082
vn 0.0246 0.9984 -0.0516
vn -0.0240 0.9992 -0.0307
vn -0.0264 0.9991 -0.0330
vn 0.0908 0.9919 -0.0883
vn -0.0091 0.9959 -0.0899
vn 0.0221 0.9993 0.0302
vn 0.0338 0.9985 0.0436
vn -0.0403 0.9987 0.0328
vn -0.0375 0.9992 0.0113
vn -0.0176 0.9988 -0.0464
vn 0.0093 0.9996 0.0274
vn 0.0315 0.9993 0.0217
vn -0.0814 0.9913 0.1038
vn -0.0849 0.9957 -0.0373
vn 0.0116 0.9860 0.1660
vn -0.0346 0.9994 -0.0074
vn -0.0237 0.9980 -0.0581
vn -0.0126 0.9999 -0.0033
vn 0.0381 0.9983 -0.0444
vn 0.0100 1.0000 -0.0003
vn 0.0459 0.9986 0.0272
vn -0.1622 0.9728 -0.1653
vn 0.0116 0.9995 0.0281
vn -0.0033 0.9996 0.0264
vn 0.0497 0.9978 -0.0432
vn 0.0760 0.9964 0.0385
vn -0.1007 0.9876 0.1208
vn 0.0036 0.9997 0.0232
vn 0.0700 0.9972 -0.0277
vn -0.0604 0.9971 -0.0473
vn 0.0332 0.9990 -0.0299
vn -0.0687 0.9976 -0.0055
vn 0.0035 1.0000 -0.0083
vn 0.1561 0.9716 -0.1779
vn -0.0511 0.9975 -0.0480
vn -0.0804 0.9938 0.0765
vn -0.0626 0.9978 0.0206
vn -0.0208 0.9993 0.0311
vn 0.1082 0.9799 -0.1675
vn 0.0227 0.9992 0.0337
vn 0.0075 0.9996 0.0262
vn 0.0382 0.9992 -0.0097
vn -0.0084 0.9997 -0.0245
vn 0.0018 0.9980 -0.0631
vn -0.0252 0.9988 -0.0419
vn -0.0168 0.9992 0.0369
vn -0.0177 0.9998 -0.0099
vn -0.0758 0.9961 -0.0452
vn 0.0756 0.9969 -0.0197
vn -0.0012 0.9998 -0.0182
vn 0.0125 0.9998 0.0156
vn 0.0418 0.9991 0.0012
vn -0.0758 0.9961 -0.0447
vn -0.0127 0.9991 -0.0400
vn 0.0291 0.9989 0.0377
vn 0.0197 0.9983 0.0542
vn -0.1319 0.9912 -0.0109
vn 0.0271 0.9996 0.0105
vn 0.0287 0.9996 -0.0028
vn -0.0332 0.9990 0.0306
vn 0.0089 0.9996 0.0283
vn 0.0017 0.9998 0.0211
vn 0.0096 0.9949 0.1005
vn -0.0443 0.9990 -0.0047
vn -0.0170 0.9999 -0.0012
vn -0.0658 0.9966 0.0505
vn 0.0622 0.9960 0.0645
vn -0.0000 0.9999 -0.0148
vn 0.0319 0.9992 0.0260
vn -0.0131 0.9979 0.0637
vn 0.0309 0.9992 -0.0267
vn 0.0472 0.9989 -0.0006
vn 0.1330 0.9766 -0.1692
vn 0.0280 0.9923 -0.1205
vn -0.0136 0.9999 -0.0033
vn 0.0191 0.9998 0.0044
vn -0.0815 0.9944 -0.0672
vn -0.0348 0.9984 0.0456
vn 0.0139 0.9999 0.0028
vn -0.0115 0.9997 0.0215
vn 0.2601 0.9602 -0.1018
vn -0.0457 0.9990 -0.0011
vn -0.0286 0.9992 0.0271
vn -0.0178 0.9991 0.0388
vn -0.0153 0.9965 0.0823
vn 0.0955 0.9953 -0.0140
vn 0.0587 0.9980 -0.0228
vn -0.0024 0.9983 0.0584
vn -0.0266 0.9986 -0.0455
vn 0.0979 0.9946 -0.0335
vn -0.0653 0.9957 0.0658
vn 0.0038 0.9992 0.0401
vn -0.0968 0.9901 0.1019
vn 0.1065 0.9939 0.0292
vn -0.0516 0.9976 0.0460
vn 0.0501 0.9982 0.0322
vn 0.0095 0.9999 0.0074
vn 0.0045 0.9988 -0.0496
vn 0.5253 0.8215 0.2219
vn 0.0104 0.9990 -0.0442
vn 0.1395 0.9871 0.0784
vn 0.0023 0.9988 -0.0491
vn -0.0333 0.9993 -0.0164
vn 0.0974 0.9923 -0.0763
vn 0.0205 0.9991 0.0361
vn -0.0678 0.9823 0.1745
vn 0.0158 0.9987 0.0484
vn 0.0282 0.9996 0.0020
vn 0.0141 0.9998 0.0151
vn -0.0218 0.9994 0.0252
vn 0.0168 0.9950 -0.0986
vn -0.1402 0.9822 0.1253
vn -0.0109 0.9993 -0.0363
vn 0.0316 0.9994 -0.0121
vn -0.0021 1.0000 0.0048
vn 0.0453 0.9966 -0.0688
vn -0.0139 0.9992 -0.0383
vn 0.0241 0.9989 -0.0391
vn -0.0786 0.9968 -0.0145
vn 0.0354 0.9992 -0.0199
vn 0.1705 0.8911 0.4206
vn -0.0683 0.9933 -0.0927
vn 0.0004 0.9995 -0.0301
vn 0.0041 1.0000 -0.0090
vn 0.0114 0.9996 0.0274
vn -0.0027 0.9999 0.0164
vn -0.0208 0.9997 -0.0149
vn -0.0427 0.9989 -0.0172
vn -0.0364 0.9988 0.0336
vn -0.0033 0.9976 0.0695
vn 0.0209 0.9998 -0.0012
vn 0.0170 0.9972 -0.0732
vn -0.0015 0.9996 -0.0289
vn -0.0375 0.9989 0.0288
vn -0.0139 0.9995 0.0297
vn 0.0100 0.9999 0.0130
vn -0.1281 0.9845 -0.1199
vn 0.0008 0.9999 -0.0155
vn -0.0763 0.9957 0.0528
vn -0.0239 0.9994 -0.0263
vn 0.1152 0.9923 0.0462
vn 0.0094 0.9997 -0.0233
vn 0.6196 -0.6577 0.4284
vn -0.0017 0.9999 -0.0147
vn -0.0156 0.9996 -0.0239
vn -0.0250 0.9993 -0.0278
vn 0.0080 0.9996 -0.0277
vn 0.0994 0.9950 0.0113
vn -0.1335 0.9783 0.1587
vn -0.0705 0.9974 0.0114
vn -0.0243 0.9989 -0.0390
vn 0.0209 0.9995 0.0220
vn -0.0447 0.9988 -0.0195
vn -0.0646 0.9965 0.0524
vn -0.0550 0.9985 -0.0012
vn 0.0752 0.9971 -0.0147
vn 0.0106 0.9984 -0.0547
vn 0.0586 0.9978 -0.0302
vn -0.1402 0.9899 0.0188
vn 0.0069 0.9994 0.0349
vn 0.0686 0.9828 -0.1714
vn 0.1434 0.9837 0.1088
vn -0.0316 0.9995 0.0080
vn 0.0399 0.9986 0.0339
vn 0.0100 0.9997 -0.0237
vn 0.0335 0.9979 0.0552
vn -0.0416 0.9989 -0.0233
vn -0.0069 0.9997 -0.0215
vn -0.0035 0.9995 -0.0314
vn -0.0325 0.9995 0.0040
vn 0.0813 0.9958 -0.0430
vn 0.0473 0.9948 -0.0905
vn 0.0634 0.9957 0.0675
vn -0.1111 0.9937 -0.0121
vn -0.0033 1.0000 0.0018
vn 0.0278 0.9994 0.0224
vn 0.0658 0.9957 -0.0650
vn -0.0356 0.9989 0.0307
vn 0.0148 0.9997 0.0201
vn 0.0218 0.9978 0.0620
vn -0.0779 0.9957 0.0509
vn 0.0274 0.9930 0.1148
vn 0.1094 0.9930 -0.0443
vn -0.0622 0.9975 0.0340
vn 0.0070 0.9992 0.0387
vn -0.0199 0.9994 0.0272
vn 0.0122 0.9998 -0.0138
vn -0.0025 0.9976 0.0685
vn 0.0113 0.9979 0.0634
vn 0.0883 0.9892 -0.1174
vn -0.1054 0.9941 -0.0269
vn -0.0064 0.9999 0.0157
vn 0.0364 0.9993 0.0051
vn -0.0084 0.9998 0.0171
vn 0.0191 0.9998 0.0033
vn -0.0662 0.9926 0.1020
vn 0.0111 0.9988 0.0480
vn 0.0379 0.9953 0.0890
vn 0.0612 0.9947 0.0825
vn -0.0807 0.9966 0.0190
vn 0.0093 0.9951 -0.0987
vn -0.0634 0.9958 -0.0661
vn -0.0052 0.9999 -0.0108
vn -0.0350 0.9988 0.0336
vn 0.0359 0.9993 0.0038
vn 0.0296 0.9985 0.0465
vn -0.0232 0.9978 0.0615
vn 0.0076 0.9998 0.0209
vn 0.0100 0.9998 -0.0189
vn 0.0563 0.9973 0.0462
vn -0.0676 0.9973 -0.0271
vn 0.0353 0.9993 -0.0100
vn 0.0405 0.9984 -0.0389
vn 0.0005 0.9998 -0.0201
vn -0.0508 0.9985 0.0204
vn -0.0429 0.9980 -0.0456
vn -0.0898 0.9957 -0.0224
vn 0.0082 0.9999 0.0071
vn 0.0090 0.9999 0.0106
vn 0.0886 0.9750 0.2036
vn -0.1288 0.9910 -0.0354
vn 0.0188 0.9994 -0.0295
vn 0.0340 0.9991 -0.0262
vn -0.1408 0.9883 0.0585
vn -0.0115 0.9997 0.0235
vn 0.0078 0.9999 0.0088
vn 0.0036 0.9935 0.1141
vn -0.0662 0.9953 -0.0701
vn 0.0198 0.9998 -0.0084
vn -0.0077 0.9999 0.0122
vn 0.2183 0.8105 0.5435
vn -0.0368 0.9964 0.0760
vn 0.4448 -0.6963 0.5633
vn 0.1178 0.9897 0.0811
vn -0.0181 0.9954 0.0936
vn -0.1090 0.9940 -0.0079
vn 0.2309 0.9644 -0.1291
vn 0.0204 0.9972 -0.0719
vn -0.0155 0.9981 0.0602
vn 0.0684 0.9976 -0.0109
vn 0.0019 0.9998 -0.0184
vn -0.0342 0.9990 -0.0277
vn -0.0028 0.9978 -0.0666
vn 0.0085 0.9988 -0.0482
vn 0.1335 0.9909 0.0183
vn -0.0592 0.9982 -0.0090
vn 0.0978 0.9936 -0.0565
vn -0.0535 0.9970 -0.0554
vn 0.0095 0.9998 0.0158
vn 0.0133 0.9964 -0.0842
vn -0.1135 0.9935 -0.0052
vn 0.0718 0.9926 0.0978
vn -0.0873 0.9898 0.1124
vn 0.0434 0.9985 -0.0346
vn 0.0410 0.9975 -0.0578
vn 0.0031 1.0000 -0.0095
vn 0.0193 0.9998 0.0059
vn -0.0866 0.9957 -0.0315
vn 0.0305 0.9994 -0.0177
vn 0.0716 0.9902 -0.1195
vn 0.0242 0.9994 -0.0260
vn -0.0229 0.9987 -0.0460
vn -0.0115 0.9999 0.0057
vn -0.0218 0.9988 0.0436
vn -0.0666 0.9977 -0.0094
vn -0.0253 0.9995 -0.0179
vn -0.1256 0.9558 0.2659
vn 0.0796 0.9966 -0.0204
vn -0.1235 0.9861 -0.1114
vn 0.0414 0.9954 -0.0866
vn -0.0840 0.9962 -0.0221
vn 0.0078 0.9980 -0.0631
vn 0.0044 0.9998 -0.0171
vn -0.1023 0.9806 0.1675
vn 0.1313 0.9912 0.0163
vn -0.0037 0.9992 0.0403
vn -0.0547 0.9985 0.0008
vn 0.0070 0.9999 0.0088
vn -0.3905 0.8726 -0.2934
vn 0.0236 0.9995 -0.0230
vn -0.0298 0.9988 0.0401
vn 0.0357 0.9994 -0.0029
vn 0.1524 -0.9870 -0.0512
vn -0.0018 0.9996 -0.0264
vn -0.1110 0.9778 0.1776
vn -0.0081 0.9990 -0.0442
vn -0.0038 0.9999 -0.0106
vn -0.0028 1.0000 0.0086
vn -0.0245 0.9996 -0.0118
vn -0.0237 0.9983 0.0530
vn 0.3370 0.9316 -0.1364
vn -0.0337 0.9987 0.0375
vn -0.0189 0.9991 -0.0392
vn 0.0259 0.9925 -0.1194
vn -0.0870 0.9960 0.0214
vn 0.0114 0.9990 -0.0427
vn -0.0849 0.9962 0.0212
vn -0.0145 0.9992 -0.0379
vn 0.0739 0.9962 0.0465
vn -0.0112 0.9996 0.0248
vn -0.0799 0.9920 -0.0977
vn 0.1054 0.9927 -0.0583
vn 0.0280 0.9981 -0.0553
vn -0.0441 0.9976 0.0530
vn -0.0208 0.9977 0.0645
vn 0.1608 0.9858 -0.0492
vn -0.0088 0.9978 0.0659
vn 0.0039 1.0000 -0.0018
vn 0.1759 0.9683 0.1773
vn 0.2601 0.9453 -0.1970
vn 0.0118 0.9996 0.0243
vn -0.0072 0.9997 -0.0237
vn 0.0102 0.9968 -0.0793
vn -0.0030 0.9984 -0.0573
vn 0.0057 0.9978 -0.0665
vn 0.0431 0.9990 -0.0087
vn 0.0352 0.9992 -0.0171
vn -0.0179 0.9998 -0.0106
vn -0.0016 0.9997 0.0243
vn 0.0237 0.9984 -0.0517
vn -0.0112 0.9985 0.0528
vn -0.0134 0.9991 0.0398
vn 0.0006 0.9998 0.0221
vn 0.0126 0.9977 0.0673
vn -0.0097 0.9999 0.0105
vn -0.0281 0.9993 0.0234
vn 0.0271 0.9996 -0.0110
vn 0.0222 0.9986 -0.0471
vn -0.0674 0.9914 -0.1124
vn 0.0707 0.9966 0.0411
vn 0.9030 0.0101 -0.4294
vn -0.0327 0.9940 0.1041
vn -0.0753 0.9972 -0.0022
vn -0.0312 0.9984 0.0467
vn 0.0042 0.9998 -0.0182
vn -0.0612 0.9975 0.0356
vn 0.1664 0.9821 0.0883
vn 0.0301 0.9994 -0.0192
vn 0.1365 0.9683 -0.2090
vn -0.0288 0.9995 -0.0153
vn -0.0227 0.9950 0.0971
vn -0.1063 0.9910 -0.0812
vn -0.0194 0.9976 -0.0659
vn 0.0277 0.9991 -0.0327
vn 0.2772 0.9470 0.1624
vn -0.0050 0.9998 0.0178
vn -0.0767 0.9969 -0.0197
vn -0.0643 0.9970 0.0439
vn 0.0287 0.9996 -0.0076
vn 0.0085 0.9998 -0.0158
vn 0.0027 0.9920 -0.1264
vn -0.0875 0.9954 0.0380
vn -0.0057 0.9956 0.0931
vn -0.0259 0.9996 0.0085
vn -0.0151 0.9972 0.0727
vn 0.0365 0.9969 0.0694
vn 0.1394 0.9900 -0.0228
vn 0.0120 0.9997 -0.0195
vn -0.0530 0.9980 -0.0344
vn 0.1457 0.9886 0.0392
vn -0.1363 0.9823 0.1286
vn 0.0099 0.9998 0.0153
vn 0.0134 0.9971 0.0746
vn -0.0235 0.9997 -0.0113
vn 0.1371 0.9808 0.1387
vn 0.0168 0.9932 -0.1153
vn -0.0404 0.9966 -0.0721
vn -0.0417 0.9971 0.0638
vn -0.0481 0.9988 -0.0049
vn 0.0640 0.9963 -0.0577
vn -0.0993 0.9924 -0.0729
vn -0.0497 0.9987 0.0073
vn 0.0008 0.9991 -0.0421
vn -0.0788 0.9964 0.0322
vn 0.0403 0.9992 -0.0040
vn 0.0107 0.9954 0.0949
vn -0.0186 0.9997 -0.0131
vn 0.0733 0.9963 0.0453
vn -0.0245 0.9927 0.1180
vn 0.0293 0.9994 0.0169
vn -0.1197 0.9890 0.0870
vn 0.0502 0.9987 0.0018
vn -0.0763 0.9971 -0.0017
vn 0.0557 0.9984 -0.0120
vn 0.1147 0.9917 -0.0574
vn -0.1455 0.9891 0.0214
vn 0.0457 0.9982 0.0396
vn -0.0316 0.9985 -0.0447
vn -0.0124 0.9999 0.0095
vn 0.0226 0.9994 0.0244
vn -0.0126 0.9998 0.0165
vn -0.0614 0.9979 -0.0206
vn 0.0429 0.9978 0.0497
vn -0.0464 0.9985 -0.0300
vn 0.0409 0.9990 0.0170
vn -0.0180 0.9996 -0.0209
vn 0.1098 0.9910 0.0771
vn 0.0071 0.9979 -0.0645
vn 0.0259 0.9992 -0.0306
vn 0.0422 0.9980 -0.0472
vn 0.0365 0.9993 -0.0091
vn -0.1892 0.9746 0.1196
vn 0.1499 0.9728 -0.1766
vn -0.0283 0.9983 0.0517
vn -0.0416 0.9940 0.1010
vn 0.1204 0.9921 0.0366
vn 0.0115 0.9999 -0.0101
vn 0.0250 0.9993 -0.0282
vn 0.0357 0.9974 0.0633
vn -0.0003 1.0000 -0.0068
vn 0.0355 0.9993 0.0113
vn -0.0346 0.9943 0.1012
vn 0.1039 0.9920 0.0720
vn 0.0495 0.9985 0.0223
vn -0.1057 0.9928 0.0571
vn -0.0111 0.9985 -0.0542
vn 0.1242 0.9768 -0.1743
vn -0.0031 0.9978 -0.0659
vn 0.1445 0.9562 0.2546
vn 0.0666 0.9977 0.0126
vn -0.0099 0.9999 -0.0036
vn 0.0208 0.9992 -0.0343
vn -0.0440 0.9972 -0.0597
vn 0.0134 0.9994 0.0313
vn 0.0142 0.9999 -0.0081
vn 0.0273 0.9993 0.0260
vn 0.0279 0.9990 -0.0360
vn 0.1876 0.8815 0.4333
vn 0.0483 0.9982 -0.0364
vn -0.0338 0.9985 -0.0432
vn -0.0477 0.9984 0.0311
vn 0.0455 0.9906 0.1290
vn 0.1060 0.9859 0.1295
vn -0.0551 0.9978 0.0357
vn 0.0600 0.9977 0.0330
vn -0.0255 0.9996 -0.0156
vn 0.0946 0.9948 -0.0378
vn 0.0168 0.9982 -0.0584
vn 0.0049 0.9992 -0.0405
vn -0.0731 0.9967 -0.0347
vn 0.0787 0.9909 -0.1091
vn 0.0335 0.9982 0.0504
vn -0.0536 0.9976 -0.0446
vn 0.0592 0.9972 0.0466
vn -0.0276 0.9993 -0.0238
vn 0.0022 1.0000 -0.0032
vn 0.1424 0.9725 0.1843
vn -0.1592 0.9797 -0.1219
vn 0.0297 0.9810 -0.1918
vn 0.0053 0.9999 -0.0118
vn -0.0119 0.9998 0.0136
vn -0.0037 0.9978 0.0668
vn 0.0569 0.9975 0.0420
vn -0.0144 0.9999 0.0006
vn 0.0161 0.9994 -0.0307
vn 0.0459 0.9949 -0.0901
vn 0.0107 0.9999 0.0003
vn -0.0004 0.9998 -0.0181
vn 0.0135 0.9980 -0.0622
vn -0.0070 1.0000 -0.0032
vn 0.0331 0.9994 -0.0082
vn -0.0841 0.9860 0.1437
vn 0.0208 0.9952 0.0952
vn -0.1468 0.9891 0.0100
vn 0.0430 0.9971 0.0626
vn 0.0196 0.9993 -0.0320
vn -0.0351 0.9951 -0.0924
vn -0.1235 0.9916 0.0383
vn 0.0163 0.9998 0.0151
vn 0.0089 0.9997 0.0243
vn -0.0833 0.9952 -0.0504
vn -0.0170 0.9995 -0.0281
vn 0.0133 0.9999 -0.0107
vn -0.0868 0.9962 -0.0050
vn 0.0682 0.9962 -0.0544
vn -0.0335 0.9994 0.0116
vn -0.0546 0.9968 -0.0582
vn 0.2269 0.9699 0.0884
vn -0.0228 0.9992 0.0318
vn 0.0056 0.9999 0.0114
vn -0.0598 0.9971 -0.0478
vn -0.0030 0.9991 0.0429
vn -0.1147 0.9868 0.1140
vn 0.0481 0.9988 -0.0001
vn -0.0590 0.9979 0.0268
vn -0.0184 0.9994 -0.0295
vn 0.0140 0.9998 0.0122
vn -0.0074 1.0000 0.0051
vn -0.0136 0.9991 0.0411
vn 0.0335 0.9985 0.0431
vn -0.0336 0.9989 -0.0318
vn -0.0502 0.9973 -0.0538
vn 0.0542 0.9979 -0.0341
vn 0.0328 0.9990 -0.0308
vn -0.0372 0.9992 -0.0157
vn 0.0544 0.9984 0.0160
vn -0.0035 0.9998 -0.0185
vn 0.0222 0.9997 -0.0048
vn -0.0813 0.9950 0.0588
vn 0.0138 0.9997 0.0201
vn -0.0778 0.9969 0.0098
vn 0.0168 0.9978 0.0648
vn -0.0889 0.9945 -0.0553
vn 0.0273 0.9994 -0.0223
vn 0.0165 0.9996 -0.0210
vn 0.3650 0.9034 0.2250
vn -0.0067 0.9989 0.0475
vn 0.0159 0.9997 0.0183
vn 0.0011 1.0000 -0.0075
vn -0.0343 0.9946 0.0984
vn 0.0175 0.9998 -0.0099
vn -0.0461 0.9987 -0.0211
vn 0.0387 0.9881 -0.1487
vn -0.0571 0.9982 -0.0193
vn 0.0371 0.9987 0.0358
vn 0.0261 0.9992 0.0301
vn -0.0004 0.9998 -0.0183
vn -0.0845 0.9830 0.1629
vn -0.0570 0.9984 -0.0022
vn 0.0109 0.9999 -0.0013
vn 0.0366 0.9936 -0.1067
vn 0.0211 0.9734 -0.2283
vn -0.0459 0.9983 -0.0372
vn 0.0675 0.9945 -0.0804
vn -0.0256 0.9994 0.0232
vn 0.1350 0.9864 0.0936
vn -0.1128 0.9919 -0.0590
vn 0.0113 0.9992 -0.0396
vn -0.0466 0.9974 0.0557
vn -0.0255 0.9975 0.0654
vn -0.0186 0.9998 -0.0120
vn 0.0572 0.9948 -0.0841
vn -0.1573 0.9805 -0.1183
vn -0.0974 0.9922 0.0779
vn -0.0335 0.9994 0.0131
vn 0.0005 0.9964 -0.0846
vn -0.0813 0.9900 -0.1155
vn 0.0633 0.9942 -0.0866
vn -0.1193 0.9897 0.0793
vn 0.0232 0.9995 -0.0206
vn -0.0306 0.9994 -0.0183
vn -0.0229 0.9980 -0.0594
vn 0.0263 0.9996 0.0047
vn -0.0763 0.9971 0.0067
vn -0.0405 0.9980 0.0482
vn 0.1164 0.9923 -0.0433
vn 0.0030 0.9960 0.0888
vn 0.0606 0.9966 -0.0565
vn -0.8065 0.2184 -0.5494
vn -0.0581 0.9908 0.1220
vn 0.0718 0.9964 0.0452
vn 0.0532 0.9980 -0.0333
vn -0.0058 0.9995 0.0308
vn 0.0279 0.9989 0.0376
vn -0.0491 0.9987 -0.0161
vn 0.0069 0.9999 -0.0137
vn -0.0097 1.0000 0.0008
vn -0.0000 1.0000 0.0094
vn -0.0380 0.9988 -0.0301
vn 0.1595 0.9810 0.1107
vn -0.0424 0.9989 0.0210
vn 0.0369 0.9969 -0.0694
vn 0.0119 0.9992 -0.0391
vn 0.0218 0.9992 -0.0347
vn 0.0601 0.9689 0.2399
vn -0.0595 0.9954 -0.0749
vn -0.0393 0.9987 -0.0320
vn 0.0067 0.9997 0.0248
vn 0.0228 0.9997 0.0045
vn -0.1294 0.9729 -0.1914
vn -0.0288 0.9992 0.0282
vn -0.0246 0.9994 0.0224
vn 0.0884 0.9893 0.1158
vn -0.0486 0.9987 0.0167
vn -0.0304 0.9994 0.0150
vn 0.0423 0.9988 -0.0227
vn -0.0071 0.9998 0.0189
vn -0.0766 0.9935 0.0844
vn 0.1219 0.9925 0.0108
vn 0.0244 0.9947 -0.0998
vn 0.0864 0.9958 0.0311
vn 0.0107 0.9999 0.0034
vn 0.0575 0.9968 0.0551
vn -0.0243 0.9983 0.0522
vn 0.2714 0.9400 -0.2065
vn 0.0594 0.9957 0.0713
vn -0.0327 0.9995 -0.0047
vn 0.0052 1.0000 0.0059
vn -0.0104 0.9999 0.0008
vn -0.0031 0.9997 0.0229
vn -0.0337 0.9977 -0.0585
vn -0.0162 0.9990 0.0414
vn 0.1046 0.9917 0.0744
vn 0.0045 0.9997 0.0252
vn 0.0093 0.9995 -0.0318
vn -0.0371 0.9989 -0.0269
vn 0.0295 0.9995 -0.0140
vn 0.1046 0.9914 0.0782
vn -0.0308 0.9995 0.0101
vn 0.0563 0.9984 0.0062
vn -0.0277 0.9996 0.0107
vn 0.0608 0.9963 0.0613
vn 0.0710 0.9961 -0.0517
vn -0.0262 0.9996 0.0054
vn 0.0093 0.9981 0.0605
vn -0.0479 0.9980 0.0420
vn -0.0382 0.9993 0.0030
vn 0.1662 0.9745 0.1507
vn -0.0882 0.9930 -0.0785
vn 0.1206 0.9918 -0.0424
vn 0.0600 0.9896 -0.1305
vn -0.1060 0.9936 -0.0397
vn 0.0457 0.9974 -0.0555
vn 0.0604 0.9979 0.0213
vn -0.0730 0.9973 -0.0017
vn 0.0480 0.9988 0.0119
vn -0.0018 0.9996 0.0271
vn 0.0691 0.9963 -0.0515
vn -0.0153 0.9974 0.0707
vn -0.0047 0.9975 0.0700
vn -0.0381 0.9989 -0.0254
vn -0.0433 0.9970 -0.0646
vn 0.1013 0.9946 -0.0236
vn -0.1424 0.9862 0.0843
vn 0.0020 1.0000 0.0016
vn -0.0207 0.9994 0.0292
vn -0.0305 0.9995 -0.0070
vn 0.0245 0.9943 0.1038
vn -0.1010 0.9946 0.0254
vn 0.0355 0.9993 -0.0087
vn -0.0159 0.9963 -0.0846
vn -0.2253 0.9380 0.2636
vn -0.0415 0.9991 -0.0004
vn -0.0149 0.9998 -0.0092
vn 0.0112 0.9999 -0.0052
vn -0.0156 0.9998 0.0147
vn 0.0108 0.9996 -0.0242
vn -0.0163 0.9998 0.0092
vn -0.0077 0.9997 0.0214
vn -0.0978 0.9945 -0.0379
vn -0.0044 0.9999 0.0098
vn 0.0204 0.9998 -0.0057
vn -0.0869 0.9961 0.0122
vn 0.0233 0.9997 0.0047
vn -0.2201 0.9226 -0.3168
vn 0.0657 0.9772 -0.2018
vn 0.1438 0.9896 -0.0025
vn 0.0150 0.9998 -0.0097
vn 0.0165 0.9997 0.0189
vn 0.0069 0.9998 0.0162
vn -0.0095 0.9996 -0.0264
vn 0.0094 0.9992 -0.0394
vn -0.0738 0.9958 0.0539
vn -0.0346 0.9971 -0.0676
vn 0.0518 0.9985 -0.0200
vn 0.0277 0.9894 0.1425
vn 0.0158 0.9997 0.0169
vn -0.0347 0.9993 0.0134
vn 0.0075 0.9999 0.0142
vn 0.0456 0.9954 -0.0840
vn -0.0439 0.9987 -0.0251
vn 0.0156 0.9920 0.1255
vn 0.1382 0.9816 -0.1316
vn 0.0126 0.9999 0.0087
vn -0.0963 0.9925 0.0750
vn -0.0210 0.9990 0.0400
vn 0.0211 0.9996 0.0186
vn 0.0259 0.9921 -0.1226
vn 0.0326 0.9975 -0.0626
vn 0.0263 0.9968 -0.0758
vn -0.0068 0.9996 -0.0274
vn 0.0226 0.9979 0.0608
vn 0.0276 0.9970 0.0722
vn -0.1047 0.9939 -0.0343
vn -0.0643 0.9969 0.0456
vn -0.0094 0.9983 0.0581
vn -0.0129 0.9999 -0.0034
vn 0.0859 0.9959 -0.0296
vn -0.0363 0.9992 -0.0153
vn 0.0513 0.9932 0.1047
vn 0.0254 0.9958 -0.0875
vn -0.0365 0.9970 -0.0689
vn 0.1092 0.9938 0.0199
vn 0.0111 0.9974 -0.0717
vn 0.1144 0.9934 -0.0084
vn -0.1774 0.9756 -0.1293
vn 0.0806 0.9965 0.0231
vn -0.0012 0.9999 -0.0149
vn -0.0072 0.9993 -0.0373
vn 0.0258 0.9997 -0.0022
vn -0.2112 0.9683 -0.1333
vn 0.0338 0.9963 0.0795
vn 0.0071 0.9899 0.1417
vn 0.0384 0.9986 0.0372
vn 0.0487 0.9988 -0.0078
vn -0.0068 0.9999 -0.0112
vn -0.0467 0.9954 0.0840
vn 0.0201 0.9998 -0.0095
vn -0.1935 0.9625 0.1899
vn 0.0364 0.9986 -0.0389
vn -0.0053 0.9998 -0.0176
vn -0.0763 0.9952 -0.0608
vn 0.0036 0.9999 -0.0103
vn -0.0323 0.9972 0.0668
vn -0.0900 0.9958 0.0186
vn 0.0422 0.9991 0.0063
vn 0.0134 0.9995 0.0290
vn -0.0080 0.9977 0.0673
vn -0.2489 0.9665 -0.0621
vn 0.0966 0.9953 -0.0034
vn -0.0063 0.9990 0.0447
vn 0.0054 0.9999 0.0109
vn 0.0238 0.9983 0.0533
vn -0.0575 0.8867 0.4587
vn -0.0594 0.9981 0.0156
vn 0.0317 0.9988 -0.0361
vn 0.0928 0.9856 0.1414
vn -0.0560 0.9974 -0.0459
vn 0.1735 0.9847 0.0177
vn -0.0718 0.9966 0.0400
vn 0.0068 0.9997 0.0219
vn 0.0630 0.9934 0.0963
vn -0.0871 0.9962 -0.0042
vn -0.0399 0.9992 -0.0014
vn 0.0188 0.9998 0.0051
vn -0.0575 0.9890 -0.1364
vn -0.1349 0.9866 -0.0920
vn 0.0779 0.9955 -0.0542
vn -0.0268 0.9995 -0.0188
vn -0.0071 0.9981 0.0605
vn -0.0627 0.9969 -0.0475
vn -0.0380 0.9988 0.0306
vn -0.0075 0.9993 0.0359
vn -0.0099 0.9999 -0.0059
vn 0.0176 0.9986 -0.0506
vn -0.0492 0.9981 0.0360
vn -0.0017 0.9996 -0.0280
vn -0.0046 0.9981 -0.0621
vn -0.0153 0.9961 -0.0867
vn 0.0073 0.9998 0.0160
vn -0.0327 0.9981 -0.0519
vn -0.0252 0.9997 0.0001
vn -0.0049 1.0000 0.0021
vn -0.1141 0.9590 0.2593
vn -0.0124 0.9973 0.0728
vn 0.0115 0.9979 0.0642
vn 0.0676 0.9962 0.0543
vn 0.0107 0.9984 -0.0553
vn 0.0211 0.9995 -0.0251
vn -0.0528 0.9968 0.0606
vn 0.0542 0.9985 0.0006
vn -0.0308 0.9987 0.0405
vn 0.0658 0.9977 -0.0129
vn 0.0282 0.9969 -0.0737
vn -0.0191 0.9980 -0.0608
vn 0.0352 0.9993 0.0117
vn -0.0205 0.9998 -0.0016
vn 0.0154 0.9955 -0.0939
vn -0.0566 0.9956 -0.0753
vn 0.0297 0.9958 0.0868
vn -0.1036 0.9926 -0.0639
vn 0.0151 0.9998 0.0160
vn -0.0201 0.9996 0.0194
vn 0.0120 0.9998 -0.0147
vn 0.0112 0.9995 -0.0292
vn -0.0764 0.9955 -0.0554
vn -0.0023 0.9994 -0.0356
vn 0.0189 0.9998 0.0114
vn -0.0330 0.9991 -0.0260
vn -0.0062 0.9988 -0.0486
vn -0.0159 0.9888 -0.1485
vn -0.1028 0.9828 0.1535
vn 0.0386 0.9990 -0.0239
vn 0.0004 0.9999 -0.0113
vn 0.0001 0.9997 -0.0241
vn -0.0110 0.9997 -0.0239
vn -0.0058 0.9998 0.0202
vn 0.0031 0.9966 0.0819
vn -0.1349 0.9900 -0.0419
vn 0.0186 0.9998 -0.0044
vn 0.0522 0.9984 0.0211
vn 0.0605 0.9943 -0.0877
vn 0.0063 0.9996 -0.0283
vn 0.0030 0.9990 -0.0448
vn 0.0640 0.9952 -0.0745
vn -0.0389 0.9981 -0.0482
vn 0.0148 0.9998 -0.0136
vn 0.0264 0.9966 0.0781
vn -0.1391 0.9893 -0.0447
vn 0.1221 0.9892 0.0811
vn 0.0334 0.9987 -0.0378
vn -0.0492 0.9983 0.0319
vn 0.0394 0.9985 0.0379
vn 0.0086 0.9987 -0.0508
vn 0.0065 1.0000 -0.0005
vn 0.0071 0.9999 -0.0142
vn -0.0162 0.9969 0.0770
vn -0.0341 0.9994 0.0065
vn -0.0028 1.0000 0.0070
vn 0.0004 1.0000 0.0083
vn 0.0170 0.9988 0.0458
vn 0.0569 0.9983 0.0108
vn -0.0358 0.9982 0.0484
vn -0.0127 0.9995 0.0282
vn 0.0413 0.9990 -0.0189
vn -0.0538 0.9983 -0.0210
vn 0.0360 0.9983 -0.0465
vn -0.0395 0.9934 -0.1074
vn -0.0537 0.9982 0.0265
vn 0.0317 0.9994 -0.0164
vn 0.0502 0.9980 0.0384
vn -0.0450 0.9978 -0.0482
vn -0.0044 1.0000 0.0001
vn 0.0806 0.9832 -0.1639
vn -0.0186 0.9998 -0.0087
vn 0.0103 0.9992 0.0391
vn -0.0029 0.9975 0.0700
vn -0.0086 1.0000 0.0043
vn -0.0177 0.9998 0.0128
vn 0.0554 0.9964 0.0646
vn 0.0072 0.9998 0.0205
vn 0.0321 0.9955 -0.0892
vn -0.0057 1.0000 -0.0073
vn 0.1078 0.9917 -0.0697
vn -0.0272 0.9995 -0.0167
vn 0.0053 1.0000 -0.0002
vn -0.0334 0.9982 0.0493
vn 0.0460 0.9989 0.0091
vn 0.0014 0.9995 -0.0323
vn -0.0027 1.0000 -0.0082
vn -0.0243 0.9990 0.0362
vn -0.0110 0.9988 0.0485
vn -0.0017 0.9995 -0.0322
vn 0.0543 0.9980 -0.0337
vn 0.0248 0.9989 0.0394
vn -0.0242 0.9992 0.0306
vn -0.0177 0.9998 0.0031
vn 0.1335 0.9871 -0.0883
vn 0.0121 0.9998 0.0124
vn 0.0098 0.9990 -0.0443
vn -0.0221 0.9997 0.0089
vn 0.0853 0.9935 -0.0755
vn -0.0062 1.0000 -0.0074
vn -0.0097 0.9990 -0.0437
vn 0.0117 0.9999 -0.0029
vn 0.0375 0.9975 0.0596
vn 0.0139 0.9999 0.0071
vn -0.0044 0.9981 -0.0614
vn -0.0696 0.9974 0.0207
vn 0.0415 0.9987 0.0307
vn 0.0623 0.9966 -0.0544
vn -0.0281 0.9996 0.0090
vn -0.0412 0.9991 0.0061
vn 0.0376 0.9993 0.0034
vn 0.0365 0.9992 -0.0184
vn -0.0150 0.9991 -0.0408
vn -0.0684 0.9969 0.0396
vn -0.0134 0.9989 0.0440
vn 0.0369 0.9991 0.0204
vn -0.0446 0.9977 0.0519
vn 0.0131 0.9995 0.0282
vn 0.0093 0.9973 -0.0724
vn -0.2373 0.9675 0.0874
vn -0.0465 0.9988 -0.0181
vn 0.0379 0.9991 -0.0180
vn 0.0053 0.9984 0.0568
vn -0.0387 0.9982 -0.0459
vn -0.0101 0.9992 0.0387
vn -0.3233 -0.8070 0.4943
vn -0.0385 0.9993 0.0007
vn 0.0319 0.9994 -0.0155
vn -0.0114 0.9999 0.0050
vn -0.0298 0.9994 0.0191
vn -0.0046 1.0000 -0.0041
vn 0.0086 0.9999 0.0098
vn 0.0231 0.9997 -0.0110
vn -0.9986 -0.0249 0.0475
vn 0.0387 0.9986 -0.0368
vn 0.0652 0.9961 0.0592
vn -0.0266 0.9985 -0.0474
vn -0.0759 0.9956 0.0547
vn 0.0257 0.9988 -0.0417
vn 0.0172 0.9991 -0.0397
vn -0.0052 1.0000 0.0005
vn 0.0991 0.9903 0.0977
vn -0.0870 0.9962 0.0094
vn 0.0290 0.9963 0.0810
vn -0.0329 0.9994 0.0134
vn 0.0286 0.9996 0.0051
vn -0.0198 0.9995 0.0258
vn 0.0405 0.9992 -0.0072
vn -0.0206 0.9998 0.0058
vn -0.0178 0.9996 -0.0226
vn -0.0248 0.9996 0.0121
vn -0.0023 0.9994 -0.0353
vn 0.0393 0.9992 0.0077
vn 0.0174 0.9976 -0.0666
vn 0.0053 0.9997 -0.0223
vn -0.0010 0.9998 -0.0189
vn 0.2929 0.9404 0.1727
vn -0.0174 0.9998 0.0017
vn 0.0143 0.9996 -0.0249
vn -0.0341 0.9984 -0.0443
vn 0.0056 1.0000 0.0057
vn 0.0024 1.0000 0.0073
vn 0.0555 0.9928 0.1064
vn -0.0503 0.9987 0.0045
vn -0.0110 0.9999 -0.0074
vn 0.0343 0.9992 -0.0210
vn -0.0815 0.9963 0.0275
vn -0.1367 0.9646 -0.2257
vn 0.0160 0.9990 -0.0412
vn 0.0510 0.9975 0.0495
vn 0.0191 0.9998 0.0086
vn -0.0685 0.9969 0.0395
vn 0.0603 0.9982 -0.0023
vn 0.0154 0.9998 0.0145
vn 0.0606 0.9862 0.1543
vn 0.0763 0.9968 -0.0230
vn -0.1643 0.9854 0.0449
vn -0.0071 0.9994 0.0348
vn 0.0559 0.9970 -0.0535
vn 0.0222 0.9995 -0.0217
vn -0.0396 0.9962 0.0770
vn -0.1804 0.9813 -0.0675
vn 0.0011 0.9966 -0.0823
vn 0.0459 0.9978 -0.0484
vn -0.1005 0.9938 0.0484
vn 0.0809 0.9962 -0.0314
vn -0.0283 0.9996 0.0020
vn -0.0056 1.0000 -0.0078
vn 0.0401 0.9971 0.0640
vn 0.0710 0.9969 0.0344
vn -0.0285 0.9996 0.0049
vn 0.0816 0.9902 -0.1135
vn -0.0980 0.9940 -0.0479
vn 0.0116 0.9998 0.0188
vn -0.0182 0.9957 0.0912
vn -0.8088 -0.4543 -0.3735
vn -0.0241 0.9997 -0.0060
vn -0.0167 0.9997 -0.0161
vn -0.0054 0.9990 0.0440
vn -0.0793 0.9955 -0.0514
vn 0.0539 0.9881 0.1442
vn -0.0058 0.9901 0.1406
vn -0.0471 0.9989 0.0021
vn 0.0008 1.0000 0.0075
vn -0.0127 0.9965 -0.0828
vn -0.0441 0.9968 -0.0668
vn 0.0358 0.9993 -0.0130
vn 0.0517 0.9970 -0.0578
vn -0.0113 0.9947 -0.1022
vn -0.0255 0.9995 0.0206
vn -0.0172 0.9998 -0.0109
vn -0.0125 0.9999 0.0075
vn -0.0250 0.9997 0.0043
vn 0.0640 0.9979 -0.0053
vn 0.0105 0.9999 0.0024
vn 0.0372 0.9988 -0.0307
vn -0.0607 0.9977 0.0301
vn 0.0999 0.9923 -0.0733
vn 0.0027 0.9982 -0.0599
vn -0.0468 0.9988 0.0115
vn -0.0224 0.9976 0.0662
vn -0.0462 0.9989 -0.0123
vn -0.0413 0.9991 0.0130
vn 0.0022 0.9998 0.0174
vn -0.0192 0.9984 -0.0538
vn -0.0259 0.9997 -0.0004
vn -0.0123 0.9997 -0.0194
vn 0.0458 0.9985 0.0305
vn -0.0100 0.9999 -0.0007
vn 0.0332 0.9993 0.0173
vn 0.0451 0.9990 0.0016
vn -0.0932 0.9953 -0.0267
vn -0.0046 0.9998 0.0186
vn -0.0498 0.9963 -0.0695
vn -0.0359 0.9988 0.0335
vn -0.0121 0.9984 0.0550
vn 0.0592 0.9971 -0.0486
vn 0.0831 0.9961 0.0290
vn -0.0313 0.9990 -0.0334
vn 0.0647 0.9974 -0.0320
vn -0.0491 0.9910 0.1244
vn -0.0834 0.9957 0.0398
vn 0.0275 0.9985 -0.0463
vn 0.0662 0.9943 -0.0837
vn -0.2075 0.9143 0.3480
vn 0.1272 0.9863 0.1054
vn 0.0439 0.9963 -0.0741
vn 0.0855 0.9907 0.1063
vn -0.0286 0.9996 -0.0047
vn 0.0326 0.9987 -0.0385
vn -0.0053 0.9978 -0.0668
vn -0.0246 0.9995 0.0207
vn -0.0262 0.9987 0.0429
vn -0.0434 0.9921 0.1175
vn -0.0039 0.9998 0.0201
vn -0.0024 0.9998 -0.0192
vn 0.0173 0.9983 -0.0565
vn 0.0303 0.9995 -0.0132
vn -0.0464 0.9987 -0.0207
vn 0.0159 0.9981 0.0589
vn -0.2810 0.9502 0.1345
vn 0.0182 0.9998 0.0099
vn -0.0392 0.9984 -0.0414
vn -0.0058 0.9985 -0.0549
vn 0.0923 0.9916 -0.0906
vn -0.0404 0.9991 0.0142
vn -0.0750 0.9892 0.1260
vn -0.0252 0.9988 0.0415
vn -0.0255 0.9997 -0.0040
vn -0.0132 0.9986 0.0521
vn 0.0179 0.9992 0.0356
vn -0.0257 0.9996 0.0147
vn -0.0271 0.9986 0.0456
vn 0.0223 0.9992 -0.0320
vn -0.0098 0.9993 -0.0370
vn 0.0822 0.9945 -0.0651
vn -0.0516 0.9986 0.0070
vn 0.0139 0.9983 0.0564
vn -0.0093 0.9997 -0.0236
vn -0.2221 -0.9745 0.0313
vn -0.0424 0.9952 0.0882
vn -0.0549 0.9982 -0.0224
vn 0.1486 0.9731 -0.1761
vn 0.0317 0.9994 -0.0144
vn -0.0224 0.9997 -0.0061
vn 0.0281 0.9983 -0.0502
vn -0.0032 1.0000 -0.0045
vn -0.0092 0.9962 0.0865
vn 0.0386 0.9980 0.0509
vn -0.0441 0.9973 0.0582
vn -0.0157 0.9994 0.0309
vn 0.0532 0.9986 -0.0057
vn -0.0184 0.9923 0.1225
vn -0.0134 0.9996 0.0245
vn -0.0425 0.9915 -0.1226
vn -0.0320 0.9995 0.0068
vn -0.0972 0.9839 -0.1503
vn -0.0053 0.9986 -0.0519
vn 0.0347 0.9990 -0.0290
vn -0.0131 0.9998 -0.0164
vn -0.0348 0.9992 -0.0177
vn 0.0905 0.9959 0.0074
vn 0.0345 0.9992 -0.0199
vn -0.0805 0.9956 -0.0477
vn 0.0139 0.9980 0.0616
vn 0.0074 0.9956 0.0937
vn -0.1363 0.9901 -0.0327
vn 0.0165 0.9998 -0.0133
vn 0.0210 0.9995 0.0229
vn -0.0499 0.9973 -0.0532
vn -0.0179 0.9998 -0.0056
vn 0.0331 0.9989 0.0328
vn -0.0030 0.9992 -0.0400
vn -0.0232 0.9996 0.0144
vn 0.5078 0.7251 -0.4651
vn 0.0041 0.9966 -0.0828
vn -0.0342 0.9989 -0.0330
vn 0.0248 0.9997 -0.0069
vn -0.0024 1.0000 0.0072
vn 0.0438 0.9969 0.0654
vn -0.0160 0.9931 0.1159
vn -0.0626 0.9938 -0.0921
vn 0.0914 0.9950 -0.0399
vn 0.0103 0.9999 -0.0077
vn 0.0096 0.9999 -0.0058
vn 0.0748 0.9924 -0.0982
vn 0.0866 0.9939 0.0676
vn -0.0439 0.9990 -0.0018
vn -0.0442 0.9985 0.0312
vn -0.0382 0.9978 -0.0534
vn 0.0610 0.9978 0.0255
vn -0.0286 0.9993 0.0222
vn 0.0169 0.9997 0.0200
vn 0.0345 0.9981 -0.0511
vn -0.0333 0.9991 -0.0272
vn 0.0269 0.9996 -0.0016
vn -0.0094 0.9998 -0.0159
vn 0.0426 0.9913 0.1244
vn -0.0579 0.9982 -0.0183
vn 0.0080 0.9979 -0.0649
vn -0.0028 1.0000 0.0044
vn 0.0254 0.9997 0.0052
vn 0.0262 0.9989 -0.0401
vn -0.0470 0.9987 0.0190
vn 0.0724 0.9948 0.0716
vn -0.0424 0.9963 0.0742
vn -0.0211 0.9994 -0.0258
vn 0.0404 0.9982 0.0454
vn 0.0285 0.9996 0.0078
vn -0.0730 0.9958 -0.0559
vn -0.0202 0.9989 0.0428
vn -0.0642 0.9886 -0.1362
vn -0.0074 0.9983 -0.0585
vn 0.0504 0.9986 -0.0188
vn -0.0080 0.9920 -0.1262
vn -0.0054 1.0000 0.0063
vn 0.0864 0.9962 -0.0065
vn -0.0018 1.0000 -0.0087
vn 0.0713 0.9962 -0.0502
vn -0.1061 0.9938 0.0345
vn 0.0376 0.9993 -0.0039
vn -0.0375 0.9993 -0.0012
vn 0.0419 0.9968 -0.0681
vn 0.0232 0.9995 0.0194
vn 0.0180 0.9977 0.0655
vn -0.0859 0.9957 0.0334
vn 0.0754 0.9938 -0.0821
vn -0.2155 0.9765 -0.0013
vn 0.0442 0.9989 -0.0142
vn 0.0039 1.0000 0.0047
vn -0.0184 0.9992 -0.0353
vn 0.0186 0.9997 0.0166
vn -0.0699 0.9968 0.0393
vn 0.0159 0.9998 0.0097
vn -0.2489 0.8783 0.4081
vn 0.0094 0.9982 -0.0588
vn -0.0409 0.9988 0.0260
vn 0.0231 0.9979 0.0607
vn -0.0976 0.9950 -0.0223
vn -0.0108 0.9999 0.0028
vn 0.0002 0.9980 0.0626
vn 0.0948 0.9945 -0.0448
vn -0.0816 0.9937 -0.0768
vn 0.0103 0.9999 -0.0110
vn 0.0495 0.9974 0.0526
vn -0.1198 0.9861 -0.1148
vn -0.0005 0.9999 0.0118
vn 0.0781 0.9954 0.0548
vn -0.0355 0.9994 -0.0042
vn 0.0255 0.9990 0.0358
vn -0.1498 0.9886 0.0140
vn 0.1265 0.9844 0.1223
vn -0.0577 0.9972 -0.0471
vn 0.0065 0.9898 -0.1421
vn -0.0995 0.9812 0.1652
vn 0.0727 0.9908 0.1139
vn -0.0509 0.9984 0.0248
vn 0.0057 0.9999 -0.0107
vn -0.0124 0.9999 0.0054
vn -0.0629 0.9980 -0.0050
vn 0.0379 0.9992 0.0155
vn 0.0771 0.9964 0.0341
vn -0.1426 0.9877 -0.0635
vn 0.0169 0.9987 0.0484
vn -0.0027 0.9978 0.0666
vn 0.0077 0.9997 0.0235
vn 0.0592 0.9979 -0.0249
vn -0.0115 0.9975 -0.0702
vn 0.0717 0.9952 -0.0671
vn -0.0288 0.9994 -0.0166
vn 0.0252 0.9991 0.0326
vn -0.0656 0.9975 -0.0256
vn 0.0487 0.9957 -0.0791
vn 0.0925 0.9948 -0.0438
vn -0.0430 0.9991 0.0031
vn 0.0238 0.9997 0.0065
vn 0.0306 0.9993 0.0218
vn -0.0858 0.9961 -0.0223
vn -0.0123 0.9998 0.0143
vn 0.0021 0.9993 0.0379
vn 0.0671 0.9948 0.0770
vn -0.3090 0.9184 -0.2471
vn 0.0102 0.9964 0.0843
vn -0.0327 0.9959 0.0839
vn 0.1945 0.9774 -0.0830
vn -0.0689 0.9969 -0.0368
vn 0.0058 0.9998 -0.0209
vn -0.0266 0.9983 -0.0512
vn -0.0243 0.9978 0.0613
vn 0.0110 0.9996 -0.0244
vn 0.0407 0.9989 -0.0246
vn -0.0182 0.9998 0.0009
vn 0.0026 0.9992 0.0397
vn -0.0167 0.9993 0.0340
vn 0.2461 0.9599 -0.1344
vn -0.0439 0.9989 -0.0158
vn 0.0098 0.9998 0.0175
vn 0.0698 0.9972 0.0284
vn -0.0015 0.9988 -0.0486
vn -0.0078 0.9986 -0.0521
vn 0.0503 0.9967 0.0631
vn -0.0120 0.9991 0.0418
vn 0.0008 1.0000 -0.0043
vn 0.0993 0.9940 0.0449
vn 0.0205 0.9997 -0.0116
vn -0.0081 0.9999 -0.0069
vn -0.0270 0.9991 0.0319
vn 0.0563 0.9979 0.0305
vn -0.0649 0.9979 0.0051
vn -0.0281 0.9993 -0.0232
vn 0.0081 0.9991 0.0416
vn -0.0097 0.9996 0.0252
vn 0.0255 0.9965 -0.0796
vn 0.0184 0.9989 -0.0423
vn 0.0664 0.9956 0.0661
vn 0.0125 0.9999 0.0108
vn -0.0769 0.9952 -0.0606
vn -0.0102 0.9989 -0.0466
vn 0.0045 0.9999 -0.0123
vn 0.0102 0.9999 0.0032
vn -0.0014 1.0000 -0.0066
vn -0.0588 0.9970 -0.0501
vn -0.0666 0.9975 0.0250
vn 0.2019 0.8614 0.4660
vn -0.0452 0.9989 -0.0127
vn -0.0000 0.9996 -0.0272
vn -0.0086 0.9967 -0.0810
vn 0.0089 1.0000 0.0019
vn 0.0869 0.9962 -0.0097
vn -0.0960 0.9868 0.1305
vn 0.0048 0.9982 0.0601
vn 0.0345 0.9993 0.0154
vn -0.0951 0.9909 -0.0951
vn 0.0612 0.9884 0.1391
vn 0.0344 0.9982 0.0496
vn 0.2461 0.9666 -0.0710
vn -0.0427 0.9991 -0.0026
vn -0.0033 1.0000 -0.0015
vn -0.0102 0.9982 0.0590
vn 0.0244 0.9996 0.0119
vn -0.0004 0.9998 -0.0205
vn 0.0220 0.9844 -0.1744
vn -0.0354 0.9982 -0.0475
vn -0.0431 0.9991 -0.0044
vn -0.1455 0.9818 -0.1218
vn -0.0137 0.9819 -0.1887
vn 0.1517 0.9881 0.0243
vn 0.0179 0.9997 0.0143
vn -0.1123 -0.9798 0.1653
vn -0.0479 0.9988 0.0079
vn 0.0108 0.9982 -0.0583
vn -0.1458 0.9872 0.0649
vn 0.0457 0.9989 0.0064
vn -0.0178 0.9998 -0.0010
vn 0.0787 0.9900 -0.1169
vn -0.0208 0.9998 0.0035
vn 0.1064 0.9918 0.0707
vn 0.0126 0.9996 -0.0257
vn -0.0463 0.9986 0.0248
vn 0.1088 0.9901 0.0888
vn -0.0177 0.9997 0.0156
vn -0.0101 0.9998 0.0155
vn 0.0466 0.9960 -0.0763
vn -0.0227 0.9973 -0.0698
vn 0.0127 0.9997 -0.0216
vn -0.0087 0.9999 0.0083
vn -0.0087 0.9999 0.0107
vn -0.0391 0.9988 -0.0281
vn -0.0221 0.9992 0.0340
vn 0.0433 0.9957 0.0813
vn -0.0480 0.9959 0.0773
vn 0.1094 0.9934 -0.0344
vn 0.0006 0.9983 -0.0580
vn 0.0331 0.9968 0.0733
vn 0.0234 0.9991 0.0352
vn -0.0118 0.9999 0.0038
vn 0.0154 0.9999 -0.0023
vn -0.0058 0.9998 0.0189
vn -0.0226 0.9997 0.0077
vn 0.0403 0.9974 -0.0596
vn 0.0130 0.9999 -0.0014
vn 0.0494 0.9974 -0.0518
vn 0.1093 0.9869 0.1190
vn -0.0465 0.9982 -0.0391
vn -0.0146 0.9994 0.0320
vn -0.0624 0.9970 -0.0456
vn 0.0050 0.9995 0.0320
vn 0.0463 0.9989 0.0050
vn -0.0614 0.9981 -0.0093
vn 0.0775 0.9970 0.0056
vn 0.0839 0.9903 -0.1105
vn 0.0760 0.9953 0.0604
vn 0.0222 0.9978 0.0622
vn -0.0168 0.9903 0.1381
vn -0.0799 0.9963 -0.0319
vn 0.0119 0.9986 -0.0510
vn 0.0030 0.9987 0.0507
vn -0.0083 0.9999 0.0105
vn -0.0049 0.9978 0.0658
vn -0.0428 0.9969 -0.0662
vn -0.0145 0.9995 -0.0297
vn 0.0356 0.9985 0.0415
vn 0.0743 0.9808 0.1806
vn -0.0251 0.9781 0.2067
vn 0.0677 0.9977 0.0019
vn 0.1834 0.8556 0.4841
vn 0.0424 0.9979 -0.0494
vn -0.0435 0.9985 -0.0345
vn -0.0385 0.9981 0.0482
vn 0.0546 0.9983 -0.0226
vn -0.0019 0.9997 -0.0257
vn 0.0064 0.9998 -0.0162
vn -0.1383 0.9856 -0.0968
vn 0.0720 0.9952 -0.0669
vn -0.0090 0.9996 -0.0277
vn -0.0480 0.9964 0.0698
vn 0.0083 0.9995 -0.0318
vn 0.0475 0.9969 0.0628
vn -0.2025 0.9621 0.1829
vn -0.0491 0.9950 -0.0868
vn 0.0092 0.9997 -0.0204
vn 0.0097 0.9996 -0.0268
vn -0.0162 0.9996 -0.0229
vn -0.0904 0.9959 0.0038
vn -0.2164 0.8671 0.4487
vn -0.0481 0.9986 0.0227
vn 0.0072 0.9993 0.0360
vn -0.0045 1.0000 -0.0026
vn -0.0034 0.9999 -0.0125
vn -0.0003 0.9999 0.0128
vn 0.0578 0.9937 -0.0958
vn -0.0433 0.9991 0.0043
vn 0.0961 0.9870 -0.1289
vn 0.1237 0.9923 0.0001
vn 0.0195 0.9997 -0.0136
vn -0.2783 0.9600 -0.0308
vn 0.0716 0.9974 0.0065
vn 0.0409 0.9989 -0.0228
vn 0.0082 0.9986 -0.0517
vn -0.1052 0.9944 -0.0074
vn 0.1774 0.9707 -0.1621
vn -0.0673 0.9932 0.0955
vn 0.1235 0.9920 -0.0266
vn 0.0454 0.9981 -0.0413
vn -0.0064 0.9956 -0.0936
vn 0.0233 0.9997 0.0081
vn -0.0429 0.9991 0.0062
vn 0.0403 0.9967 0.0703
vn -0.1127 0.9933 -0.0235
vn 0.0381 0.9991 -0.0206
vn -0.0296 0.9995 -0.0117
vn 0.0888 0.9960 -0.0093
vn 0.0004 0.9993 0.0386
vn 0.0397 0.9976 -0.0563
vn 0.0368 0.9993 -0.0111
vn 0.0368 0.9975 -0.0599
vn -0.0602 0.9981 -0.0085
vn 0.0228 0.9997 -0.0020
vn 0.0016 0.9998 -0.0185
vn -0.0100 0.9999 -0.0139
vn -0.0179 0.9994 -0.0308
vn 0.1687 0.9772 0.1292
vn 0.0406 0.9984 0.0399
vn 0.0252 0.9995 -0.0208
vn -0.0189 0.9989 -0.0423
vn -0.0118 0.9991 -0.0416
vn -0.0221 0.9996 0.0160
vn 0.0640 0.9975 -0.0312
vn 0.3584 0.8879 0.2883
vn 0.0627 0.9966 0.0537
vn -0.0594 0.9921 -0.1100
vn -0.1748 0.9803 0.0920
vn -0.0158 0.9928 0.1189
vn 0.0023 0.9946 0.1039
vn -0.0522 0.9986 0.0042
vn -0.0212 0.9991 0.0377
vn -0.0197 0.9972 0.0727
vn -0.0156 0.9999 -0.0006
vn -0.0718 0.9939 -0.0832
vn 0.0150 0.9986 -0.0506
vn -0.0459 0.9989 0.0110
vn 0.0078 0.9995 0.0322
vn 0.0153 0.9988 0.0462
vn 0.0503 0.9969 -0.0602
vn -0.0361 0.9989 -0.0311
vn -0.0062 0.9996 0.0262
vn 0.7572 -0.5175 -0.3986
vn -0.0116 0.9999 -0.0093
vn 0.0279 0.9992 0.0279
vn 0.0060 0.9998 0.0196
vn -0.0124 0.9953 -0.0958
vn 0.0140 0.9990 -0.0428
vn -0.0432 0.9991 -0.0011
vn 0.0153 0.9966 0.0804
vn -0.0412 0.9903 0.1330
vn 0.0149 0.9847 0.1737
vn 0.0868 0.9953 -0.0436
vn 0.0053 0.9988 -0.0478
vn 0.0318 0.9995 -0.0034
vn -0.0122 0.9943 0.1061
vn 0.0114 0.9997 -0.0216
vn -0.0507 0.9979 0.0410
vn -0.0684 0.9958 -0.0608
vn 0.0282 0.9986 0.0438
vn -0.1287 0.9829 0.1314
vn 0.0173 0.9993 0.0325
vn -0.0570 0.9982 -0.0166
vn -0.0227 0.9996 -0.0169
vn 0.0151 0.9999 -0.0054
vn -0.0330 0.9994 0.0031
vn 0.0267 0.9996 0.0077
vn -0.0307 0.9995 -0.0079
vn -0.0559 0.9911 0.1208
vn 0.0497 0.9967 0.0641
vn 0.0454 0.9990 -0.0028
vn -0.0895 0.9782 0.1875
vn 0.0443 0.9980 0.0441
vn -0.0014 0.9943 0.1062
vn 0.0570 0.9960 -0.0694
vn -0.0306 0.9991 0.0292
vn 0.0332 0.9994 0.0011
vn -0.0118 0.9999 0.0125
vn -0.0275 0.9985 -0.0479
vn -0.0019 0.9935 -0.1135
vn -0.0585 0.9980 0.0218
vn -0.0229 0.9974 -0.0688
vn -0.0742 0.9972 -0.0038
vn -0.0317 0.9966 0.0756
vn 0.1548 0.9834 0.0944
vn -0.0260 0.9995 -0.0164
vn -0.1184 0.9838 0.1347
vn 0.0321 0.9886 0.1474
vn 0.0197 0.9996 -0.0183
vn 0.0324 0.9953 -0.0916
vn 0.0534 0.9984 -0.0188
vn 0.0207 0.9997 -0.0103
vn -0.0188 0.9998 -0.0023
vn 0.0081 0.9998 -0.0195
vn 0.0331 0.9987 0.0380
vn 0.0336 0.9984 -0.0459
vn 0.0193 0.9949 -0.0991
vn -0.0072 0.9999 0.0148
vn -0.0279 0.9996 0.0048
vn -0.0005 0.9993 -0.0367
vn 0.0227 0.9996 0.0184
vn 0.1085 0.9914 0.0735
vn -0.0013 0.9994 -0.0340
vn -0.0036 0.9993 0.0379
vn 0.0731 0.9945 0.0748
vn -0.0109 0.9999 0.0114
vn 0.0120 0.9998 -0.0157
vn -0.1864 -0.9517 -0.2439
vn 0.0177 0.9991 -0.0373
vn 0.0230 0.9985 0.0499
vn 0.0721 0.9970 -0.0298
vn -0.0701 0.9969 0.0355
vn 0.1052 0.9934 -0.0462
vn -0.0309 0.9994 -0.0155
vn -0.0738 0.9943 0.0767
vn -0.0213 0.9997 -0.0148
vn -0.0262 0.9995 -0.0161
vn -0.0013 1.0000 0.0061
vn -0.0165 0.9999 -0.0048
vn 0.0304 0.9995 0.0128
vn 0.0196 0.9998 -0.0032
vn -0.0067 1.0000 0.0050
vn -0.0198 0.9996 -0.0199
vn 0.0013 0.9989 0.0478
vn -0.0072 1.0000 0.0057
vn -0.0867 0.9944 0.0600
vn 0.0392 0.9984 -0.0409
vn -0.0262 0.9992 -0.0299
vn 0.0050 1.0000 0.0085
vn -0.0254 0.9997 0.0070
vn -0.0538 0.9979 -0.0357
vn 0.0738 0.9964 -0.0411
vn 0.0328 0.9986 -0.0418
vn 0.0003 0.9997 -0.0251
vn 0.0155 0.9994 -0.0305
vn -0.0161 0.9999 -0.0059
vn 0.0442 0.9990 0.0081
vn -0.0147 0.9999 0.0079
vn 0.0180 0.9989 -0.0423
vn 0.0507 0.9987 0.0098
vn 0.0088 0.9995 -0.0293
vn -0.0076 1.0000 0.0018
vn 0.0046 1.0000 -0.0020
vn -0.0864 0.9962 0.0047
vn 0.0267 0.9990 -0.0350
vn 0.0655 0.9978 0.0037
vn 0.0260 0.9962 -0.0828
vn 0.0393 0.9986 -0.0349
vn -0.0165 0.9997 -0.0190
vn -0.0151 0.9977 -0.0659
vn -0.0012 1.0000 -0.0085
vn -0.0160 0.9999 0.0056
vn -0.0141 0.9912 -0.1316
vn 0.0553 0.9974 0.0451
vn 0.0312 0.9991 0.0271
vn -0.0563 0.9983 -0.0150
vn 0.0277 0.9995 -0.0129
vn 0.0278 0.9953 0.0929
vn 0.0416 0.9987 -0.0305
vn 0.0154 0.9999 0.0001
vn -0.0115 0.9997 0.0196
vn 0.0699 0.9940 -0.0845
vn 0.0857 0.9963 0.0060
vn -0.0318 0.9995 0.0048
vn 0.0299 0.9995 -0.0117
vn 0.0342 0.9980 0.0541
vn -0.0193 0.9998 0.0078
vn -0.1656 0.9809 -0.1025
vn 0.0915 0.9956 -0.0211
vn 0.0098 0.9999 -0.0048
vn -0.0491 0.9901 0.1312
vn -0.3855 0.9146 -0.1222
vn 0.0162 0.9997 0.0198
vn -0.0061 0.9997 -0.0241
vn -0.0285 0.9988 0.0401
vn -0.0849 0.9935 -0.0753
vn 0.0455 0.9983 -0.0358
vn 0.0475 0.9978 0.0463
vn 0.0416 0.9991 0.0084
vn 0.1262 0.9918 -0.0180
vn 0.0432 0.9986 0.0321
vn 0.0112 0.9998 0.0181
vn -0.0271 0.9995 -0.0191
vn -0.0401 0.9992 0.0074
vn -0.0389 0.9992 -0.0013
vn 0.0454 0.9978 -0.0488
vn 0.0697 0.9975 -0.0078
vn -0.0377 0.9983 0.0434
vn 0.0067 1.0000 0.0010
vn -0.0261 0.9994 0.0226
vn -0.0111 0.9832 -0.1823
vn -0.0127 0.9990 0.0435
vn -0.0666 0.9976 0.0194
vn -0.0351 0.9994 0.0080
vn -0.0353 0.9994 -0.0064
vn -0.0491 0.9987 -0.0114
vn -0.0486 0.9984 -0.0293
vn -0.0697 0.9975 0.0090
vn -0.0066 0.9999 0.0094
vn -0.0214 0.9988 -0.0446
vn -0.0361 0.9977 0.0574
vn 0.0240 0.9934 -0.1118
vn -0.0259 0.9993 0.0255
vn 0.0390 0.9987 -0.0339
vn 0.0376 0.9992 -0.0157
vn -0.0690 0.9954 0.0668
vn 0.0253 0.9980 -0.0576
vn 0.0232 0.9997 0.0028
vn -0.0782 0.9968 0.0152
vn -0.0683 0.9971 -0.0339
vn -0.0338 0.9991 0.0255
vn 0.0730 0.9947 -0.0722
vn -0.0310 0.9993 -0.0202
vn -0.0745 0.9963 0.0420
vn -0.0591 0.9982 -0.0040
vn 0.0485 0.9988 -0.0068
vn -0.1110 0.9937 -0.0124
vn 0.0101 0.9992 0.0386
vn -0.1734 0.9811 0.0863
vn -0.0236 0.9989 -0.0413
vn -0.0092 0.9986 0.0526
vn 0.1479 0.9843 -0.0960
vn 0.0487 0.9987 0.0142
vn 0.0668 0.9973 0.0315
vn 0.0069 1.0000 -0.0067
vn 0.0199 0.9947 -0.1011
vn 0.0187 0.9994 0.0303
vn -0.0132 0.9998 0.0124
vn -0.0132 0.9998 0.0128
vn 0.1533 -0.9866 -0.0561
vn 0.0056 1.0000 -0.0066
vn 0.0100 0.9990 0.0441
vn -0.0080 0.9999 -0.0085
vn -0.0771 0.9920 0.1003
vn -0.0279 0.9986 0.0459
vn -0.0470 0.9989 0.0037
vn 0.0380 0.9986 -0.0364
vn 0.0086 1.0000 -0.0008
vn -0.0668 0.9967 -0.0453
vn 0.0594 0.9977 0.0318
vn 0.0051 0.9913 0.1313
vn 0.0090 0.9997 0.0214
vn 0.0484 0.9974 -0.0537
vn -0.0268 0.9995 0.0144
vn 0.0266 0.9996 0.0033
vn 0.0327 0.9961 0.0817
vn -0.0929 0.9936 0.0647
vn -0.0205 0.9991 -0.0365
vn 0.0279 0.9996 -0.0078
vn 0.0616 0.9968 -0.0518
vn -0.0012 0.9950 0.0994
vn 0.1788 0.9839 0.0051
vn 0.0139 0.9995 0.0285
vn -0.0354 0.9975 -0.0608
vn -0.0206 0.9971 -0.0739
vn 0.0124 0.9994 -0.0338
vn 0.0275 0.9995 -0.0127
vn -0.0916 0.9917 -0.0906
vn 0.0614 0.9978 0.0239
vn 0.0931 0.9742 0.2058
vn -0.0684 0.9976 -0.0077
vn 0.0028 0.9985 0.0543
vn 0.0382 0.9978 0.0536
vn -0.0154 0.9994 0.0326
vn 0.0050 0.9995 0.0319
vn -0.0663 0.9959 -0.0621
vn 0.2471 0.9614 0.1210
vn -0.0551 0.9982 -0.0241
vn -0.0246 0.9994 0.0262
vn 0.0542 0.9958 -0.0734
vn 0.0540 0.9981 0.0296
vn 0.0294 0.9988 -0.0390
vn -0.0460 0.9985 -0.0308
vn -0.0163 0.9993 -0.0347
vn -0.0172 0.9979 0.0624
vn 0.0172 0.9996 0.0202
vn 0.0028 0.9979 0.0645
vn -0.0284 0.9982 0.0536
vn 0.0453 0.9990 0.0041
vn 0.0745 0.9970 -0.0211
vn -0.0832 0.9961 0.0308
vn 0.0291 0.9984 0.0475
vn 0.0301 0.9993 -0.0224
vn 0.0477 0.9924 -0.1130
vn 0.0125 0.9998 -0.0164
vn 0.0371 0.9991 -0.0209
vn 0.0065 0.9987 0.0510
vn -0.0072 0.9989 -0.0474
vn 0.0889 0.9956 -0.0291
vn -0.0238 0.9910 -0.1320
vn -0.0404 0.9973 -0.0606
vn -0.0077 0.9998 0.0162
vn -0.1033 0.9945 0.0179
vn -0.0513 0.9856 0.1613
vn 0.0249 0.9970 0.0738
vn 0.1423 0.9896 0.0202
vn 0.1628 0.9852 -0.0545
vn -0.0483 0.9985 0.0246
vn 0.1316 0.9912 0.0171
vn 0.0986 0.9838 -0.1494
vn -0.1309 0.9852 -0.1109
vn 0.0323 0.9962 0.0803
vn -0.0591 0.9966 -0.0581
vn -0.0560 0.9978 -0.0342
vn -0.0075 0.9983 0.0577
vn 0.2962 0.9067 -0.3003
vn -0.0481 0.9968 -0.0644
vn -0.0298 0.9987 0.0405
vn -0.0567 0.9978 0.0334
vn 0.0095 0.9979 -0.0638
vn -0.1356 0.9883 0.0695
vn 0.0104 0.9993 -0.0367
vn -0.0280 0.9996 -0.0050
vn -0.0301 0.9994 0.0164
vn -0.0763 0.9924 -0.0961
vn -0.0343 0.9936 0.1074
vn 0.0858 0.9963 -0.0096
vn 0.0068 0.9999 -0.0076
vn 0.2087 0.9370 0.2801
vn 0.0907 0.9958 0.0106
vn 0.0282 0.9992 -0.0267
vn 0.0427 0.9956 -0.0831
vn 0.0473 0.9985 0.0263
vn -0.0786 0.9821 -0.1711
vn -0.0577 0.9977 0.0364
vn -0.2300 0.9698 0.0817
vn -0.0281 0.9995 -0.0126
vn -0.0281 0.9995 -0.0151
vn -0.0348 0.9989 0.0324
vn -0.0243 0.9959 0.0867
vn -0.0546 0.9959 -0.0714
vn 0.0383 0.9991 -0.0189
vn 0.0298 0.9993 0.0226
vn -0.0470 0.9964 0.0705
vn -0.0530 0.9958 -0.0745
vn -0.0201 0.9997 -0.0149
vn 0.0225 0.9990 0.0390
vn 0.0563 0.9984 0.0051
vn -0.0252 0.9997 0.0026
vn -0.0261 0.9992 -0.0291
vn -0.0620 0.9979 0.0176
vn -0.0505 0.9987 -0.0086
vn -0.0323 0.9869 0.1581
vn 0.1396 0.9897 -0.0311
vn -0.8404 -0.0599 0.5386
vn -0.0042 0.9999 0.0128
vn 0.0221 0.9997 -0.0034
vn 0.0295 0.9990 -0.0334
vn -0.0390 0.9991 0.0156
vn 0.0098 0.9997 0.0239
vn -0.0246 0.9991 -0.0343
vn 0.0202 0.9995 0.0258
vn 0.0299 0.9984 -0.0481
vn -0.0050 0.9998 0.0169
vn -0.0011 0.9998 -0.0183
vn 0.0239 0.9996 -0.0136
vn -0.0982 0.9939 -0.0503
vn -0.2519 0.9411 0.2255
vt 0.015625 0.015625
vt 0.031250 0.031250
vt 0.015625 0.031250
vt 0.046875 0.015625
vt 0.031250 0.015625
vt 0.062500 0.015625
vt 0.046875 0.031250
vt 0.078125 0.031250
vt 0.062500 0.031250
vt 0.078125 0.015625
vt 0.093750 0.031250
vt 0.093750 0.015625
vt 0.109375 0.031250
vt 0.109375 0.015625
vt 0.125000 0.031250
vt 0.140625 0.015625
vt 0.125000 0.015625
vt 0.156250 0.031250
vt 0.140625 0.031250
vt 0.171875 0.015625
vt 0.156250 0.015625
vt 0.187500 0.015625
vt 0.171875 0.031250
vt 0.203125 0.031250
vt 0.187500 0.031250
vt 0.218750 0.015625
vt 0.203125 0.015625
vt 0.234375 0.031250
vt 0.218750 0.031250
vt 0.250000 0.015625
vt 0.234375 0.015625
vt 0.265625 0.015625
vt 0.250000 0.031250
vt 0.281250 0.031250
vt 0.265625 0.031250
vt 0.296875 0.015625
vt 0.281250 0.015625
vt 0.312500 0.031250
vt 0.296875 0.031250
vt 0.328125 0.015625
vt 0.312500 0.015625
vt 0.343750 0.031250
vt 0.328125 0.031250
vt 0.343750 0.015625
vt 0.359375 0.031250
vt 0.359375 0.015625
vt 0.375000 0.031250
vt 0.375000 0.015625
vt 0.390625 0.031250
vt 0.406250 0.015625
vt 0.390625 0.015625
vt 0.421875 0.031250
vt 0.406250 0.031250
vt 0.421875 0.015625
vt 0.437500 0.031250
vt 0.453125 0.015625
vt 0.437500 0.015625
vt 0.468750 0.031250
vt 0.453125 0.031250
vt 0.484375 0.015625
vt 0.468750 0.015625
vt 0.500000 0.031250
vt 0.484375 0.031250
vt 0.515625 0.015625
vt 0.500000 0.015625
vt 0.531250 0.031250
vt 0.515625 0.031250
vt 0.546875 0.015625
vt 0.531250 0.015625
vt 0.562500 0.031250
vt 0.546875 0.031250
vt 0.578125 0.015625
vt 0.562500 0.015625
vt 0.593750 0.015625
vt 0.578125 0.031250
vt 0.609375 0.015625
vt 0.593750 0.031250
vt 0.625000 0.015625
vt 0.609375 0.031250
vt 0.640625 0.015625
vt 0.625000 0.031250
vt 0.656250 0.015625
vt 0.640625 0.031250
vt 0.671875 0.015625
vt 0.656250 0.031250
vt 0.687500 0.031250
vt 0.671875 0.031250
vt 0.703125 0.015625
vt 0.687500 0.015625
vt 0.718750 0.015625
vt 0.703125 0.031250
vt 0.734375 0.015625
vt 0.718750 0.031250
vt 0.750000 0.031250
vt 0.734375 0.031250
vt 0.765625 0.015625
vt 0.750000 0.015625
vt 0.781250 0.015625
vt 0.765625 0.031250
vt 0.796875 0.031250
vt 0.781250 0.031250
vt 0.812500 0.015625
vt 0.796875 0.015625
vt 0.828125 0.015625
vt 0.812500 0.031250
vt 0.843750 0.015625
vt 0.828125 0.031250
vt 0.859375 0.015625
vt 0.843750 0.031250
vt 0.875000 0.031250
vt 0.859375 0.031250
vt 0.890625 0.015625
vt 0.875000 0.015625
vt 0.906250 0.015625
vt 0.890625 0.031250
vt 0.921875 0.015625
vt 0.906250 0.031250
vt 0.937500 0.031250
vt 0.921875 0.031250
vt 0.953125 0.015625
vt 0.937500 0.015625
vt 0.968750 0.031250
vt 0.953125 0.031250
vt 0.984375 0.015625
vt 0.968750 0.015625
vt 0.015625 0.046875
vt 0.031250 0.046875
vt 0.046875 0.046875
vt 0.078125 0.046875
vt 0.062500 0.046875
vt 0.093750 0.046875
vt 0.109375 0.046875
vt 0.125000 0.046875
vt 0.156250 0.046875
vt 0.140625 0.046875
vt 0.171875 0.046875
vt 0.187500 0.046875
vt 0.203125 0.046875
vt 0.234375 0.046875
vt 0.218750 0.046875
vt 0.250000 0.046875
vt 0.265625 0.046875
vt 0.281250 0.046875
vt 0.296875 0.046875
vt 0.312500 0.046875
vt 0.328125 0.046875
vt 0.359375 0.046875
vt 0.343750 0.046875
vt 0.375000 0.046875
vt 0.406250 0.046875
vt 0.390625 0.046875
vt 0.421875 0.046875
vt 0.437500 0.046875
vt 0.468750 0.046875
vt 0.453125 0.046875
vt 0.500000 0.046875
vt 0.484375 0.046875
vt 0.515625 0.046875
vt 0.531250 0.046875
vt 0.562500 0.046875
vt 0.546875 0.046875
vt 0.578125 0.046875
vt 0.593750 0.046875
vt 0.609375 0.046875
vt 0.640625 0.046875
vt 0.625000 0.046875
vt 0.656250 0.046875
vt 0.671875 0.046875
vt 0.687500 0.046875
vt 0.718750 0.046875
vt 0.703125 0.046875
vt 0.734375 0.046875
vt 0.765625 0.046875
vt 0.750000 0.046875
vt 0.796875 0.046875
vt 0.781250 0.046875
vt 0.812500 0.046875
vt 0.828125 0.046875
vt 0.843750 0.046875
vt 0.875000 0.046875
vt 0.859375 0.046875
vt 0.890625 0.046875
vt 0.906250 0.046875
vt 0.921875 0.046875
vt 0.937500 0.046875
vt 0.953125 0.046875
vt 0.968750 0.046875
vt 0.984375 0.046875
vt 0.015625 0.062500
vt 0.031250 0.062500
vt 0.046875 0.062500
vt 0.078125 0.062500
vt 0.062500 0.062500
vt 0.109375 0.062500
vt 0.093750 0.062500
vt 0.125000 0.062500
vt 0.156250 0.062500
vt 0.140625 0.062500
vt 0.171875 0.062500
vt 0.203125 0.062500
vt 0.187500 0.062500
vt 0.218750 0.062500
vt 0.234375 0.062500
vt 0.250000 0.062500
vt 0.265625 0.062500
vt 0.281250 0.062500
vt 0.312500 0.062500
vt 0.296875 0.062500
vt 0.328125 0.062500
vt 0.359375 0.062500
vt 0.343750 0.062500
vt 0.375000 0.062500
vt 0.390625 0.062500
vt 0.406250 0.062500
vt 0.437500 0.062500
vt 0.421875 0.062500
vt 0.453125 0.062500
vt 0.468750 0.062500
vt 0.500000 0.062500
vt 0.484375 0.062500
vt 0.531250 0.062500
vt 0.515625 0.062500
vt 0.562500 0.062500
vt 0.546875 0.062500
vt 0.593750 0.062500
vt 0.578125 0.062500
vt 0.609375 0.062500
vt 0.625000 0.062500
vt 0.640625 0.062500
vt 0.671875 0.062500
vt 0.656250 0.062500
vt 0.687500 0.062500
vt 0.718750 0.062500
vt 0.703125 0.062500
vt 0.734375 0.062500
vt 0.765625 0.062500
vt 0.750000 0.062500
vt 0.781250 0.062500
vt 0.812500 0.062500
vt 0.796875 0.062500
vt 0.828125 0.062500
vt 0.843750 0.062500
vt 0.875000 0.062500
vt 0.859375 0.062500
vt 0.890625 0.062500
vt 0.906250 0.062500
vt 0.937500 0.062500
vt 0.921875 0.062500
vt 0.953125 0.062500
vt 0.968750 0.062500
vt 0.015625 0.078125
vt 0.031250 0.078125
vt 0.062500 0.078125
vt 0.046875 0.078125
vt 0.078125 0.078125
vt 0.093750 0.078125
vt 0.125000 0.078125
vt 0.109375 0.078125
vt 0.156250 0.078125
vt 0.140625 0.078125
vt 0.187500 0.078125
vt 0.171875 0.078125
vt 0.218750 0.078125
vt 0.203125 0.078125
vt 0.234375 0.078125
vt 0.265625 0.078125
vt 0.250000 0.078125
vt 0.281250 0.078125
vt 0.312500 0.078125
vt 0.296875 0.078125
vt 0.343750 0.078125
vt 0.328125 0.078125
vt 0.359375 0.078125
vt 0.375000 0.078125
vt 0.406250 0.078125
vt 0.390625 0.078125
vt 0.421875 0.078125
vt 0.437500 0.078125
vt 0.468750 0.078125
vt 0.453125 0.078125
vt 0.500000 0.078125
vt 0.484375 0.078125
vt 0.531250 0.078125
vt 0.515625 0.078125
vt 0.546875 0.078125
vt 0.562500 0.078125
vt 0.593750 0.078125
vt 0.578125 0.078125
vt 0.609375 0.078125
vt 0.625000 0.078125
vt 0.640625 0.078125
vt 0.656250 0.078125
vt 0.687500 0.078125
vt 0.671875 0.078125
vt 0.718750 0.078125
vt 0.703125 0.078125
vt 0.734375 0.078125
vt 0.750000 0.078125
vt 0.781250 0.078125
vt 0.765625 0.078125
vt 0.796875 0.078125
vt 0.812500 0.078125
vt 0.843750 0.078125
vt 0.828125 0.078125
vt 0.859375 0.078125
vt 0.890625 0.078125
vt 0.875000 0.078125
vt 0.906250 0.078125
vt 0.921875 0.078125
vt 0.953125 0.078125
vt 0.937500 0.078125
vt 0.968750 0.078125
vt 0.984375 0.078125
vt 0.031250 0.093750
vt 0.015625 0.093750
vt 0.046875 0.093750
vt 0.062500 0.093750
vt 0.078125 0.093750
vt 0.093750 0.093750
vt 0.125000 0.093750
vt 0.109375 0.093750
vt 0.140625 0.093750
vt 0.171875 0.093750
vt 0.156250 0.093750
vt 0.187500 0.093750
vt 0.218750 0.093750
vt 0.203125 0.093750
vt 0.234375 0.093750
vt 0.250000 0.093750
vt 0.265625 0.093750
vt 0.281250 0.093750
vt 0.312500 0.093750
vt 0.296875 0.093750
vt 0.343750 0.093750
vt 0.328125 0.093750
vt 0.359375 0.093750
vt 0.375000 0.093750
vt 0.406250 0.093750
vt 0.390625 0.093750
vt 0.421875 0.093750
vt 0.437500 0.093750
vt 0.468750 0.093750
vt 0.453125 0.093750
vt 0.500000 0.093750
vt 0.484375 0.093750
vt 0.515625 0.093750
vt 0.546875 0.093750
vt 0.531250 0.093750
vt 0.562500 0.093750
vt 0.578125 0.093750
vt 0.593750 0.093750
vt 0.625000 0.093750
vt 0.609375 0.093750
vt 0.640625 0.093750
vt 0.671875 0.093750
vt 0.656250 0.093750
vt 0.687500 0.093750
vt 0.718750 0.093750
vt 0.703125 0.093750
vt 0.734375 0.093750
vt 0.750000 0.093750
vt 0.765625 0.093750
vt 0.781250 0.093750
vt 0.796875 0.093750
vt 0.828125 0.093750
vt 0.812500 0.093750
vt 0.859375 0.093750
vt 0.843750 0.093750
vt 0.875000 0.093750
vt 0.906250 0.093750
vt 0.890625 0.093750
vt 0.921875 0.093750
vt 0.937500 0.093750
vt 0.968750 0.093750
vt 0.953125 0.093750
vt 0.015625 0.109375
vt 0.031250 0.109375
vt 0.046875 0.109375
vt 0.062500 0.109375
vt 0.078125 0.109375
vt 0.093750 0.109375
vt 0.109375 0.109375
vt 0.125000 0.109375
vt 0.156250 0.109375
vt 0.140625 0.109375
vt 0.171875 0.109375
vt 0.203125 0.109375
vt 0.187500 0.109375
vt 0.218750 0.109375
vt 0.234375 0.109375
vt 0.250000 0.109375
vt 0.281250 0.109375
vt 0.265625 0.109375
vt 0.312500 0.109375
vt 0.296875 0.109375
vt 0.343750 0.109375
vt 0.328125 0.109375
vt 0.359375 0.109375
vt 0.375000 0.109375
vt 0.390625 0.109375
vt 0.406250 0.109375
vt 0.421875 0.109375
vt 0.453125 0.109375
vt 0.437500 0.109375
vt 0.468750 0.109375
vt 0.484375 0.109375
vt 0.515625 0.109375
vt 0.500000 0.109375
vt 0.546875 0.109375
vt 0.531250 0.109375
vt 0.562500 0.109375
vt 0.593750 0.109375
vt 0.578125 0.109375
vt 0.609375 0.109375
vt 0.625000 0.109375
vt 0.656250 0.109375
vt 0.640625 0.109375
vt 0.687500 0.109375
vt 0.671875 0.109375
vt 0.718750 0.109375
vt 0.703125 0.109375
vt 0.750000 0.109375
vt 0.734375 0.109375
vt 0.781250 0.109375
vt 0.765625 0.109375
vt 0.812500 0.109375
vt 0.796875 0.109375
vt 0.828125 0.109375
vt 0.859375 0.109375
vt 0.843750 0.109375
vt 0.875000 0.109375
vt 0.890625 0.109375
vt 0.906250 0.109375
vt 0.921875 0.109375
vt 0.953125 0.109375
vt 0.937500 0.109375
vt 0.968750 0.109375
vt 0.984375 0.109375
vt 0.031250 0.125000
vt 0.015625 0.125000
vt 0.046875 0.125000
vt 0.078125 0.125000
vt 0.062500 0.125000
vt 0.093750 0.125000
vt 0.125000 0.125000
vt 0.109375 0.125000
vt 0.140625 0.125000
vt 0.156250 0.125000
vt 0.171875 0.125000
vt 0.187500 0.125000
vt 0.203125 0.125000
vt 0.218750 0.125000
vt 0.234375 0.125000
vt 0.265625 0.125000
vt 0.250000 0.125000
vt 0.281250 0.125000
vt 0.296875 0.125000
vt 0.312500 0.125000
vt 0.328125 0.125000
vt 0.343750 0.125000
vt 0.375000 0.125000
vt 0.359375 0.125000
vt 0.406250 0.125000
vt 0.390625 0.125000
vt 0.421875 0.125000
vt 0.437500 0.125000
vt 0.453125 0.125000
vt 0.484375 0.125000
vt 0.468750 0.125000
vt 0.500000 0.125000
vt 0.515625 0.125000
vt 0.546875 0.125000
vt 0.531250 0.125000
vt 0.562500 0.125000
vt 0.593750 0.125000
vt 0.578125 0.125000
vt 0.625000 0.125000
vt 0.609375 0.125000
vt 0.656250 0.125000
vt 0.640625 0.125000
vt 0.671875 0.125000
vt 0.687500 0.125000
vt 0.703125 0.125000
vt 0.718750 0.125000
vt 0.734375 0.125000
vt 0.750000 0.125000
vt 0.781250 0.125000
vt 0.765625 0.125000
vt 0.812500 0.125000
vt 0.796875 0.125000
vt 0.843750 0.125000
vt 0.828125 0.125000
vt 0.875000 0.125000
vt 0.859375 0.125000
vt 0.890625 0.125000
vt 0.906250 0.125000
vt 0.921875 0.125000
vt 0.937500 0.125000
vt 0.968750 0.125000
vt 0.953125 0.125000
vt 0.031250 0.140625
vt 0.015625 0.140625
vt 0.062500 0.140625
vt 0.046875 0.140625
vt 0.078125 0.140625
vt 0.093750 0.140625
vt 0.109375 0.140625
vt 0.125000 0.140625
vt 0.140625 0.140625
vt 0.171875 0.140625
vt 0.156250 0.140625
vt 0.187500 0.140625
vt 0.218750 0.140625
vt 0.203125 0.140625
vt 0.234375 0.140625
vt 0.265625 0.140625
vt 0.250000 0.140625
vt 0.281250 0.140625
vt 0.296875 0.140625
vt 0.312500 0.140625
vt 0.328125 0.140625
vt 0.359375 0.140625
vt 0.343750 0.140625
vt 0.375000 0.140625
vt 0.390625 0.140625
vt 0.406250 0.140625
vt 0.421875 0.140625
vt 0.453125 0.140625
vt 0.437500 0.140625
vt 0.484375 0.140625
vt 0.468750 0.140625
vt 0.500000 0.140625
vt 0.531250 0.140625
vt 0.515625 0.140625
vt 0.546875 0.140625
vt 0.562500 0.140625
vt 0.578125 0.140625
vt 0.593750 0.140625
vt 0.625000 0.140625
vt 0.609375 0.140625
vt 0.656250 0.140625
vt 0.640625 0.140625
vt 0.671875 0.140625
vt 0.703125 0.140625
vt 0.687500 0.140625
vt 0.718750 0.140625
vt 0.734375 0.140625
vt 0.750000 0.140625
vt 0.765625 0.140625
vt 0.781250 0.140625
vt 0.796875 0.140625
vt 0.812500 0.140625
vt 0.843750 0.140625
vt 0.828125 0.140625
vt 0.859375 0.140625
vt 0.875000 0.140625
vt 0.890625 0.140625
vt 0.906250 0.140625
vt 0.921875 0.140625
vt 0.953125 0.140625
vt 0.937500 0.140625
vt 0.968750 0.140625
vt 0.984375 0.125000
vt 0.015625 0.156250
vt 0.031250 0.156250
vt 0.062500 0.156250
vt 0.046875 0.156250
vt 0.078125 0.156250
vt 0.109375 0.156250
vt 0.093750 0.156250
vt 0.125000 0.156250
vt 0.140625 0.156250
vt 0.156250 0.156250
vt 0.171875 0.156250
vt 0.187500 0.156250
vt 0.218750 0.156250
vt 0.203125 0.156250
vt 0.234375 0.156250
vt 0.265625 0.156250
vt 0.250000 0.156250
vt 0.296875 0.156250
vt 0.281250 0.156250
vt 0.312500 0.156250
vt 0.328125 0.156250
vt 0.343750 0.156250
vt 0.359375 0.156250
vt 0.375000 0.156250
vt 0.390625 0.156250
vt 0.406250 0.156250
vt 0.421875 0.156250
vt 0.453125 0.156250
vt 0.437500 0.156250
vt 0.468750 0.156250
vt 0.484375 0.156250
vt 0.515625 0.156250
vt 0.500000 0.156250
vt 0.546875 0.156250
vt 0.531250 0.156250
vt 0.578125 0.156250
vt 0.562500 0.156250
vt 0.593750 0.156250
vt 0.609375 0.156250
vt 0.625000 0.156250
vt 0.640625 0.156250
vt 0.671875 0.156250
vt 0.656250 0.156250
vt 0.703125 0.156250
vt 0.687500 0.156250
vt 0.718750 0.156250
vt 0.750000 0.156250
vt 0.734375 0.156250
vt 0.765625 0.156250
vt 0.781250 0.156250
vt 0.796875 0.156250
vt 0.812500 0.156250
vt 0.828125 0.156250
vt 0.859375 0.156250
vt 0.843750 0.156250
vt 0.875000 0.156250
vt 0.890625 0.156250
vt 0.906250 0.156250
vt 0.921875 0.156250
vt 0.937500 0.156250
vt 0.953125 0.156250
vt 0.984375 0.140625
vt 0.968750 0.156250
vt 0.015625 0.171875
vt 0.031250 0.171875
vt 0.046875 0.171875
vt 0.078125 0.171875
vt 0.062500 0.171875
vt 0.093750 0.171875
vt 0.125000 0.171875
vt 0.109375 0.171875
vt 0.156250 0.171875
vt 0.140625 0.171875
vt 0.171875 0.171875
vt 0.187500 0.171875
vt 0.218750 0.171875
vt 0.203125 0.171875
vt 0.234375 0.171875
vt 0.265625 0.171875
vt 0.250000 0.171875
vt 0.281250 0.171875
vt 0.312500 0.171875
vt 0.296875 0.171875
vt 0.343750 0.171875
vt 0.328125 0.171875
vt 0.375000 0.171875
vt 0.359375 0.171875
vt 0.406250 0.171875
vt 0.390625 0.171875
vt 0.421875 0.171875
vt 0.453125 0.171875
vt 0.437500 0.171875
vt 0.484375 0.171875
vt 0.468750 0.171875
vt 0.500000 0.171875
vt 0.515625 0.171875
vt 0.546875 0.171875
vt 0.531250 0.171875
vt 0.578125 0.171875
vt 0.562500 0.171875
vt 0.593750 0.171875
vt 0.625000 0.171875
vt 0.609375 0.171875
vt 0.656250 0.171875
vt 0.640625 0.171875
vt 0.671875 0.171875
vt 0.703125 0.171875
vt 0.687500 0.171875
vt 0.718750 0.171875
vt 0.734375 0.171875
vt 0.765625 0.171875
vt 0.750000 0.171875
vt 0.781250 0.171875
vt 0.796875 0.171875
vt 0.812500 0.171875
vt 0.828125 0.171875
vt 0.843750 0.171875
vt 0.875000 0.171875
vt 0.859375 0.171875
vt 0.890625 0.171875
vt 0.906250 0.171875
vt 0.937500 0.171875
vt 0.921875 0.171875
vt 0.968750 0.171875
vt 0.953125 0.171875
vt 0.984375 0.171875
vt 0.015625 0.187500
vt 0.046875 0.187500
vt 0.031250 0.187500
vt 0.062500 0.187500
vt 0.078125 0.187500
vt 0.093750 0.187500
vt 0.125000 0.187500
vt 0.109375 0.187500
vt 0.140625 0.187500
vt 0.156250 0.187500
vt 0.187500 0.187500
vt 0.171875 0.187500
vt 0.203125 0.187500
vt 0.218750 0.187500
vt 0.234375 0.187500
vt 0.265625 0.187500
vt 0.250000 0.187500
vt 0.281250 0.187500
vt 0.312500 0.187500
vt 0.296875 0.187500
vt 0.328125 0.187500
vt 0.343750 0.187500
vt 0.375000 0.187500
vt 0.359375 0.187500
vt 0.406250 0.187500
vt 0.390625 0.187500
vt 0.421875 0.187500
vt 0.437500 0.187500
vt 0.453125 0.187500
vt 0.468750 0.187500
vt 0.500000 0.187500
vt 0.484375 0.187500
vt 0.515625 0.187500
vt 0.531250 0.187500
vt 0.562500 0.187500
vt 0.546875 0.187500
vt 0.578125 0.187500
vt 0.609375 0.187500
vt 0.593750 0.187500
vt 0.625000 0.187500
vt 0.656250 0.187500
vt 0.640625 0.187500
vt 0.687500 0.187500
vt 0.671875 0.187500
vt 0.703125 0.187500
vt 0.734375 0.187500
vt 0.718750 0.187500
vt 0.765625 0.187500
vt 0.750000 0.187500
vt 0.781250 0.187500
vt 0.796875 0.187500
vt 0.812500 0.187500
vt 0.828125 0.187500
vt 0.843750 0.187500
vt 0.859375 0.187500
vt 0.875000 0.187500
vt 0.890625 0.187500
vt 0.921875 0.187500
vt 0.906250 0.187500
vt 0.953125 0.187500
vt 0.937500 0.187500
vt 0.968750 0.187500
vt 0.031250 0.203125
vt 0.015625 0.203125
vt 0.046875 0.203125
vt 0.062500 0.203125
vt 0.078125 0.203125
vt 0.093750 0.203125
vt 0.109375 0.203125
vt 0.125000 0.203125
vt 0.156250 0.203125
vt 0.140625 0.203125
vt 0.171875 0.203125
vt 0.187500 0.203125
vt 0.203125 0.203125
vt 0.218750 0.203125
vt 0.234375 0.203125
vt 0.265625 0.203125
vt 0.250000 0.203125
vt 0.281250 0.203125
vt 0.312500 0.203125
vt 0.296875 0.203125
vt 0.328125 0.203125
vt 0.359375 0.203125
vt 0.343750 0.203125
vt 0.375000 0.203125
vt 0.390625 0.203125
vt 0.421875 0.203125
vt 0.406250 0.203125
vt 0.453125 0.203125
vt 0.437500 0.203125
vt 0.484375 0.203125
vt 0.468750 0.203125
vt 0.515625 0.203125
vt 0.500000 0.203125
vt 0.546875 0.203125
vt 0.531250 0.203125
vt 0.562500 0.203125
vt 0.593750 0.203125
vt 0.578125 0.203125
vt 0.625000 0.203125
vt 0.609375 0.203125
vt 0.640625 0.203125
vt 0.656250 0.203125
vt 0.687500 0.203125
vt 0.671875 0.203125
vt 0.703125 0.203125
vt 0.718750 0.203125
vt 0.750000 0.203125
vt 0.734375 0.203125
vt 0.781250 0.203125
vt 0.765625 0.203125
vt 0.812500 0.203125
vt 0.796875 0.203125
vt 0.828125 0.203125
vt 0.843750 0.203125
vt 0.859375 0.203125
vt 0.875000 0.203125
vt 0.906250 0.203125
vt 0.890625 0.203125
vt 0.921875 0.203125
vt 0.937500 0.203125
vt 0.953125 0.203125
vt 0.984375 0.187500
vt 0.968750 0.203125
vt 0.015625 0.218750
vt 0.031250 0.218750
vt 0.046875 0.218750
vt 0.062500 0.218750
vt 0.093750 0.218750
vt 0.078125 0.218750
vt 0.109375 0.218750
vt 0.125000 0.218750
vt 0.140625 0.218750
vt 0.171875 0.218750
vt 0.156250 0.218750
vt 0.203125 0.218750
vt 0.187500 0.218750
vt 0.218750 0.218750
vt 0.234375 0.218750
vt 0.265625 0.218750
vt 0.250000 0.218750
vt 0.281250 0.218750
vt 0.312500 0.218750
vt 0.296875 0.218750
vt 0.343750 0.218750
vt 0.328125 0.218750
vt 0.359375 0.218750
vt 0.375000 0.218750
vt 0.406250 0.218750
vt 0.390625 0.218750
vt 0.437500 0.218750
vt 0.421875 0.218750
vt 0.453125 0.218750
vt 0.484375 0.218750
vt 0.468750 0.218750
vt 0.500000 0.218750
vt 0.515625 0.218750
vt 0.546875 0.218750
vt 0.531250 0.218750
vt 0.578125 0.218750
vt 0.562500 0.218750
vt 0.593750 0.218750
vt 0.609375 0.218750
vt 0.625000 0.218750
vt 0.640625 0.218750
vt 0.656250 0.218750
vt 0.687500 0.218750
vt 0.671875 0.218750
vt 0.718750 0.218750
vt 0.703125 0.218750
vt 0.734375 0.218750
vt 0.750000 0.218750
vt 0.781250 0.218750
vt 0.765625 0.218750
vt 0.796875 0.218750
vt 0.812500 0.218750
vt 0.828125 0.218750
vt 0.843750 0.218750
vt 0.875000 0.218750
vt 0.859375 0.218750
vt 0.890625 0.218750
vt 0.906250 0.218750
vt 0.921875 0.218750
vt 0.937500 0.218750
vt 0.968750 0.218750
vt 0.953125 0.218750
vt 0.984375 0.218750
vt 0.031250 0.234375
vt 0.015625 0.234375
vt 0.046875 0.234375
vt 0.062500 0.234375
vt 0.093750 0.234375
vt 0.078125 0.234375
vt 0.109375 0.234375
vt 0.125000 0.234375
vt 0.140625 0.234375
vt 0.156250 0.234375
vt 0.171875 0.234375
vt 0.187500 0.234375
vt 0.203125 0.234375
vt 0.218750 0.234375
vt 0.250000 0.234375
vt 0.234375 0.234375
vt 0.265625 0.234375
vt 0.281250 0.234375
vt 0.312500 0.234375
vt 0.296875 0.234375
vt 0.343750 0.234375
vt 0.328125 0.234375
vt 0.359375 0.234375
vt 0.390625 0.234375
vt 0.375000 0.234375
vt 0.406250 0.234375
vt 0.421875 0.234375
vt 0.437500 0.234375
vt 0.453125 0.234375
vt 0.468750 0.234375
vt 0.484375 0.234375
vt 0.500000 0.234375
vt 0.531250 0.234375
vt 0.515625 0.234375
vt 0.546875 0.234375
vt 0.562500 0.234375
vt 0.578125 0.234375
vt 0.593750 0.234375
vt 0.609375 0.234375
vt 0.640625 0.234375
vt 0.625000 0.234375
vt 0.656250 0.234375
vt 0.671875 0.234375
vt 0.687500 0.234375
vt 0.703125 0.234375
vt 0.718750 0.234375
vt 0.734375 0.234375
vt 0.765625 0.234375
vt 0.750000 0.234375
vt 0.781250 0.234375
vt 0.796875 0.234375
vt 0.828125 0.234375
vt 0.812500 0.234375
vt 0.843750 0.234375
vt 0.859375 0.234375
vt 0.890625 0.234375
vt 0.875000 0.234375
vt 0.921875 0.234375
vt 0.906250 0.234375
vt 0.953125 0.234375
vt 0.937500 0.234375
vt 0.968750 0.234375
vt 0.015625 0.250000
vt 0.031250 0.250000
vt 0.046875 0.250000
vt 0.062500 0.250000
vt 0.093750 0.250000
vt 0.078125 0.250000
vt 0.109375 0.250000
vt 0.125000 0.250000
vt 0.140625 0.250000
vt 0.171875 0.250000
vt 0.156250 0.250000
vt 0.187500 0.250000
vt 0.203125 0.250000
vt 0.218750 0.250000
vt 0.234375 0.250000
vt 0.250000 0.250000
vt 0.281250 0.250000
vt 0.265625 0.250000
vt 0.296875 0.250000
vt 0.312500 0.250000
vt 0.343750 0.250000
vt 0.328125 0.250000
vt 0.359375 0.250000
vt 0.375000 0.250000
vt 0.390625 0.250000
vt 0.406250 0.250000
vt 0.421875 0.250000
vt 0.437500 0.250000
vt 0.468750 0.250000
vt 0.453125 0.250000
vt 0.484375 0.250000
vt 0.500000 0.250000
vt 0.515625 0.250000
vt 0.531250 0.250000
vt 0.562500 0.250000
vt 0.546875 0.250000
vt 0.578125 0.250000
vt 0.609375 0.250000
vt 0.593750 0.250000
vt 0.625000 0.250000
vt 0.640625 0.250000
vt 0.671875 0.250000
vt 0.656250 0.250000
vt 0.687500 0.250000
vt 0.703125 0.250000
vt 0.718750 0.250000
vt 0.734375 0.250000
vt 0.750000 0.250000
vt 0.765625 0.250000
vt 0.781250 0.250000
vt 0.796875 0.250000
vt 0.828125 0.250000
vt 0.812500 0.250000
vt 0.859375 0.250000
vt 0.843750 0.250000
vt 0.890625 0.250000
vt 0.875000 0.250000
vt 0.906250 0.250000
vt 0.921875 0.250000
vt 0.953125 0.250000
vt 0.937500 0.250000
vt 0.984375 0.234375
vt 0.968750 0.250000
vt 0.015625 0.265625
vt 0.031250 0.265625
vt 0.046875 0.265625
vt 0.078125 0.265625
vt 0.062500 0.265625
vt 0.093750 0.265625
vt 0.125000 0.265625
vt 0.109375 0.265625
vt 0.156250 0.265625
vt 0.140625 0.265625
vt 0.187500 0.265625
vt 0.171875 0.265625
vt 0.203125 0.265625
vt 0.218750 0.265625
vt 0.234375 0.265625
vt 0.265625 0.265625
vt 0.250000 0.265625
vt 0.281250 0.265625
vt 0.296875 0.265625
vt 0.328125 0.265625
vt 0.312500 0.265625
vt 0.359375 0.265625
vt 0.343750 0.265625
vt 0.375000 0.265625
vt 0.390625 0.265625
vt 0.406250 0.265625
vt 0.421875 0.265625
vt 0.453125 0.265625
vt 0.437500 0.265625
vt 0.468750 0.265625
vt 0.500000 0.265625
vt 0.484375 0.265625
vt 0.515625 0.265625
vt 0.546875 0.265625
vt 0.531250 0.265625
vt 0.562500 0.265625
vt 0.578125 0.265625
vt 0.593750 0.265625
vt 0.609375 0.265625
vt 0.640625 0.265625
vt 0.625000 0.265625
vt 0.671875 0.265625
vt 0.656250 0.265625
vt 0.703125 0.265625
vt 0.687500 0.265625
vt 0.734375 0.265625
vt 0.718750 0.265625
vt 0.750000 0.265625
vt 0.765625 0.265625
vt 0.796875 0.265625
vt 0.781250 0.265625
vt 0.812500 0.265625
vt 0.828125 0.265625
vt 0.843750 0.265625
vt 0.859375 0.265625
vt 0.875000 0.265625
vt 0.890625 0.265625
vt 0.921875 0.265625
vt 0.906250 0.265625
vt 0.953125 0.265625
vt 0.937500 0.265625
vt 0.968750 0.265625
vt 0.984375 0.265625
vt 0.015625 0.281250
vt 0.046875 0.281250
vt 0.031250 0.281250
vt 0.062500 0.281250
vt 0.078125 0.281250
vt 0.109375 0.281250
vt 0.093750 0.281250
vt 0.125000 0.281250
vt 0.140625 0.281250
vt 0.156250 0.281250
vt 0.187500 0.281250
vt 0.171875 0.281250
vt 0.203125 0.281250
vt 0.218750 0.281250
vt 0.234375 0.281250
vt 0.250000 0.281250
vt 0.265625 0.281250
vt 0.281250 0.281250
vt 0.296875 0.281250
vt 0.328125 0.281250
vt 0.312500 0.281250
vt 0.343750 0.281250
vt 0.359375 0.281250
vt 0.375000 0.281250
vt 0.390625 0.281250
vt 0.406250 0.281250
vt 0.421875 0.281250
vt 0.453125 0.281250
vt 0.437500 0.281250
vt 0.468750 0.281250
vt 0.500000 0.281250
vt 0.484375 0.281250
vt 0.531250 0.281250
vt 0.515625 0.281250
vt 0.546875 0.281250
vt 0.562500 0.281250
vt 0.593750 0.281250
vt 0.578125 0.281250
vt 0.609375 0.281250
vt 0.640625 0.281250
vt 0.625000 0.281250
vt 0.656250 0.281250
vt 0.671875 0.281250
vt 0.703125 0.281250
vt 0.687500 0.281250
vt 0.734375 0.281250
vt 0.718750 0.281250
vt 0.765625 0.281250
vt 0.750000 0.281250
vt 0.781250 0.281250
vt 0.812500 0.281250
vt 0.796875 0.281250
vt 0.843750 0.281250
vt 0.828125 0.281250
vt 0.859375 0.281250
vt 0.875000 0.281250
vt 0.890625 0.281250
vt 0.921875 0.281250
vt 0.906250 0.281250
vt 0.953125 0.281250
vt 0.937500 0.281250
vt 0.968750 0.281250
vt 0.015625 0.296875
vt 0.031250 0.296875
vt 0.046875 0.296875
vt 0.062500 0.296875
vt 0.093750 0.296875
vt 0.078125 0.296875
vt 0.109375 0.296875
vt 0.125000 0.296875
vt 0.140625 0.296875
vt 0.171875 0.296875
vt 0.156250 0.296875
vt 0.187500 0.296875
vt 0.203125 0.296875
vt 0.234375 0.296875
vt 0.218750 0.296875
vt 0.265625 0.296875
vt 0.250000 0.296875
vt 0.281250 0.296875
vt 0.312500 0.296875
vt 0.296875 0.296875
vt 0.328125 0.296875
vt 0.343750 0.296875
vt 0.375000 0.296875
vt 0.359375 0.296875
vt 0.390625 0.296875
vt 0.421875 0.296875
vt 0.406250 0.296875
vt 0.437500 0.296875
vt 0.453125 0.296875
vt 0.468750 0.296875
vt 0.500000 0.296875
vt 0.484375 0.296875
vt 0.531250 0.296875
vt 0.515625 0.296875
vt 0.562500 0.296875
vt 0.546875 0.296875
vt 0.578125 0.296875
vt 0.609375 0.296875
vt 0.593750 0.296875
vt 0.625000 0.296875
vt 0.640625 0.296875
vt 0.656250 0.296875
vt 0.671875 0.296875
vt 0.687500 0.296875
vt 0.703125 0.296875
vt 0.734375 0.296875
vt 0.718750 0.296875
vt 0.765625 0.296875
vt 0.750000 0.296875
vt 0.781250 0.296875
vt 0.812500 0.296875
vt 0.796875 0.296875
vt 0.828125 0.296875
vt 0.859375 0.296875
vt 0.843750 0.296875
vt 0.875000 0.296875
vt 0.890625 0.296875
vt 0.921875 0.296875
vt 0.906250 0.296875
vt 0.937500 0.296875
vt 0.953125 0.296875
vt 0.984375 0.296875
vt 0.968750 0.296875
vt 0.031250 0.312500
vt 0.015625 0.312500
vt 0.046875 0.312500
vt 0.078125 0.312500
vt 0.062500 0.312500
vt 0.093750 0.312500
vt 0.125000 0.312500
vt 0.109375 0.312500
vt 0.140625 0.312500
vt 0.156250 0.312500
vt 0.171875 0.312500
vt 0.203125 0.312500
vt 0.187500 0.312500
vt 0.234375 0.312500
vt 0.218750 0.312500
vt 0.265625 0.312500
vt 0.250000 0.312500
vt 0.281250 0.312500
vt 0.312500 0.312500
vt 0.296875 0.312500
vt 0.328125 0.312500
vt 0.359375 0.312500
vt 0.343750 0.312500
vt 0.375000 0.312500
vt 0.406250 0.312500
vt 0.390625 0.312500
vt 0.421875 0.312500
vt 0.437500 0.312500
vt 0.468750 0.312500
vt 0.453125 0.312500
vt 0.500000 0.312500
vt 0.484375 0.312500
vt 0.531250 0.312500
vt 0.515625 0.312500
vt 0.562500 0.312500
vt 0.546875 0.312500
vt 0.578125 0.312500
vt 0.593750 0.312500
vt 0.625000 0.312500
vt 0.609375 0.312500
vt 0.640625 0.312500
vt 0.671875 0.312500
vt 0.656250 0.312500
vt 0.687500 0.312500
vt 0.703125 0.312500
vt 0.734375 0.312500
vt 0.718750 0.312500
vt 0.750000 0.312500
vt 0.765625 0.312500
vt 0.781250 0.312500
vt 0.812500 0.312500
vt 0.796875 0.312500
vt 0.843750 0.312500
vt 0.828125 0.312500
vt 0.859375 0.312500
vt 0.875000 0.312500
vt 0.890625 0.312500
vt 0.906250 0.312500
vt 0.921875 0.312500
vt 0.937500 0.312500
vt 0.953125 0.312500
vt 0.968750 0.312500
vt 0.015625 0.328125
vt 0.031250 0.328125
vt 0.062500 0.328125
vt 0.046875 0.328125
vt 0.078125 0.328125
vt 0.093750 0.328125
vt 0.125000 0.328125
vt 0.109375 0.328125
vt 0.140625 0.328125
vt 0.156250 0.328125
vt 0.187500 0.328125
vt 0.171875 0.328125
vt 0.218750 0.328125
vt 0.203125 0.328125
vt 0.234375 0.328125
vt 0.250000 0.328125
vt 0.265625 0.328125
vt 0.281250 0.328125
vt 0.296875 0.328125
vt 0.328125 0.328125
vt 0.312500 0.328125
vt 0.343750 0.328125
vt 0.375000 0.328125
vt 0.359375 0.328125
vt 0.406250 0.328125
vt 0.390625 0.328125
vt 0.421875 0.328125
vt 0.437500 0.328125
vt 0.468750 0.328125
vt 0.453125 0.328125
vt 0.484375 0.328125
vt 0.500000 0.328125
vt 0.531250 0.328125
vt 0.515625 0.328125
vt 0.562500 0.328125
vt 0.546875 0.328125
vt 0.578125 0.328125
vt 0.593750 0.328125
vt 0.625000 0.328125
vt 0.609375 0.328125
vt 0.640625 0.328125
vt 0.656250 0.328125
vt 0.671875 0.328125
vt 0.703125 0.328125
vt 0.687500 0.328125
vt 0.718750 0.328125
vt 0.750000 0.328125
vt 0.734375 0.328125
vt 0.765625 0.328125
vt 0.781250 0.328125
vt 0.812500 0.328125
vt 0.796875 0.328125
vt 0.843750 0.328125
vt 0.828125 0.328125
vt 0.859375 0.328125
vt 0.875000 0.328125
vt 0.890625 0.328125
vt 0.921875 0.328125
vt 0.906250 0.328125
vt 0.937500 0.328125
vt 0.953125 0.328125
vt 0.968750 0.328125
vt 0.984375 0.328125
vt 0.015625 0.343750
vt 0.046875 0.343750
vt 0.031250 0.343750
vt 0.062500 0.343750
vt 0.078125 0.343750
vt 0.093750 0.343750
vt 0.109375 0.343750
vt 0.125000 0.343750
vt 0.140625 0.343750
vt 0.171875 0.343750
vt 0.156250 0.343750
vt 0.187500 0.343750
vt 0.218750 0.343750
vt 0.203125 0.343750
vt 0.234375 0.343750
vt 0.265625 0.343750
vt 0.250000 0.343750
vt 0.281250 0.343750
vt 0.312500 0.343750
vt 0.296875 0.343750
vt 0.328125 0.343750
vt 0.343750 0.343750
vt 0.375000 0.343750
vt 0.359375 0.343750
vt 0.406250 0.343750
vt 0.390625 0.343750
vt 0.437500 0.343750
vt 0.421875 0.343750
vt 0.453125 0.343750
vt 0.468750 0.343750
vt 0.484375 0.343750
vt 0.515625 0.343750
vt 0.500000 0.343750
vt 0.531250 0.343750
vt 0.562500 0.343750
vt 0.546875 0.343750
vt 0.578125 0.343750
vt 0.609375 0.343750
vt 0.593750 0.343750
vt 0.625000 0.343750
vt 0.640625 0.343750
vt 0.656250 0.343750
vt 0.671875 0.343750
vt 0.703125 0.343750
vt 0.687500 0.343750
vt 0.734375 0.343750
vt 0.718750 0.343750
vt 0.765625 0.343750
vt 0.750000 0.343750
vt 0.781250 0.343750
vt 0.796875 0.343750
vt 0.812500 0.343750
vt 0.828125 0.343750
vt 0.859375 0.343750
vt 0.843750 0.343750
vt 0.875000 0.343750
vt 0.890625 0.343750
vt 0.906250 0.343750
vt 0.921875 0.343750
vt 0.953125 0.343750
vt 0.937500 0.343750
vt 0.968750 0.343750
vt 0.984375 0.343750
vt 0.015625 0.359375
vt 0.046875 0.359375
vt 0.031250 0.359375
vt 0.062500 0.359375
vt 0.078125 0.359375
vt 0.093750 0.359375
vt 0.125000 0.359375
vt 0.109375 0.359375
vt 0.140625 0.359375
vt 0.171875 0.359375
vt 0.156250 0.359375
vt 0.203125 0.359375
vt 0.187500 0.359375
vt 0.218750 0.359375
vt 0.234375 0.359375
vt 0.250000 0.359375
vt 0.265625 0.359375
vt 0.281250 0.359375
vt 0.312500 0.359375
vt 0.296875 0.359375
vt 0.343750 0.359375
vt 0.328125 0.359375
vt 0.359375 0.359375
vt 0.375000 0.359375
vt 0.406250 0.359375
vt 0.390625 0.359375
vt 0.421875 0.359375
vt 0.437500 0.359375
vt 0.453125 0.359375
vt 0.484375 0.359375
vt 0.468750 0.359375
vt 0.500000 0.359375
vt 0.515625 0.359375
vt 0.531250 0.359375
vt 0.546875 0.359375
vt 0.562500 0.359375
vt 0.578125 0.359375
vt 0.593750 0.359375
vt 0.625000 0.359375
vt 0.609375 0.359375
vt 0.640625 0.359375
vt 0.656250 0.359375
vt 0.687500 0.359375
vt 0.671875 0.359375
vt 0.703125 0.359375
vt 0.734375 0.359375
vt 0.718750 0.359375
vt 0.765625 0.359375
vt 0.750000 0.359375
vt 0.781250 0.359375
vt 0.812500 0.359375
vt 0.796875 0.359375
vt 0.828125 0.359375
vt 0.843750 0.359375
vt 0.859375 0.359375
vt 0.875000 0.359375
vt 0.906250 0.359375
vt 0.890625 0.359375
vt 0.921875 0.359375
vt 0.937500 0.359375
vt 0.953125 0.359375
vt 0.984375 0.359375
vt 0.968750 0.359375
vt 0.031250 0.375000
vt 0.015625 0.375000
vt 0.046875 0.375000
vt 0.078125 0.375000
vt 0.062500 0.375000
vt 0.093750 0.375000
vt 0.109375 0.375000
vt 0.140625 0.375000
vt 0.125000 0.375000
vt 0.171875 0.375000
vt 0.156250 0.375000
vt 0.203125 0.375000
vt 0.187500 0.375000
vt 0.218750 0.375000
vt 0.234375 0.375000
vt 0.250000 0.375000
vt 0.265625 0.375000
vt 0.296875 0.375000
vt 0.281250 0.375000
vt 0.328125 0.375000
vt 0.312500 0.375000
vt 0.343750 0.375000
vt 0.359375 0.375000
vt 0.375000 0.375000
vt 0.390625 0.375000
vt 0.421875 0.375000
vt 0.406250 0.375000
vt 0.437500 0.375000
vt 0.468750 0.375000
vt 0.453125 0.375000
vt 0.484375 0.375000
vt 0.500000 0.375000
vt 0.531250 0.375000
vt 0.515625 0.375000
vt 0.546875 0.375000
vt 0.578125 0.375000
vt 0.562500 0.375000
vt 0.593750 0.375000
vt 0.609375 0.375000
vt 0.640625 0.375000
vt 0.625000 0.375000
vt 0.671875 0.375000
vt 0.656250 0.375000
vt 0.687500 0.375000
vt 0.703125 0.375000
vt 0.734375 0.375000
vt 0.718750 0.375000
vt 0.750000 0.375000
vt 0.781250 0.375000
vt 0.765625 0.375000
vt 0.796875 0.375000
vt 0.828125 0.375000
vt 0.812500 0.375000
vt 0.843750 0.375000
vt 0.859375 0.375000
vt 0.875000 0.375000
vt 0.890625 0.375000
vt 0.921875 0.375000
vt 0.906250 0.375000
vt 0.937500 0.375000
vt 0.953125 0.375000
vt 0.968750 0.375000
vt 0.984375 0.375000
vt 0.031250 0.390625
vt 0.015625 0.390625
vt 0.046875 0.390625
vt 0.062500 0.390625
vt 0.078125 0.390625
vt 0.093750 0.390625
vt 0.125000 0.390625
vt 0.109375 0.390625
vt 0.140625 0.390625
vt 0.171875 0.390625
vt 0.156250 0.390625
vt 0.203125 0.390625
vt 0.187500 0.390625
vt 0.234375 0.390625
vt 0.218750 0.390625
vt 0.250000 0.390625
vt 0.265625 0.390625
vt 0.296875 0.390625
vt 0.281250 0.390625
vt 0.312500 0.390625
vt 0.328125 0.390625
vt 0.343750 0.390625
vt 0.359375 0.390625
vt 0.390625 0.390625
vt 0.375000 0.390625
vt 0.421875 0.390625
vt 0.406250 0.390625
vt 0.437500 0.390625
vt 0.468750 0.390625
vt 0.453125 0.390625
vt 0.500000 0.390625
vt 0.484375 0.390625
vt 0.531250 0.390625
vt 0.515625 0.390625
vt 0.546875 0.390625
vt 0.562500 0.390625
vt 0.578125 0.390625
vt 0.609375 0.390625
vt 0.593750 0.390625
vt 0.625000 0.390625
vt 0.640625 0.390625
vt 0.671875 0.390625
vt 0.656250 0.390625
vt 0.687500 0.390625
vt 0.703125 0.390625
vt 0.718750 0.390625
vt 0.734375 0.390625
vt 0.750000 0.390625
vt 0.781250 0.390625
vt 0.765625 0.390625
vt 0.796875 0.390625
vt 0.828125 0.390625
vt 0.812500 0.390625
vt 0.843750 0.390625
vt 0.875000 0.390625
vt 0.859375 0.390625
vt 0.890625 0.390625
vt 0.906250 0.390625
vt 0.921875 0.390625
vt 0.937500 0.390625
vt 0.953125 0.390625
vt 0.968750 0.390625
vt 0.015625 0.406250
vt 0.031250 0.406250
vt 0.046875 0.406250
vt 0.062500 0.406250
vt 0.093750 0.406250
vt 0.078125 0.406250
vt 0.109375 0.406250
vt 0.125000 0.406250
vt 0.140625 0.406250
vt 0.156250 0.406250
vt 0.171875 0.406250
vt 0.187500 0.406250
vt 0.218750 0.406250
vt 0.203125 0.406250
vt 0.234375 0.406250
vt 0.250000 0.406250
vt 0.265625 0.406250
vt 0.281250 0.406250
vt 0.312500 0.406250
vt 0.296875 0.406250
vt 0.343750 0.406250
vt 0.328125 0.406250
vt 0.359375 0.406250
vt 0.390625 0.406250
vt 0.375000 0.406250
vt 0.406250 0.406250
vt 0.437500 0.406250
vt 0.421875 0.406250
vt 0.453125 0.406250
vt 0.468750 0.406250
vt 0.500000 0.406250
vt 0.484375 0.406250
vt 0.531250 0.406250
vt 0.515625 0.406250
vt 0.546875 0.406250
vt 0.562500 0.406250
vt 0.593750 0.406250
vt 0.578125 0.406250
vt 0.625000 0.406250
vt 0.609375 0.406250
vt 0.640625 0.406250
vt 0.656250 0.406250
vt 0.687500 0.406250
vt 0.671875 0.406250
vt 0.718750 0.406250
vt 0.703125 0.406250
vt 0.750000 0.406250
vt 0.734375 0.406250
vt 0.765625 0.406250
vt 0.781250 0.406250
vt 0.796875 0.406250
vt 0.828125 0.406250
vt 0.812500 0.406250
vt 0.859375 0.406250
vt 0.843750 0.406250
vt 0.875000 0.406250
vt 0.890625 0.406250
vt 0.906250 0.406250
vt 0.937500 0.406250
vt 0.921875 0.406250
vt 0.968750 0.406250
vt 0.953125 0.406250
vt 0.984375 0.390625
vt 0.031250 0.421875
vt 0.015625 0.421875
vt 0.046875 0.421875
vt 0.078125 0.421875
vt 0.062500 0.421875
vt 0.093750 0.421875
vt 0.109375 0.421875
vt 0.125000 0.421875
vt 0.140625 0.421875
vt 0.171875 0.421875
vt 0.156250 0.421875
vt 0.187500 0.421875
vt 0.203125 0.421875
vt 0.218750 0.421875
vt 0.250000 0.421875
vt 0.234375 0.421875
vt 0.265625 0.421875
vt 0.281250 0.421875
vt 0.312500 0.421875
vt 0.296875 0.421875
vt 0.343750 0.421875
vt 0.328125 0.421875
vt 0.375000 0.421875
vt 0.359375 0.421875
vt 0.390625 0.421875
vt 0.406250 0.421875
vt 0.421875 0.421875
vt 0.437500 0.421875
vt 0.453125 0.421875
vt 0.468750 0.421875
vt 0.500000 0.421875
vt 0.484375 0.421875
vt 0.531250 0.421875
vt 0.515625 0.421875
vt 0.546875 0.421875
vt 0.578125 0.421875
vt 0.562500 0.421875
vt 0.593750 0.421875
vt 0.609375 0.421875
vt 0.625000 0.421875
vt 0.640625 0.421875
vt 0.656250 0.421875
vt 0.687500 0.421875
vt 0.671875 0.421875
vt 0.703125 0.421875
vt 0.734375 0.421875
vt 0.718750 0.421875
vt 0.750000 0.421875
vt 0.765625 0.421875
vt 0.796875 0.421875
vt 0.781250 0.421875
vt 0.812500 0.421875
vt 0.828125 0.421875
vt 0.843750 0.421875
vt 0.859375 0.421875
vt 0.890625 0.421875
vt 0.875000 0.421875
vt 0.906250 0.421875
vt 0.921875 0.421875
vt 0.953125 0.421875
vt 0.937500 0.421875
vt 0.984375 0.406250
vt 0.968750 0.421875
vt 0.031250 0.437500
vt 0.015625 0.437500
vt 0.046875 0.437500
vt 0.062500 0.437500
vt 0.093750 0.437500
vt 0.078125 0.437500
vt 0.109375 0.437500
vt 0.125000 0.437500
vt 0.140625 0.437500
vt 0.156250 0.437500
vt 0.171875 0.437500
vt 0.203125 0.437500
vt 0.187500 0.437500
vt 0.218750 0.437500
vt 0.234375 0.437500
vt 0.265625 0.437500
vt 0.250000 0.437500
vt 0.296875 0.437500
vt 0.281250 0.437500
vt 0.312500 0.437500
vt 0.328125 0.437500
vt 0.343750 0.437500
vt 0.375000 0.437500
vt 0.359375 0.437500
vt 0.390625 0.437500
vt 0.421875 0.437500
vt 0.406250 0.437500
vt 0.437500 0.437500
vt 0.453125 0.437500
vt 0.468750 0.437500
vt 0.484375 0.437500
vt 0.515625 0.437500
vt 0.500000 0.437500
vt 0.546875 0.437500
vt 0.531250 0.437500
vt 0.562500 0.437500
vt 0.578125 0.437500
vt 0.609375 0.437500
vt 0.593750 0.437500
vt 0.625000 0.437500
vt 0.640625 0.437500
vt 0.656250 0.437500
vt 0.687500 0.437500
vt 0.671875 0.437500
vt 0.703125 0.437500
vt 0.734375 0.437500
vt 0.718750 0.437500
vt 0.765625 0.437500
vt 0.750000 0.437500
vt 0.781250 0.437500
vt 0.796875 0.437500
vt 0.828125 0.437500
vt 0.812500 0.437500
vt 0.843750 0.437500
vt 0.875000 0.437500
vt 0.859375 0.437500
vt 0.890625 0.437500
vt 0.906250 0.437500
vt 0.921875 0.437500
vt 0.937500 0.437500
vt 0.968750 0.437500
vt 0.953125 0.437500
vt 0.984375 0.421875
vt 0.015625 0.453125
vt 0.046875 0.453125
vt 0.031250 0.453125
vt 0.062500 0.453125
vt 0.078125 0.453125
vt 0.093750 0.453125
vt 0.109375 0.453125
vt 0.125000 0.453125
vt 0.156250 0.453125
vt 0.140625 0.453125
vt 0.171875 0.453125
vt 0.203125 0.453125
vt 0.187500 0.453125
vt 0.218750 0.453125
vt 0.250000 0.453125
vt 0.234375 0.453125
vt 0.265625 0.453125
vt 0.296875 0.453125
vt 0.281250 0.453125
vt 0.312500 0.453125
vt 0.328125 0.453125
vt 0.343750 0.453125
vt 0.359375 0.453125
vt 0.375000 0.453125
vt 0.390625 0.453125
vt 0.406250 0.453125
vt 0.437500 0.453125
vt 0.421875 0.453125
vt 0.453125 0.453125
vt 0.484375 0.453125
vt 0.468750 0.453125
vt 0.500000 0.453125
vt 0.515625 0.453125
vt 0.546875 0.453125
vt 0.531250 0.453125
vt 0.562500 0.453125
vt 0.578125 0.453125
vt 0.609375 0.453125
vt 0.593750 0.453125
vt 0.625000 0.453125
vt 0.640625 0.453125
vt 0.656250 0.453125
vt 0.671875 0.453125
vt 0.703125 0.453125
vt 0.687500 0.453125
vt 0.734375 0.453125
vt 0.718750 0.453125
vt 0.750000 0.453125
vt 0.765625 0.453125
vt 0.781250 0.453125
vt 0.796875 0.453125
vt 0.828125 0.453125
vt 0.812500 0.453125
vt 0.843750 0.453125
vt 0.875000 0.453125
vt 0.859375 0.453125
vt 0.906250 0.453125
vt 0.890625 0.453125
vt 0.921875 0.453125
vt 0.937500 0.453125
vt 0.953125 0.453125
vt 0.984375 0.453125
vt 0.968750 0.453125
vt 0.015625 0.468750
vt 0.031250 0.468750
vt 0.062500 0.468750
vt 0.046875 0.468750
vt 0.078125 0.468750
vt 0.093750 0.468750
vt 0.109375 0.468750
vt 0.125000 0.468750
vt 0.156250 0.468750
vt 0.140625 0.468750
vt 0.187500 0.468750
vt 0.171875 0.468750
vt 0.203125 0.468750
vt 0.218750 0.468750
vt 0.250000 0.468750
vt 0.234375 0.468750
vt 0.281250 0.468750
vt 0.265625 0.468750
vt 0.312500 0.468750
vt 0.296875 0.468750
vt 0.328125 0.468750
vt 0.343750 0.468750
vt 0.375000 0.468750
vt 0.359375 0.468750
vt 0.390625 0.468750
vt 0.406250 0.468750
vt 0.437500 0.468750
vt 0.421875 0.468750
vt 0.453125 0.468750
vt 0.484375 0.468750
vt 0.468750 0.468750
vt 0.515625 0.468750
vt 0.500000 0.468750
vt 0.546875 0.468750
vt 0.531250 0.468750
vt 0.578125 0.468750
vt 0.562500 0.468750
vt 0.593750 0.468750
vt 0.609375 0.468750
vt 0.625000 0.468750
vt 0.656250 0.468750
vt 0.640625 0.468750
vt 0.671875 0.468750
vt 0.703125 0.468750
vt 0.687500 0.468750
vt 0.718750 0.468750
vt 0.750000 0.468750
vt 0.734375 0.468750
vt 0.781250 0.468750
vt 0.765625 0.468750
vt 0.796875 0.468750
vt 0.812500 0.468750
vt 0.828125 0.468750
vt 0.843750 0.468750
vt 0.875000 0.468750
vt 0.859375 0.468750
vt 0.890625 0.468750
vt 0.921875 0.468750
vt 0.906250 0.468750
vt 0.937500 0.468750
vt 0.953125 0.468750
vt 0.968750 0.468750
vt 0.031250 0.484375
vt 0.015625 0.484375
vt 0.062500 0.484375
vt 0.046875 0.484375
vt 0.093750 0.484375
vt 0.078125 0.484375
vt 0.109375 0.484375
vt 0.125000 0.484375
vt 0.156250 0.484375
vt 0.140625 0.484375
vt 0.171875 0.484375
vt 0.187500 0.484375
vt 0.203125 0.484375
vt 0.218750 0.484375
vt 0.234375 0.484375
vt 0.250000 0.484375
vt 0.281250 0.484375
vt 0.265625 0.484375
vt 0.296875 0.484375
vt 0.312500 0.484375
vt 0.328125 0.484375
vt 0.343750 0.484375
vt 0.359375 0.484375
vt 0.375000 0.484375
vt 0.390625 0.484375
vt 0.421875 0.484375
vt 0.406250 0.484375
vt 0.437500 0.484375
vt 0.453125 0.484375
vt 0.468750 0.484375
vt 0.484375 0.484375
vt 0.515625 0.484375
vt 0.500000 0.484375
vt 0.531250 0.484375
vt 0.546875 0.484375
vt 0.562500 0.484375
vt 0.578125 0.484375
vt 0.609375 0.484375
vt 0.593750 0.484375
vt 0.625000 0.484375
vt 0.656250 0.484375
vt 0.640625 0.484375
vt 0.671875 0.484375
vt 0.687500 0.484375
vt 0.703125 0.484375
vt 0.718750 0.484375
vt 0.734375 0.484375
vt 0.750000 0.484375
vt 0.781250 0.484375
vt 0.765625 0.484375
vt 0.812500 0.484375
vt 0.796875 0.484375
vt 0.828125 0.484375
vt 0.843750 0.484375
vt 0.875000 0.484375
vt 0.859375 0.484375
vt 0.890625 0.484375
vt 0.921875 0.484375
vt 0.906250 0.484375
vt 0.937500 0.484375
vt 0.968750 0.484375
vt 0.953125 0.484375
vt 0.984375 0.468750
vt 0.031250 0.500000
vt 0.015625 0.500000
vt 0.062500 0.500000
vt 0.046875 0.500000
vt 0.078125 0.500000
vt 0.093750 0.500000
vt 0.125000 0.500000
vt 0.109375 0.500000
vt 0.140625 0.500000
vt 0.171875 0.500000
vt 0.156250 0.500000
vt 0.187500 0.500000
vt 0.203125 0.500000
vt 0.218750 0.500000
vt 0.234375 0.500000
vt 0.250000 0.500000
vt 0.265625 0.500000
vt 0.296875 0.500000
vt 0.281250 0.500000
vt 0.328125 0.500000
vt 0.312500 0.500000
vt 0.359375 0.500000
vt 0.343750 0.500000
vt 0.375000 0.500000
vt 0.390625 0.500000
vt 0.406250 0.500000
vt 0.421875 0.500000
vt 0.453125 0.500000
vt 0.437500 0.500000
vt 0.468750 0.500000
vt 0.500000 0.500000
vt 0.484375 0.500000
vt 0.531250 0.500000
vt 0.515625 0.500000
vt 0.546875 0.500000
vt 0.562500 0.500000
vt 0.578125 0.500000
vt 0.593750 0.500000
vt 0.625000 0.500000
vt 0.609375 0.500000
vt 0.640625 0.500000
vt 0.656250 0.500000
vt 0.671875 0.500000
vt 0.687500 0.500000
vt 0.718750 0.500000
vt 0.703125 0.500000
vt 0.734375 0.500000
vt 0.750000 0.500000
vt 0.765625 0.500000
vt 0.781250 0.500000
vt 0.796875 0.500000
vt 0.812500 0.500000
vt 0.828125 0.500000
vt 0.843750 0.500000
vt 0.859375 0.500000
vt 0.875000 0.500000
vt 0.890625 0.500000
vt 0.906250 0.500000
vt 0.921875 0.500000
vt 0.937500 0.500000
vt 0.953125 0.500000
vt 0.984375 0.484375
vt 0.968750 0.500000
vt 0.031250 0.515625
vt 0.015625 0.515625
vt 0.046875 0.515625
vt 0.062500 0.515625
vt 0.078125 0.515625
vt 0.093750 0.515625
vt 0.125000 0.515625
vt 0.109375 0.515625
vt 0.140625 0.515625
vt 0.156250 0.515625
vt 0.171875 0.515625
vt 0.187500 0.515625
vt 0.218750 0.515625
vt 0.203125 0.515625
vt 0.234375 0.515625
vt 0.250000 0.515625
vt 0.265625 0.515625
vt 0.281250 0.515625
vt 0.312500 0.515625
vt 0.296875 0.515625
vt 0.328125 0.515625
vt 0.343750 0.515625
vt 0.359375 0.515625
vt 0.375000 0.515625
vt 0.390625 0.515625
vt 0.406250 0.515625
vt 0.421875 0.515625
vt 0.437500 0.515625
vt 0.453125 0.515625
vt 0.468750 0.515625
vt 0.500000 0.515625
vt 0.484375 0.515625
vt 0.515625 0.515625
vt 0.546875 0.515625
vt 0.531250 0.515625
vt 0.562500 0.515625
vt 0.593750 0.515625
vt 0.578125 0.515625
vt 0.609375 0.515625
vt 0.625000 0.515625
vt 0.640625 0.515625
vt 0.656250 0.515625
vt 0.671875 0.515625
vt 0.687500 0.515625
vt 0.703125 0.515625
vt 0.734375 0.515625
vt 0.718750 0.515625
vt 0.750000 0.515625
vt 0.765625 0.515625
vt 0.781250 0.515625
vt 0.796875 0.515625
vt 0.812500 0.515625
vt 0.843750 0.515625
vt 0.828125 0.515625
vt 0.875000 0.515625
vt 0.859375 0.515625
vt 0.890625 0.515625
vt 0.921875 0.515625
vt 0.906250 0.515625
vt 0.937500 0.515625
vt 0.953125 0.515625
vt 0.968750 0.515625
vt 0.984375 0.515625
vt 0.015625 0.531250
vt 0.046875 0.531250
vt 0.031250 0.531250
vt 0.078125 0.531250
vt 0.062500 0.531250
vt 0.093750 0.531250
vt 0.125000 0.531250
vt 0.109375 0.531250
vt 0.140625 0.531250
vt 0.156250 0.531250
vt 0.187500 0.531250
vt 0.171875 0.531250
vt 0.203125 0.531250
vt 0.234375 0.531250
vt 0.218750 0.531250
vt 0.265625 0.531250
vt 0.250000 0.531250
vt 0.281250 0.531250
vt 0.296875 0.531250
vt 0.312500 0.531250
vt 0.343750 0.531250
vt 0.328125 0.531250
vt 0.359375 0.531250
vt 0.375000 0.531250
vt 0.390625 0.531250
vt 0.421875 0.531250
vt 0.406250 0.531250
vt 0.437500 0.531250
vt 0.453125 0.531250
vt 0.484375 0.531250
vt 0.468750 0.531250
vt 0.500000 0.531250
vt 0.515625 0.531250
vt 0.531250 0.531250
vt 0.546875 0.531250
vt 0.578125 0.531250
vt 0.562500 0.531250
vt 0.593750 0.531250
vt 0.609375 0.531250
vt 0.625000 0.531250
vt 0.640625 0.531250
vt 0.656250 0.531250
vt 0.687500 0.531250
vt 0.671875 0.531250
vt 0.703125 0.531250
vt 0.718750 0.531250
vt 0.734375 0.531250
vt 0.750000 0.531250
vt 0.765625 0.531250
vt 0.781250 0.531250
vt 0.812500 0.531250
vt 0.796875 0.531250
vt 0.828125 0.531250
vt 0.843750 0.531250
vt 0.859375 0.531250
vt 0.890625 0.531250
vt 0.875000 0.531250
vt 0.906250 0.531250
vt 0.921875 0.531250
vt 0.937500 0.531250
vt 0.953125 0.531250
vt 0.984375 0.531250
vt 0.968750 0.531250
vt 0.015625 0.546875
vt 0.031250 0.546875
vt 0.046875 0.546875
vt 0.062500 0.546875
vt 0.078125 0.546875
vt 0.109375 0.546875
vt 0.093750 0.546875
vt 0.140625 0.546875
vt 0.125000 0.546875
vt 0.171875 0.546875
vt 0.156250 0.546875
vt 0.187500 0.546875
vt 0.203125 0.546875
vt 0.234375 0.546875
vt 0.218750 0.546875
vt 0.265625 0.546875
vt 0.250000 0.546875
vt 0.281250 0.546875
vt 0.296875 0.546875
vt 0.312500 0.546875
vt 0.328125 0.546875
vt 0.343750 0.546875
vt 0.359375 0.546875
vt 0.375000 0.546875
vt 0.406250 0.546875
vt 0.390625 0.546875
vt 0.421875 0.546875
vt 0.453125 0.546875
vt 0.437500 0.546875
vt 0.484375 0.546875
vt 0.468750 0.546875
vt 0.500000 0.546875
vt 0.531250 0.546875
vt 0.515625 0.546875
vt 0.546875 0.546875
vt 0.578125 0.546875
vt 0.562500 0.546875
vt 0.593750 0.546875
vt 0.609375 0.546875
vt 0.625000 0.546875
vt 0.656250 0.546875
vt 0.640625 0.546875
vt 0.671875 0.546875
vt 0.687500 0.546875
vt 0.718750 0.546875
vt 0.703125 0.546875
vt 0.734375 0.546875
vt 0.765625 0.546875
vt 0.750000 0.546875
vt 0.781250 0.546875
vt 0.796875 0.546875
vt 0.828125 0.546875
vt 0.812500 0.546875
vt 0.859375 0.546875
vt 0.843750 0.546875
vt 0.875000 0.546875
vt 0.890625 0.546875
vt 0.906250 0.546875
vt 0.937500 0.546875
vt 0.921875 0.546875
vt 0.953125 0.546875
vt 0.968750 0.546875
vt 0.031250 0.562500
vt 0.015625 0.562500
vt 0.046875 0.562500
vt 0.078125 0.562500
vt 0.062500 0.562500
vt 0.109375 0.562500
vt 0.093750 0.562500
vt 0.125000 0.562500
vt 0.140625 0.562500
vt 0.156250 0.562500
vt 0.171875 0.562500
vt 0.187500 0.562500
vt 0.218750 0.562500
vt 0.203125 0.562500
vt 0.234375 0.562500
vt 0.250000 0.562500
vt 0.265625 0.562500
vt 0.281250 0.562500
vt 0.296875 0.562500
vt 0.312500 0.562500
vt 0.328125 0.562500
vt 0.343750 0.562500
vt 0.375000 0.562500
vt 0.359375 0.562500
vt 0.390625 0.562500
vt 0.421875 0.562500
vt 0.406250 0.562500
vt 0.453125 0.562500
vt 0.437500 0.562500
vt 0.468750 0.562500
vt 0.484375 0.562500
vt 0.500000 0.562500
vt 0.531250 0.562500
vt 0.515625 0.562500
vt 0.546875 0.562500
vt 0.578125 0.562500
vt 0.562500 0.562500
vt 0.593750 0.562500
vt 0.609375 0.562500
vt 0.625000 0.562500
vt 0.640625 0.562500
vt 0.671875 0.562500
vt 0.656250 0.562500
vt 0.687500 0.562500
vt 0.718750 0.562500
vt 0.703125 0.562500
vt 0.734375 0.562500
vt 0.750000 0.562500
vt 0.765625 0.562500
vt 0.781250 0.562500
vt 0.796875 0.562500
vt 0.828125 0.562500
vt 0.812500 0.562500
vt 0.859375 0.562500
vt 0.843750 0.562500
vt 0.890625 0.562500
vt 0.875000 0.562500
vt 0.906250 0.562500
vt 0.937500 0.562500
vt 0.921875 0.562500
vt 0.953125 0.562500
vt 0.984375 0.546875
vt 0.968750 0.562500
vt 0.031250 0.578125
vt 0.015625 0.578125
vt 0.046875 0.578125
vt 0.062500 0.578125
vt 0.078125 0.578125
vt 0.093750 0.578125
vt 0.109375 0.578125
vt 0.140625 0.578125
vt 0.125000 0.578125
vt 0.156250 0.578125
vt 0.171875 0.578125
vt 0.203125 0.578125
vt 0.187500 0.578125
vt 0.234375 0.578125
vt 0.218750 0.578125
vt 0.250000 0.578125
vt 0.281250 0.578125
vt 0.265625 0.578125
vt 0.296875 0.578125
vt 0.312500 0.578125
vt 0.328125 0.578125
vt 0.359375 0.578125
vt 0.343750 0.578125
vt 0.375000 0.578125
vt 0.406250 0.578125
vt 0.390625 0.578125
vt 0.421875 0.578125
vt 0.437500 0.578125
vt 0.453125 0.578125
vt 0.468750 0.578125
vt 0.484375 0.578125
vt 0.500000 0.578125
vt 0.531250 0.578125
vt 0.515625 0.578125
vt 0.546875 0.578125
vt 0.578125 0.578125
vt 0.562500 0.578125
vt 0.593750 0.578125
vt 0.609375 0.578125
vt 0.640625 0.578125
vt 0.625000 0.578125
vt 0.671875 0.578125
vt 0.656250 0.578125
vt 0.687500 0.578125
vt 0.703125 0.578125
vt 0.718750 0.578125
vt 0.734375 0.578125
vt 0.765625 0.578125
vt 0.750000 0.578125
vt 0.796875 0.578125
vt 0.781250 0.578125
vt 0.828125 0.578125
vt 0.812500 0.578125
vt 0.843750 0.578125
vt 0.859375 0.578125
vt 0.875000 0.578125
vt 0.890625 0.578125
vt 0.906250 0.578125
vt 0.937500 0.578125
vt 0.921875 0.578125
vt 0.953125 0.578125
vt 0.984375 0.562500
vt 0.968750 0.578125
vt 0.015625 0.593750
vt 0.031250 0.593750
vt 0.062500 0.593750
vt 0.046875 0.593750
vt 0.078125 0.593750
vt 0.109375 0.593750
vt 0.093750 0.593750
vt 0.140625 0.593750
vt 0.125000 0.593750
vt 0.156250 0.593750
vt 0.171875 0.593750
vt 0.203125 0.593750
vt 0.187500 0.593750
vt 0.218750 0.593750
vt 0.250000 0.593750
vt 0.234375 0.593750
vt 0.265625 0.593750
vt 0.281250 0.593750
vt 0.296875 0.593750
vt 0.328125 0.593750
vt 0.312500 0.593750
vt 0.343750 0.593750
vt 0.359375 0.593750
vt 0.375000 0.593750
vt 0.406250 0.593750
vt 0.390625 0.593750
vt 0.421875 0.593750
vt 0.437500 0.593750
vt 0.453125 0.593750
vt 0.468750 0.593750
vt 0.500000 0.593750
vt 0.484375 0.593750
vt 0.515625 0.593750
vt 0.531250 0.593750
vt 0.562500 0.593750
vt 0.546875 0.593750
vt 0.578125 0.593750
vt 0.593750 0.593750
vt 0.609375 0.593750
vt 0.640625 0.593750
vt 0.625000 0.593750
vt 0.671875 0.593750
vt 0.656250 0.593750
vt 0.703125 0.593750
vt 0.687500 0.593750
vt 0.718750 0.593750
vt 0.734375 0.593750
vt 0.750000 0.593750
vt 0.765625 0.593750
vt 0.781250 0.593750
vt 0.812500 0.593750
vt 0.796875 0.593750
vt 0.828125 0.593750
vt 0.843750 0.593750
vt 0.859375 0.593750
vt 0.890625 0.593750
vt 0.875000 0.593750
vt 0.906250 0.593750
vt 0.921875 0.593750
vt 0.937500 0.593750
vt 0.953125 0.593750
vt 0.984375 0.593750
vt 0.968750 0.593750
vt 0.031250 0.609375
vt 0.015625 0.609375
vt 0.062500 0.609375
vt 0.046875 0.609375
vt 0.093750 0.609375
vt 0.078125 0.609375
vt 0.109375 0.609375
vt 0.125000 0.609375
vt 0.140625 0.609375
vt 0.156250 0.609375
vt 0.187500 0.609375
vt 0.171875 0.609375
vt 0.203125 0.609375
vt 0.218750 0.609375
vt 0.250000 0.609375
vt 0.234375 0.609375
vt 0.265625 0.609375
vt 0.281250 0.609375
vt 0.296875 0.609375
vt 0.312500 0.609375
vt 0.328125 0.609375
vt 0.359375 0.609375
vt 0.343750 0.609375
vt 0.375000 0.609375
vt 0.390625 0.609375
vt 0.406250 0.609375
vt 0.437500 0.609375
vt 0.421875 0.609375
vt 0.453125 0.609375
vt 0.468750 0.609375
vt 0.484375 0.609375
vt 0.500000 0.609375
vt 0.515625 0.609375
vt 0.531250 0.609375
vt 0.546875 0.609375
vt 0.562500 0.609375
vt 0.593750 0.609375
vt 0.578125 0.609375
vt 0.609375 0.609375
vt 0.640625 0.609375
vt 0.625000 0.609375
vt 0.656250 0.609375
vt 0.671875 0.609375
vt 0.703125 0.609375
vt 0.687500 0.609375
vt 0.718750 0.609375
vt 0.750000 0.609375
vt 0.734375 0.609375
vt 0.765625 0.609375
vt 0.796875 0.609375
vt 0.781250 0.609375
vt 0.828125 0.609375
vt 0.812500 0.609375
vt 0.859375 0.609375
vt 0.843750 0.609375
vt 0.875000 0.609375
vt 0.890625 0.609375
vt 0.906250 0.609375
vt 0.937500 0.609375
vt 0.921875 0.609375
vt 0.968750 0.609375
vt 0.953125 0.609375
vt 0.015625 0.625000
vt 0.031250 0.625000
vt 0.046875 0.625000
vt 0.062500 0.625000
vt 0.078125 0.625000
vt 0.093750 0.625000
vt 0.109375 0.625000
vt 0.125000 0.625000
vt 0.156250 0.625000
vt 0.140625 0.625000
vt 0.171875 0.625000
vt 0.203125 0.625000
vt 0.187500 0.625000
vt 0.218750 0.625000
vt 0.234375 0.625000
vt 0.250000 0.625000
vt 0.281250 0.625000
vt 0.265625 0.625000
vt 0.296875 0.625000
vt 0.312500 0.625000
vt 0.328125 0.625000
vt 0.359375 0.625000
vt 0.343750 0.625000
vt 0.375000 0.625000
vt 0.406250 0.625000
vt 0.390625 0.625000
vt 0.421875 0.625000
vt 0.453125 0.625000
vt 0.437500 0.625000
vt 0.484375 0.625000
vt 0.468750 0.625000
vt 0.500000 0.625000
vt 0.531250 0.625000
vt 0.515625 0.625000
vt 0.546875 0.625000
vt 0.578125 0.625000
vt 0.562500 0.625000
vt 0.593750 0.625000
vt 0.609375 0.625000
vt 0.640625 0.625000
vt 0.625000 0.625000
vt 0.656250 0.625000
vt 0.671875 0.625000
vt 0.703125 0.625000
vt 0.687500 0.625000
vt 0.718750 0.625000
vt 0.750000 0.625000
vt 0.734375 0.625000
vt 0.765625 0.625000
vt 0.781250 0.625000
vt 0.796875 0.625000
vt 0.812500 0.625000
vt 0.843750 0.625000
vt 0.828125 0.625000
vt 0.859375 0.625000
vt 0.890625 0.625000
vt 0.875000 0.625000
vt 0.906250 0.625000
vt 0.921875 0.625000
vt 0.937500 0.625000
vt 0.968750 0.625000
vt 0.953125 0.625000
vt 0.984375 0.625000
vt 0.031250 0.640625
vt 0.015625 0.640625
vt 0.046875 0.640625
vt 0.062500 0.640625
vt 0.093750 0.640625
vt 0.078125 0.640625
vt 0.109375 0.640625
vt 0.125000 0.640625
vt 0.156250 0.640625
vt 0.140625 0.640625
vt 0.187500 0.640625
vt 0.171875 0.640625
vt 0.203125 0.640625
vt 0.218750 0.640625
vt 0.250000 0.640625
vt 0.234375 0.640625
vt 0.265625 0.640625
vt 0.281250 0.640625
vt 0.296875 0.640625
vt 0.312500 0.640625
vt 0.328125 0.640625
vt 0.359375 0.640625
vt 0.343750 0.640625
vt 0.375000 0.640625
vt 0.406250 0.640625
vt 0.390625 0.640625
vt 0.421875 0.640625
vt 0.453125 0.640625
vt 0.437500 0.640625
vt 0.468750 0.640625
vt 0.484375 0.640625
vt 0.515625 0.640625
vt 0.500000 0.640625
vt 0.531250 0.640625
vt 0.546875 0.640625
vt 0.578125 0.640625
vt 0.562500 0.640625
vt 0.609375 0.640625
vt 0.593750 0.640625
vt 0.625000 0.640625
vt 0.656250 0.640625
vt 0.640625 0.640625
vt 0.671875 0.640625
vt 0.687500 0.640625
vt 0.703125 0.640625
vt 0.718750 0.640625
vt 0.734375 0.640625
vt 0.750000 0.640625
vt 0.781250 0.640625
vt 0.765625 0.640625
vt 0.796875 0.640625
vt 0.812500 0.640625
vt 0.828125 0.640625
vt 0.859375 0.640625
vt 0.843750 0.640625
vt 0.875000 0.640625
vt 0.890625 0.640625
vt 0.906250 0.640625
vt 0.921875 0.640625
vt 0.953125 0.640625
vt 0.937500 0.640625
vt 0.968750 0.640625
vt 0.984375 0.640625
vt 0.015625 0.656250
vt 0.046875 0.656250
vt 0.031250 0.656250
vt 0.062500 0.656250
vt 0.078125 0.656250
vt 0.093750 0.656250
vt 0.125000 0.656250
vt 0.109375 0.656250
vt 0.140625 0.656250
vt 0.156250 0.656250
vt 0.187500 0.656250
vt 0.171875 0.656250
vt 0.203125 0.656250
vt 0.218750 0.656250
vt 0.234375 0.656250
vt 0.250000 0.656250
vt 0.265625 0.656250
vt 0.281250 0.656250
vt 0.296875 0.656250
vt 0.312500 0.656250
vt 0.328125 0.656250
vt 0.359375 0.656250
vt 0.343750 0.656250
vt 0.375000 0.656250
vt 0.390625 0.656250
vt 0.406250 0.656250
vt 0.421875 0.656250
vt 0.453125 0.656250
vt 0.437500 0.656250
vt 0.468750 0.656250
vt 0.484375 0.656250
vt 0.515625 0.656250
vt 0.500000 0.656250
vt 0.546875 0.656250
vt 0.531250 0.656250
vt 0.562500 0.656250
vt 0.578125 0.656250
vt 0.609375 0.656250
vt 0.593750 0.656250
vt 0.625000 0.656250
vt 0.656250 0.656250
vt 0.640625 0.656250
vt 0.671875 0.656250
vt 0.687500 0.656250
vt 0.703125 0.656250
vt 0.718750 0.656250
vt 0.750000 0.656250
vt 0.734375 0.656250
vt 0.765625 0.656250
vt 0.796875 0.656250
vt 0.781250 0.656250
vt 0.812500 0.656250
vt 0.843750 0.656250
vt 0.828125 0.656250
vt 0.859375 0.656250
vt 0.875000 0.656250
vt 0.890625 0.656250
vt 0.906250 0.656250
vt 0.937500 0.656250
vt 0.921875 0.656250
vt 0.953125 0.656250
vt 0.968750 0.656250
vt 0.031250 0.671875
vt 0.015625 0.671875
vt 0.046875 0.671875
vt 0.078125 0.671875
vt 0.062500 0.671875
vt 0.093750 0.671875
vt 0.125000 0.671875
vt 0.109375 0.671875
vt 0.140625 0.671875
vt 0.156250 0.671875
vt 0.187500 0.671875
vt 0.171875 0.671875
vt 0.203125 0.671875
vt 0.234375 0.671875
vt 0.218750 0.671875
vt 0.250000 0.671875
vt 0.265625 0.671875
vt 0.281250 0.671875
vt 0.312500 0.671875
vt 0.296875 0.671875
vt 0.328125 0.671875
vt 0.343750 0.671875
vt 0.375000 0.671875
vt 0.359375 0.671875
vt 0.390625 0.671875
vt 0.406250 0.671875
vt 0.437500 0.671875
vt 0.421875 0.671875
vt 0.453125 0.671875
vt 0.484375 0.671875
vt 0.468750 0.671875
vt 0.500000 0.671875
vt 0.515625 0.671875
vt 0.546875 0.671875
vt 0.531250 0.671875
vt 0.578125 0.671875
vt 0.562500 0.671875
vt 0.593750 0.671875
vt 0.609375 0.671875
vt 0.625000 0.671875
vt 0.656250 0.671875
vt 0.640625 0.671875
vt 0.671875 0.671875
vt 0.687500 0.671875
vt 0.703125 0.671875
vt 0.734375 0.671875
vt 0.718750 0.671875
vt 0.750000 0.671875
vt 0.765625 0.671875
vt 0.781250 0.671875
vt 0.796875 0.671875
vt 0.812500 0.671875
vt 0.843750 0.671875
vt 0.828125 0.671875
vt 0.859375 0.671875
vt 0.875000 0.671875
vt 0.906250 0.671875
vt 0.890625 0.671875
vt 0.937500 0.671875
vt 0.921875 0.671875
vt 0.953125 0.671875
vt 0.984375 0.656250
vt 0.968750 0.671875
vt 0.031250 0.687500
vt 0.015625 0.687500
vt 0.046875 0.687500
vt 0.062500 0.687500
vt 0.093750 0.687500
vt 0.078125 0.687500
vt 0.109375 0.687500
vt 0.140625 0.687500
vt 0.125000 0.687500
vt 0.156250 0.687500
vt 0.171875 0.687500
vt 0.187500 0.687500
vt 0.218750 0.687500
vt 0.203125 0.687500
vt 0.250000 0.687500
vt 0.234375 0.687500
vt 0.265625 0.687500
vt 0.281250 0.687500
vt 0.312500 0.687500
vt 0.296875 0.687500
vt 0.328125 0.687500
vt 0.343750 0.687500
vt 0.359375 0.687500
vt 0.390625 0.687500
vt 0.375000 0.687500
vt 0.406250 0.687500
vt 0.421875 0.687500
vt 0.437500 0.687500
vt 0.468750 0.687500
vt 0.453125 0.687500
vt 0.484375 0.687500
vt 0.515625 0.687500
vt 0.500000 0.687500
vt 0.546875 0.687500
vt 0.531250 0.687500
vt 0.562500 0.687500
vt 0.578125 0.687500
vt 0.593750 0.687500
vt 0.609375 0.687500
vt 0.640625 0.687500
vt 0.625000 0.687500
vt 0.656250 0.687500
vt 0.671875 0.687500
vt 0.703125 0.687500
vt 0.687500 0.687500
vt 0.718750 0.687500
vt 0.734375 0.687500
vt 0.750000 0.687500
vt 0.765625 0.687500
vt 0.781250 0.687500
vt 0.812500 0.687500
vt 0.796875 0.687500
vt 0.828125 0.687500
vt 0.843750 0.687500
vt 0.875000 0.687500
vt 0.859375 0.687500
vt 0.890625 0.687500
vt 0.906250 0.687500
vt 0.921875 0.687500
vt 0.937500 0.687500
vt 0.953125 0.687500
vt 0.984375 0.671875
vt 0.968750 0.687500
vt 0.015625 0.703125
vt 0.046875 0.703125
vt 0.031250 0.703125
vt 0.062500 0.703125
vt 0.078125 0.703125
vt 0.109375 0.703125
vt 0.093750 0.703125
vt 0.125000 0.703125
vt 0.140625 0.703125
vt 0.156250 0.703125
vt 0.171875 0.703125
vt 0.187500 0.703125
vt 0.218750 0.703125
vt 0.203125 0.703125
vt 0.234375 0.703125
vt 0.250000 0.703125
vt 0.265625 0.703125
vt 0.281250 0.703125
vt 0.296875 0.703125
vt 0.312500 0.703125
vt 0.328125 0.703125
vt 0.343750 0.703125
vt 0.359375 0.703125
vt 0.375000 0.703125
vt 0.390625 0.703125
vt 0.421875 0.703125
vt 0.406250 0.703125
vt 0.437500 0.703125
vt 0.468750 0.703125
vt 0.453125 0.703125
vt 0.484375 0.703125
vt 0.500000 0.703125
vt 0.515625 0.703125
vt 0.531250 0.703125
vt 0.562500 0.703125
vt 0.546875 0.703125
vt 0.578125 0.703125
vt 0.593750 0.703125
vt 0.609375 0.703125
vt 0.625000 0.703125
vt 0.640625 0.703125
vt 0.656250 0.703125
vt 0.671875 0.703125
vt 0.703125 0.703125
vt 0.687500 0.703125
vt 0.734375 0.703125
vt 0.718750 0.703125
vt 0.765625 0.703125
vt 0.750000 0.703125
vt 0.781250 0.703125
vt 0.812500 0.703125
vt 0.796875 0.703125
vt 0.843750 0.703125
vt 0.828125 0.703125
vt 0.859375 0.703125
vt 0.875000 0.703125
vt 0.890625 0.703125
vt 0.906250 0.703125
vt 0.937500 0.703125
vt 0.921875 0.703125
vt 0.953125 0.703125
vt 0.968750 0.703125
vt 0.984375 0.703125
vt 0.015625 0.718750
vt 0.031250 0.718750
vt 0.062500 0.718750
vt 0.046875 0.718750
vt 0.078125 0.718750
vt 0.093750 0.718750
vt 0.109375 0.718750
vt 0.140625 0.718750
vt 0.125000 0.718750
vt 0.156250 0.718750
vt 0.171875 0.718750
vt 0.187500 0.718750
vt 0.203125 0.718750
vt 0.218750 0.718750
vt 0.234375 0.718750
vt 0.250000 0.718750
vt 0.281250 0.718750
vt 0.265625 0.718750
vt 0.296875 0.718750
vt 0.312500 0.718750
vt 0.328125 0.718750
vt 0.343750 0.718750
vt 0.359375 0.718750
vt 0.375000 0.718750
vt 0.390625 0.718750
vt 0.421875 0.718750
vt 0.406250 0.718750
vt 0.437500 0.718750
vt 0.453125 0.718750
vt 0.468750 0.718750
vt 0.500000 0.718750
vt 0.484375 0.718750
vt 0.531250 0.718750
vt 0.515625 0.718750
vt 0.562500 0.718750
vt 0.546875 0.718750
vt 0.578125 0.718750
vt 0.593750 0.718750
vt 0.625000 0.718750
vt 0.609375 0.718750
vt 0.640625 0.718750
vt 0.656250 0.718750
vt 0.671875 0.718750
vt 0.703125 0.718750
vt 0.687500 0.718750
vt 0.734375 0.718750
vt 0.718750 0.718750
vt 0.750000 0.718750
vt 0.765625 0.718750
vt 0.781250 0.718750
vt 0.812500 0.718750
vt 0.796875 0.718750
vt 0.828125 0.718750
vt 0.843750 0.718750
vt 0.859375 0.718750
vt 0.875000 0.718750
vt 0.890625 0.718750
vt 0.906250 0.718750
vt 0.921875 0.718750
vt 0.937500 0.718750
vt 0.953125 0.718750
vt 0.984375 0.718750
vt 0.968750 0.718750
vt 0.031250 0.734375
vt 0.015625 0.734375
vt 0.046875 0.734375
vt 0.062500 0.734375
vt 0.093750 0.734375
vt 0.078125 0.734375
vt 0.125000 0.734375
vt 0.109375 0.734375
vt 0.140625 0.734375
vt 0.171875 0.734375
vt 0.156250 0.734375
vt 0.187500 0.734375
vt 0.203125 0.734375
vt 0.234375 0.734375
vt 0.218750 0.734375
vt 0.250000 0.734375
vt 0.265625 0.734375
vt 0.296875 0.734375
vt 0.281250 0.734375
vt 0.312500 0.734375
vt 0.328125 0.734375
vt 0.359375 0.734375
vt 0.343750 0.734375
vt 0.390625 0.734375
vt 0.375000 0.734375
vt 0.406250 0.734375
vt 0.421875 0.734375
vt 0.437500 0.734375
vt 0.468750 0.734375
vt 0.453125 0.734375
vt 0.500000 0.734375
vt 0.484375 0.734375
vt 0.515625 0.734375
vt 0.531250 0.734375
vt 0.562500 0.734375
vt 0.546875 0.734375
vt 0.593750 0.734375
vt 0.578125 0.734375
vt 0.609375 0.734375
vt 0.625000 0.734375
vt 0.656250 0.734375
vt 0.640625 0.734375
vt 0.687500 0.734375
vt 0.671875 0.734375
vt 0.718750 0.734375
vt 0.703125 0.734375
vt 0.734375 0.734375
vt 0.750000 0.734375
vt 0.765625 0.734375
vt 0.781250 0.734375
vt 0.796875 0.734375
vt 0.812500 0.734375
vt 0.828125 0.734375
vt 0.859375 0.734375
vt 0.843750 0.734375
vt 0.875000 0.734375
vt 0.890625 0.734375
vt 0.906250 0.734375
vt 0.921875 0.734375
vt 0.953125 0.734375
vt 0.937500 0.734375
vt 0.968750 0.734375
vt 0.984375 0.734375
vt 0.031250 0.750000
vt 0.015625 0.750000
vt 0.046875 0.750000
vt 0.062500 0.750000
vt 0.093750 0.750000
vt 0.078125 0.750000
vt 0.109375 0.750000
vt 0.140625 0.750000
vt 0.125000 0.750000
vt 0.171875 0.750000
vt 0.156250 0.750000
vt 0.187500 0.750000
vt 0.203125 0.750000
vt 0.234375 0.750000
vt 0.218750 0.750000
vt 0.250000 0.750000
vt 0.265625 0.750000
vt 0.296875 0.750000
vt 0.281250 0.750000
vt 0.312500 0.750000
vt 0.328125 0.750000
vt 0.359375 0.750000
vt 0.343750 0.750000
vt 0.390625 0.750000
vt 0.375000 0.750000
vt 0.406250 0.750000
vt 0.421875 0.750000
vt 0.453125 0.750000
vt 0.437500 0.750000
vt 0.468750 0.750000
vt 0.484375 0.750000
vt 0.515625 0.750000
vt 0.500000 0.750000
vt 0.531250 0.750000
vt 0.562500 0.750000
vt 0.546875 0.750000
vt 0.578125 0.750000
vt 0.593750 0.750000
vt 0.609375 0.750000
vt 0.625000 0.750000
vt 0.656250 0.750000
vt 0.640625 0.750000
vt 0.687500 0.750000
vt 0.671875 0.750000
vt 0.703125 0.750000
vt 0.718750 0.750000
vt 0.750000 0.750000
vt 0.734375 0.750000
vt 0.765625 0.750000
vt 0.781250 0.750000
vt 0.796875 0.750000
vt 0.828125 0.750000
vt 0.812500 0.750000
vt 0.843750 0.750000
vt 0.859375 0.750000
vt 0.875000 0.750000
vt 0.890625 0.750000
vt 0.921875 0.750000
vt 0.906250 0.750000
vt 0.937500 0.750000
vt 0.953125 0.750000
vt 0.968750 0.750000
vt 0.015625 0.765625
vt 0.046875 0.765625
vt 0.031250 0.765625
vt 0.062500 0.765625
vt 0.078125 0.765625
vt 0.093750 0.765625
vt 0.125000 0.765625
vt 0.109375 0.765625
vt 0.156250 0.765625
vt 0.140625 0.765625
vt 0.187500 0.765625
vt 0.171875 0.765625
vt 0.203125 0.765625
vt 0.218750 0.765625
vt 0.234375 0.765625
vt 0.265625 0.765625
vt 0.250000 0.765625
vt 0.296875 0.765625
vt 0.281250 0.765625
vt 0.312500 0.765625
vt 0.328125 0.765625
vt 0.343750 0.765625
vt 0.375000 0.765625
vt 0.359375 0.765625
vt 0.406250 0.765625
vt 0.390625 0.765625
vt 0.437500 0.765625
vt 0.421875 0.765625
vt 0.453125 0.765625
vt 0.468750 0.765625
vt 0.484375 0.765625
vt 0.500000 0.765625
vt 0.531250 0.765625
vt 0.515625 0.765625
vt 0.546875 0.765625
vt 0.562500 0.765625
vt 0.578125 0.765625
vt 0.593750 0.765625
vt 0.625000 0.765625
vt 0.609375 0.765625
vt 0.656250 0.765625
vt 0.640625 0.765625
vt 0.671875 0.765625
vt 0.687500 0.765625
vt 0.718750 0.765625
vt 0.703125 0.765625
vt 0.750000 0.765625
vt 0.734375 0.765625
vt 0.765625 0.765625
vt 0.781250 0.765625
vt 0.796875 0.765625
vt 0.828125 0.765625
vt 0.812500 0.765625
vt 0.843750 0.765625
vt 0.859375 0.765625
vt 0.875000 0.765625
vt 0.906250 0.765625
vt 0.890625 0.765625
vt 0.921875 0.765625
vt 0.937500 0.765625
vt 0.953125 0.765625
vt 0.984375 0.765625
vt 0.968750 0.765625
vt 0.015625 0.781250
vt 0.031250 0.781250
vt 0.062500 0.781250
vt 0.046875 0.781250
vt 0.078125 0.781250
vt 0.093750 0.781250
vt 0.109375 0.781250
vt 0.125000 0.781250
vt 0.140625 0.781250
vt 0.156250 0.781250
vt 0.187500 0.781250
vt 0.171875 0.781250
vt 0.203125 0.781250
vt 0.218750 0.781250
vt 0.234375 0.781250
vt 0.265625 0.781250
vt 0.250000 0.781250
vt 0.281250 0.781250
vt 0.296875 0.781250
vt 0.312500 0.781250
vt 0.343750 0.781250
vt 0.328125 0.781250
vt 0.359375 0.781250
vt 0.375000 0.781250
vt 0.390625 0.781250
vt 0.406250 0.781250
vt 0.437500 0.781250
vt 0.421875 0.781250
vt 0.453125 0.781250
vt 0.484375 0.781250
vt 0.468750 0.781250
vt 0.515625 0.781250
vt 0.500000 0.781250
vt 0.531250 0.781250
vt 0.546875 0.781250
vt 0.562500 0.781250
vt 0.593750 0.781250
vt 0.578125 0.781250
vt 0.609375 0.781250
vt 0.625000 0.781250
vt 0.640625 0.781250
vt 0.656250 0.781250
vt 0.671875 0.781250
vt 0.703125 0.781250
vt 0.687500 0.781250
vt 0.718750 0.781250
vt 0.734375 0.781250
vt 0.750000 0.781250
vt 0.781250 0.781250
vt 0.765625 0.781250
vt 0.812500 0.781250
vt 0.796875 0.781250
vt 0.843750 0.781250
vt 0.828125 0.781250
vt 0.875000 0.781250
vt 0.859375 0.781250
vt 0.890625 0.781250
vt 0.906250 0.781250
vt 0.921875 0.781250
vt 0.937500 0.781250
vt 0.968750 0.781250
vt 0.953125 0.781250
vt 0.031250 0.796875
vt 0.015625 0.796875
vt 0.046875 0.796875
vt 0.062500 0.796875
vt 0.078125 0.796875
vt 0.093750 0.796875
vt 0.125000 0.796875
vt 0.109375 0.796875
vt 0.140625 0.796875
vt 0.156250 0.796875
vt 0.171875 0.796875
vt 0.187500 0.796875
vt 0.218750 0.796875
vt 0.203125 0.796875
vt 0.250000 0.796875
vt 0.234375 0.796875
vt 0.281250 0.796875
vt 0.265625 0.796875
vt 0.296875 0.796875
vt 0.312500 0.796875
vt 0.328125 0.796875
vt 0.343750 0.796875
vt 0.359375 0.796875
vt 0.390625 0.796875
vt 0.375000 0.796875
vt 0.406250 0.796875
vt 0.421875 0.796875
vt 0.453125 0.796875
vt 0.437500 0.796875
vt 0.468750 0.796875
vt 0.484375 0.796875
vt 0.500000 0.796875
vt 0.515625 0.796875
vt 0.546875 0.796875
vt 0.531250 0.796875
vt 0.562500 0.796875
vt 0.593750 0.796875
vt 0.578125 0.796875
vt 0.609375 0.796875
vt 0.640625 0.796875
vt 0.625000 0.796875
vt 0.656250 0.796875
vt 0.671875 0.796875
vt 0.687500 0.796875
vt 0.703125 0.796875
vt 0.718750 0.796875
vt 0.734375 0.796875
vt 0.765625 0.796875
vt 0.750000 0.796875
vt 0.781250 0.796875
vt 0.812500 0.796875
vt 0.796875 0.796875
vt 0.843750 0.796875
vt 0.828125 0.796875
vt 0.859375 0.796875
vt 0.875000 0.796875
vt 0.890625 0.796875
vt 0.921875 0.796875
vt 0.906250 0.796875
vt 0.937500 0.796875
vt 0.953125 0.796875
vt 0.984375 0.781250
vt 0.968750 0.796875
vt 0.015625 0.812500
vt 0.046875 0.812500
vt 0.031250 0.812500
vt 0.062500 0.812500
vt 0.078125 0.812500
vt 0.093750 0.812500
vt 0.125000 0.812500
vt 0.109375 0.812500
vt 0.140625 0.812500
vt 0.156250 0.812500
vt 0.187500 0.812500
vt 0.171875 0.812500
vt 0.218750 0.812500
vt 0.203125 0.812500
vt 0.250000 0.812500
vt 0.234375 0.812500
vt 0.281250 0.812500
vt 0.265625 0.812500
vt 0.296875 0.812500
vt 0.312500 0.812500
vt 0.343750 0.812500
vt 0.328125 0.812500
vt 0.375000 0.812500
vt 0.359375 0.812500
vt 0.390625 0.812500
vt 0.406250 0.812500
vt 0.437500 0.812500
vt 0.421875 0.812500
vt 0.453125 0.812500
vt 0.468750 0.812500
vt 0.484375 0.812500
vt 0.515625 0.812500
vt 0.500000 0.812500
vt 0.546875 0.812500
vt 0.531250 0.812500
vt 0.562500 0.812500
vt 0.593750 0.812500
vt 0.578125 0.812500
vt 0.609375 0.812500
vt 0.625000 0.812500
vt 0.640625 0.812500
vt 0.656250 0.812500
vt 0.671875 0.812500
vt 0.703125 0.812500
vt 0.687500 0.812500
vt 0.718750 0.812500
vt 0.750000 0.812500
vt 0.734375 0.812500
vt 0.765625 0.812500
vt 0.781250 0.812500
vt 0.796875 0.812500
vt 0.812500 0.812500
vt 0.828125 0.812500
vt 0.843750 0.812500
vt 0.859375 0.812500
vt 0.875000 0.812500
vt 0.890625 0.812500
vt 0.906250 0.812500
vt 0.921875 0.812500
vt 0.937500 0.812500
vt 0.953125 0.812500
vt 0.984375 0.812500
vt 0.968750 0.812500
vt 0.015625 0.828125
vt 0.046875 0.828125
vt 0.031250 0.828125
vt 0.078125 0.828125
vt 0.062500 0.828125
vt 0.093750 0.828125
vt 0.109375 0.828125
vt 0.125000 0.828125
vt 0.140625 0.828125
vt 0.156250 0.828125
vt 0.171875 0.828125
vt 0.187500 0.828125
vt 0.218750 0.828125
vt 0.203125 0.828125
vt 0.250000 0.828125
vt 0.234375 0.828125
vt 0.265625 0.828125
vt 0.281250 0.828125
vt 0.312500 0.828125
vt 0.296875 0.828125
vt 0.328125 0.828125
vt 0.343750 0.828125
vt 0.375000 0.828125
vt 0.359375 0.828125
vt 0.406250 0.828125
vt 0.390625 0.828125
vt 0.437500 0.828125
vt 0.421875 0.828125
vt 0.453125 0.828125
vt 0.468750 0.828125
vt 0.500000 0.828125
vt 0.484375 0.828125
vt 0.515625 0.828125
vt 0.531250 0.828125
vt 0.546875 0.828125
vt 0.562500 0.828125
vt 0.593750 0.828125
vt 0.578125 0.828125
vt 0.625000 0.828125
vt 0.609375 0.828125
vt 0.640625 0.828125
vt 0.671875 0.828125
vt 0.656250 0.828125
vt 0.703125 0.828125
vt 0.687500 0.828125
vt 0.718750 0.828125
vt 0.734375 0.828125
vt 0.765625 0.828125
vt 0.750000 0.828125
vt 0.781250 0.828125
vt 0.796875 0.828125
vt 0.812500 0.828125
vt 0.828125 0.828125
vt 0.843750 0.828125
vt 0.875000 0.828125
vt 0.859375 0.828125
vt 0.890625 0.828125
vt 0.906250 0.828125
vt 0.921875 0.828125
vt 0.953125 0.828125
vt 0.937500 0.828125
vt 0.968750 0.828125
vt 0.984375 0.828125
vt 0.015625 0.843750
vt 0.046875 0.843750
vt 0.031250 0.843750
vt 0.062500 0.843750
vt 0.078125 0.843750
vt 0.093750 0.843750
vt 0.125000 0.843750
vt 0.109375 0.843750
vt 0.140625 0.843750
vt 0.156250 0.843750
vt 0.171875 0.843750
vt 0.203125 0.843750
vt 0.187500 0.843750
vt 0.218750 0.843750
vt 0.234375 0.843750
vt 0.250000 0.843750
vt 0.265625 0.843750
vt 0.296875 0.843750
vt 0.281250 0.843750
vt 0.312500 0.843750
vt 0.328125 0.843750
vt 0.359375 0.843750
vt 0.343750 0.843750
vt 0.375000 0.843750
vt 0.390625 0.843750
vt 0.406250 0.843750
vt 0.437500 0.843750
vt 0.421875 0.843750
vt 0.453125 0.843750
vt 0.468750 0.843750
vt 0.500000 0.843750
vt 0.484375 0.843750
vt 0.515625 0.843750
vt 0.531250 0.843750
vt 0.546875 0.843750
vt 0.578125 0.843750
vt 0.562500 0.843750
vt 0.593750 0.843750
vt 0.625000 0.843750
vt 0.609375 0.843750
vt 0.656250 0.843750
vt 0.640625 0.843750
vt 0.671875 0.843750
vt 0.687500 0.843750
vt 0.703125 0.843750
vt 0.718750 0.843750
vt 0.750000 0.843750
vt 0.734375 0.843750
vt 0.765625 0.843750
vt 0.796875 0.843750
vt 0.781250 0.843750
vt 0.812500 0.843750
vt 0.843750 0.843750
vt 0.828125 0.843750
vt 0.859375 0.843750
vt 0.875000 0.843750
vt 0.906250 0.843750
vt 0.890625 0.843750
vt 0.921875 0.843750
vt 0.937500 0.843750
vt 0.953125 0.843750
vt 0.984375 0.843750
vt 0.968750 0.843750
vt 0.031250 0.859375
vt 0.015625 0.859375
vt 0.046875 0.859375
vt 0.078125 0.859375
vt 0.062500 0.859375
vt 0.093750 0.859375
vt 0.109375 0.859375
vt 0.125000 0.859375
vt 0.140625 0.859375
vt 0.156250 0.859375
vt 0.171875 0.859375
vt 0.187500 0.859375
vt 0.218750 0.859375
vt 0.203125 0.859375
vt 0.234375 0.859375
vt 0.265625 0.859375
vt 0.250000 0.859375
vt 0.281250 0.859375
vt 0.312500 0.859375
vt 0.296875 0.859375
vt 0.343750 0.859375
vt 0.328125 0.859375
vt 0.375000 0.859375
vt 0.359375 0.859375
vt 0.390625 0.859375
vt 0.421875 0.859375
vt 0.406250 0.859375
vt 0.437500 0.859375
vt 0.453125 0.859375
vt 0.468750 0.859375
vt 0.484375 0.859375
vt 0.515625 0.859375
vt 0.500000 0.859375
vt 0.546875 0.859375
vt 0.531250 0.859375
vt 0.562500 0.859375
vt 0.578125 0.859375
vt 0.593750 0.859375
vt 0.625000 0.859375
vt 0.609375 0.859375
vt 0.640625 0.859375
vt 0.656250 0.859375
vt 0.671875 0.859375
vt 0.703125 0.859375
vt 0.687500 0.859375
vt 0.734375 0.859375
vt 0.718750 0.859375
vt 0.750000 0.859375
vt 0.765625 0.859375
vt 0.781250 0.859375
vt 0.796875 0.859375
vt 0.828125 0.859375
vt 0.812500 0.859375
vt 0.843750 0.859375
vt 0.859375 0.859375
vt 0.875000 0.859375
vt 0.890625 0.859375
vt 0.906250 0.859375
vt 0.921875 0.859375
vt 0.953125 0.859375
vt 0.937500 0.859375
vt 0.984375 0.859375
vt 0.968750 0.859375
vt 0.015625 0.875000
vt 0.046875 0.875000
vt 0.031250 0.875000
vt 0.062500 0.875000
vt 0.093750 0.875000
vt 0.078125 0.875000
vt 0.109375 0.875000
vt 0.125000 0.875000
vt 0.140625 0.875000
vt 0.156250 0.875000
vt 0.171875 0.875000
vt 0.187500 0.875000
vt 0.218750 0.875000
vt 0.203125 0.875000
vt 0.234375 0.875000
vt 0.250000 0.875000
vt 0.265625 0.875000
vt 0.281250 0.875000
vt 0.312500 0.875000
vt 0.296875 0.875000
vt 0.343750 0.875000
vt 0.328125 0.875000
vt 0.359375 0.875000
vt 0.390625 0.875000
vt 0.375000 0.875000
vt 0.406250 0.875000
vt 0.437500 0.875000
vt 0.421875 0.875000
vt 0.468750 0.875000
vt 0.453125 0.875000
vt 0.484375 0.875000
vt 0.515625 0.875000
vt 0.500000 0.875000
vt 0.531250 0.875000
vt 0.546875 0.875000
vt 0.578125 0.875000
vt 0.562500 0.875000
vt 0.593750 0.875000
vt 0.609375 0.875000
vt 0.640625 0.875000
vt 0.625000 0.875000
vt 0.656250 0.875000
vt 0.671875 0.875000
vt 0.703125 0.875000
vt 0.687500 0.875000
vt 0.718750 0.875000
vt 0.734375 0.875000
vt 0.750000 0.875000
vt 0.765625 0.875000
vt 0.796875 0.875000
vt 0.781250 0.875000
vt 0.812500 0.875000
vt 0.828125 0.875000
vt 0.843750 0.875000
vt 0.875000 0.875000
vt 0.859375 0.875000
vt 0.890625 0.875000
vt 0.921875 0.875000
vt 0.906250 0.875000
vt 0.937500 0.875000
vt 0.953125 0.875000
vt 0.984375 0.875000
vt 0.968750 0.875000
vt 0.015625 0.890625
vt 0.046875 0.890625
vt 0.031250 0.890625
vt 0.062500 0.890625
vt 0.093750 0.890625
vt 0.078125 0.890625
vt 0.109375 0.890625
vt 0.125000 0.890625
vt 0.156250 0.890625
vt 0.140625 0.890625
vt 0.171875 0.890625
vt 0.203125 0.890625
vt 0.187500 0.890625
vt 0.218750 0.890625
vt 0.250000 0.890625
vt 0.234375 0.890625
vt 0.265625 0.890625
vt 0.281250 0.890625
vt 0.296875 0.890625
vt 0.312500 0.890625
vt 0.343750 0.890625
vt 0.328125 0.890625
vt 0.359375 0.890625
vt 0.390625 0.890625
vt 0.375000 0.890625
vt 0.406250 0.890625
vt 0.421875 0.890625
vt 0.453125 0.890625
vt 0.437500 0.890625
vt 0.468750 0.890625
vt 0.500000 0.890625
vt 0.484375 0.890625
vt 0.515625 0.890625
vt 0.531250 0.890625
vt 0.562500 0.890625
vt 0.546875 0.890625
vt 0.593750 0.890625
vt 0.578125 0.890625
vt 0.609375 0.890625
vt 0.640625 0.890625
vt 0.625000 0.890625
vt 0.671875 0.890625
vt 0.656250 0.890625
vt 0.703125 0.890625
vt 0.687500 0.890625
vt 0.718750 0.890625
vt 0.750000 0.890625
vt 0.734375 0.890625
vt 0.781250 0.890625
vt 0.765625 0.890625
vt 0.796875 0.890625
vt 0.828125 0.890625
vt 0.812500 0.890625
vt 0.843750 0.890625
vt 0.859375 0.890625
vt 0.875000 0.890625
vt 0.906250 0.890625
vt 0.890625 0.890625
vt 0.921875 0.890625
vt 0.953125 0.890625
vt 0.937500 0.890625
vt 0.984375 0.890625
vt 0.968750 0.890625
vt 0.015625 0.906250
vt 0.046875 0.906250
vt 0.031250 0.906250
vt 0.062500 0.906250
vt 0.093750 0.906250
vt 0.078125 0.906250
vt 0.109375 0.906250
vt 0.140625 0.906250
vt 0.125000 0.906250
vt 0.156250 0.906250
vt 0.187500 0.906250
vt 0.171875 0.906250
vt 0.203125 0.906250
vt 0.234375 0.906250
vt 0.218750 0.906250
vt 0.250000 0.906250
vt 0.265625 0.906250
vt 0.281250 0.906250
vt 0.296875 0.906250
vt 0.312500 0.906250
vt 0.328125 0.906250
vt 0.343750 0.906250
vt 0.375000 0.906250
vt 0.359375 0.906250
vt 0.406250 0.906250
vt 0.390625 0.906250
vt 0.421875 0.906250
vt 0.437500 0.906250
vt 0.453125 0.906250
vt 0.484375 0.906250
vt 0.468750 0.906250
vt 0.515625 0.906250
vt 0.500000 0.906250
vt 0.546875 0.906250
vt 0.531250 0.906250
vt 0.562500 0.906250
vt 0.578125 0.906250
vt 0.593750 0.906250
vt 0.625000 0.906250
vt 0.609375 0.906250
vt 0.640625 0.906250
vt 0.671875 0.906250
vt 0.656250 0.906250
vt 0.703125 0.906250
vt 0.687500 0.906250
vt 0.718750 0.906250
vt 0.750000 0.906250
vt 0.734375 0.906250
vt 0.781250 0.906250
vt 0.765625 0.906250
vt 0.796875 0.906250
vt 0.812500 0.906250
vt 0.828125 0.906250
vt 0.843750 0.906250
vt 0.859375 0.906250
vt 0.890625 0.906250
vt 0.875000 0.906250
vt 0.906250 0.906250
vt 0.937500 0.906250
vt 0.921875 0.906250
vt 0.953125 0.906250
vt 0.984375 0.906250
vt 0.968750 0.906250
vt 0.015625 0.921875
vt 0.046875 0.921875
vt 0.031250 0.921875
vt 0.062500 0.921875
vt 0.078125 0.921875
vt 0.093750 0.921875
vt 0.109375 0.921875
vt 0.140625 0.921875
vt 0.125000 0.921875
vt 0.156250 0.921875
vt 0.171875 0.921875
vt 0.187500 0.921875
vt 0.218750 0.921875
vt 0.203125 0.921875
vt 0.234375 0.921875
vt 0.250000 0.921875
vt 0.265625 0.921875
vt 0.296875 0.921875
vt 0.281250 0.921875
vt 0.312500 0.921875
vt 0.328125 0.921875
vt 0.343750 0.921875
vt 0.359375 0.921875
vt 0.375000 0.921875
vt 0.406250 0.921875
vt 0.390625 0.921875
vt 0.437500 0.921875
vt 0.421875 0.921875
vt 0.453125 0.921875
vt 0.484375 0.921875
vt 0.468750 0.921875
vt 0.515625 0.921875
vt 0.500000 0.921875
vt 0.546875 0.921875
vt 0.531250 0.921875
vt 0.578125 0.921875
vt 0.562500 0.921875
vt 0.593750 0.921875
vt 0.609375 0.921875
vt 0.625000 0.921875
vt 0.640625 0.921875
vt 0.671875 0.921875
vt 0.656250 0.921875
vt 0.703125 0.921875
vt 0.687500 0.921875
vt 0.718750 0.921875
vt 0.750000 0.921875
vt 0.734375 0.921875
vt 0.765625 0.921875
vt 0.796875 0.921875
vt 0.781250 0.921875
vt 0.812500 0.921875
vt 0.843750 0.921875
vt 0.828125 0.921875
vt 0.859375 0.921875
vt 0.875000 0.921875
vt 0.906250 0.921875
vt 0.890625 0.921875
vt 0.921875 0.921875
vt 0.953125 0.921875
vt 0.937500 0.921875
vt 0.968750 0.921875
vt 0.015625 0.937500
vt 0.031250 0.937500
vt 0.062500 0.937500
vt 0.046875 0.937500
vt 0.078125 0.937500
vt 0.109375 0.937500
vt 0.093750 0.937500
vt 0.125000 0.937500
vt 0.156250 0.937500
vt 0.140625 0.937500
vt 0.187500 0.937500
vt 0.171875 0.937500
vt 0.203125 0.937500
vt 0.218750 0.937500
vt 0.234375 0.937500
vt 0.265625 0.937500
vt 0.250000 0.937500
vt 0.296875 0.937500
vt 0.281250 0.937500
vt 0.312500 0.937500
vt 0.343750 0.937500
vt 0.328125 0.937500
vt 0.359375 0.937500
vt 0.375000 0.937500
vt 0.406250 0.937500
vt 0.390625 0.937500
vt 0.437500 0.937500
vt 0.421875 0.937500
vt 0.453125 0.937500
vt 0.468750 0.937500
vt 0.500000 0.937500
vt 0.484375 0.937500
vt 0.515625 0.937500
vt 0.531250 0.937500
vt 0.562500 0.937500
vt 0.546875 0.937500
vt 0.578125 0.937500
vt 0.593750 0.937500
vt 0.625000 0.937500
vt 0.609375 0.937500
vt 0.640625 0.937500
vt 0.656250 0.937500
vt 0.671875 0.937500
vt 0.703125 0.937500
vt 0.687500 0.937500
vt 0.718750 0.937500
vt 0.750000 0.937500
vt 0.734375 0.937500
vt 0.765625 0.937500
vt 0.796875 0.937500
vt 0.781250 0.937500
vt 0.812500 0.937500
vt 0.828125 0.937500
vt 0.859375 0.937500
vt 0.843750 0.937500
vt 0.875000 0.937500
vt 0.890625 0.937500
vt 0.906250 0.937500
vt 0.937500 0.937500
vt 0.921875 0.937500
vt 0.953125 0.937500
vt 0.984375 0.921875
vt 0.968750 0.937500
vt 0.031250 0.953125
vt 0.015625 0.953125
vt 0.062500 0.953125
vt 0.046875 0.953125
vt 0.078125 0.953125
vt 0.109375 0.953125
vt 0.093750 0.953125
vt 0.125000 0.953125
vt 0.140625 0.953125
vt 0.156250 0.953125
vt 0.187500 0.953125
vt 0.171875 0.953125
vt 0.203125 0.953125
vt 0.234375 0.953125
vt 0.218750 0.953125
vt 0.265625 0.953125
vt 0.250000 0.953125
vt 0.281250 0.953125
vt 0.312500 0.953125
vt 0.296875 0.953125
vt 0.328125 0.953125
vt 0.359375 0.953125
vt 0.343750 0.953125
vt 0.375000 0.953125
vt 0.406250 0.953125
vt 0.390625 0.953125
vt 0.421875 0.953125
vt 0.453125 0.953125
vt 0.437500 0.953125
vt 0.468750 0.953125
vt 0.484375 0.953125
vt 0.515625 0.953125
vt 0.500000 0.953125
vt 0.531250 0.953125
vt 0.562500 0.953125
vt 0.546875 0.953125
vt 0.578125 0.953125
vt 0.593750 0.953125
vt 0.625000 0.953125
vt 0.609375 0.953125
vt 0.640625 0.953125
vt 0.671875 0.953125
vt 0.656250 0.953125
vt 0.687500 0.953125
vt 0.703125 0.953125
vt 0.734375 0.953125
vt 0.718750 0.953125
vt 0.750000 0.953125
vt 0.765625 0.953125
vt 0.781250 0.953125
vt 0.812500 0.953125
vt 0.796875 0.953125
vt 0.843750 0.953125
vt 0.828125 0.953125
vt 0.859375 0.953125
vt 0.875000 0.953125
vt 0.890625 0.953125
vt 0.906250 0.953125
vt 0.937500 0.953125
vt 0.921875 0.953125
vt 0.968750 0.953125
vt 0.953125 0.953125
vt 0.984375 0.937500
vt 0.015625 0.968750
vt 0.031250 0.968750
vt 0.046875 0.968750
vt 0.062500 0.968750
vt 0.093750 0.968750
vt 0.078125 0.968750
vt 0.125000 0.968750
vt 0.109375 0.968750
vt 0.140625 0.968750
vt 0.171875 0.968750
vt 0.156250 0.968750
vt 0.187500 0.968750
vt 0.203125 0.968750
vt 0.218750 0.968750
vt 0.250000 0.968750
vt 0.234375 0.968750
vt 0.281250 0.968750
vt 0.265625 0.968750
vt 0.296875 0.968750
vt 0.328125 0.968750
vt 0.312500 0.968750
vt 0.343750 0.968750
vt 0.375000 0.968750
vt 0.359375 0.968750
vt 0.390625 0.968750
vt 0.421875 0.968750
vt 0.406250 0.968750
vt 0.437500 0.968750
vt 0.453125 0.968750
vt 0.484375 0.968750
vt 0.468750 0.968750
vt 0.515625 0.968750
vt 0.500000 0.968750
vt 0.531250 0.968750
vt 0.546875 0.968750
vt 0.562500 0.968750
vt 0.578125 0.968750
vt 0.593750 0.968750
vt 0.609375 0.968750
vt 0.640625 0.968750
vt 0.625000 0.968750
vt 0.671875 0.968750
vt 0.656250 0.968750
vt 0.687500 0.968750
vt 0.718750 0.968750
vt 0.703125 0.968750
vt 0.734375 0.968750
vt 0.750000 0.968750
vt 0.781250 0.968750
vt 0.765625 0.968750
vt 0.812500 0.968750
vt 0.796875 0.968750
vt 0.828125 0.968750
vt 0.859375 0.968750
vt 0.843750 0.968750
vt 0.875000 0.968750
vt 0.890625 0.968750
vt 0.906250 0.968750
vt 0.921875 0.968750
vt 0.937500 0.968750
vt 0.968750 0.968750
vt 0.953125 0.968750
vt 0.984375 0.953125
vt 0.031250 0.984375
vt 0.015625 0.984375
vt 0.062500 0.984375
vt 0.046875 0.984375
vt 0.093750 0.984375
vt 0.078125 0.984375
vt 0.109375 0.984375
vt 0.125000 0.984375
vt 0.156250 0.984375
vt 0.140625 0.984375
vt 0.171875 0.984375
vt 0.187500 0.984375
vt 0.218750 0.984375
vt 0.203125 0.984375
vt 0.234375 0.984375
vt 0.250000 0.984375
vt 0.281250 0.984375
vt 0.265625 0.984375
vt 0.296875 0.984375
vt 0.312500 0.984375
vt 0.343750 0.984375
vt 0.328125 0.984375
vt 0.359375 0.984375
vt 0.375000 0.984375
vt 0.390625 0.984375
vt 0.406250 0.984375
vt 0.437500 0.984375
vt 0.421875 0.984375
vt 0.453125 0.984375
vt 0.468750 0.984375
vt 0.484375 0.984375
vt 0.500000 0.984375
vt 0.531250 0.984375
vt 0.515625 0.984375
vt 0.546875 0.984375
vt 0.578125 0.984375
vt 0.562500 0.984375
vt 0.609375 0.984375
vt 0.593750 0.984375
vt 0.625000 0.984375
vt 0.640625 0.984375
vt 0.656250 0.984375
vt 0.671875 0.984375
vt 0.703125 0.984375
vt 0.687500 0.984375
vt 0.718750 0.984375
vt 0.734375 0.984375
vt 0.750000 0.984375
vt 0.765625 0.984375
vt 0.781250 0.984375
vt 0.812500 0.984375
vt 0.796875 0.984375
vt 0.828125 0.984375
vt 0.843750 0.984375
vt 0.875000 0.984375
vt 0.859375 0.984375
vt 0.890625 0.984375
vt 0.921875 0.984375
vt 0.906250 0.984375
vt 0.953125 0.984375
vt 0.937500 0.984375
vt 0.984375 0.984375
vt 0.968750 0.984375
vt 0.015625 0.000000
vt 0.000000 0.015625
vt 0.000000 0.000000
vt 0.046875 0.000000
vt 0.031250 0.000000
vt 0.062500 0.000000
vt 0.078125 0.000000
vt 0.093750 0.000000
vt 0.109375 0.000000
vt 0.140625 0.000000
vt 0.125000 0.000000
vt 0.156250 0.000000
vt 0.171875 0.000000
vt 0.187500 0.000000
vt 0.203125 0.000000
vt 0.218750 0.000000
vt 0.234375 0.000000
vt 0.250000 0.000000
vt 0.281250 0.000000
vt 0.265625 0.000000
vt 0.296875 0.000000
vt 0.328125 0.000000
vt 0.312500 0.000000
vt 0.359375 0.000000
vt 0.343750 0.000000
vt 0.375000 0.000000
vt 0.390625 0.000000
vt 0.421875 0.000000
vt 0.406250 0.000000
vt 0.437500 0.000000
vt 0.468750 0.000000
vt 0.453125 0.000000
vt 0.484375 0.000000
vt 0.515625 0.000000
vt 0.500000 0.000000
vt 0.546875 0.000000
vt 0.531250 0.000000
vt 0.562500 0.000000
vt 0.578125 0.000000
vt 0.609375 0.000000
vt 0.593750 0.000000
vt 0.625000 0.000000
vt 0.640625 0.000000
vt 0.671875 0.000000
vt 0.656250 0.000000
vt 0.703125 0.000000
vt 0.687500 0.000000
vt 0.718750 0.000000
vt 0.734375 0.000000
vt 0.750000 0.000000
vt 0.765625 0.000000
vt 0.796875 0.000000
vt 0.781250 0.000000
vt 0.812500 0.000000
vt 0.843750 0.000000
vt 0.828125 0.000000
vt 0.859375 0.000000
vt 0.890625 0.000000
vt 0.875000 0.000000
vt 0.906250 0.000000
vt 0.921875 0.000000
vt 0.937500 0.000000
vt 0.953125 0.000000
vt 0.984375 0.000000
vt 0.968750 0.000000
vt 1.000000 0.015625
vt 0.984375 0.031250
vt 1.000000 0.046875
vt 1.000000 0.062500
vt 0.984375 0.062500
vt 1.000000 0.078125
vt 0.984375 0.093750
vt 1.000000 0.109375
vt 1.000000 0.125000
vt 1.000000 0.140625
vt 1.000000 0.156250
vt 0.984375 0.156250
vt 1.000000 0.171875
vt 1.000000 0.187500
vt 0.984375 0.203125
vt 1.000000 0.218750
vt 1.000000 0.234375
vt 0.984375 0.250000
vt 1.000000 0.265625
vt 0.984375 0.281250
vt 1.000000 0.281250
vt 1.000000 0.296875
vt 0.984375 0.312500
vt 1.000000 0.312500
vt 1.000000 0.328125
vt 1.000000 0.343750
vt 1.000000 0.359375
vt 1.000000 0.375000
vt 1.000000 0.390625
vt 1.000000 0.421875
vt 0.984375 0.437500
vt 1.000000 0.437500
vt 1.000000 0.468750
vt 1.000000 0.484375
vt 0.984375 0.500000
vt 1.000000 0.500000
vt 1.000000 0.515625
vt 1.000000 0.546875
vt 1.000000 0.562500
vt 0.984375 0.578125
vt 1.000000 0.593750
vt 0.984375 0.609375
vt 1.000000 0.625000
vt 1.000000 0.640625
vt 1.000000 0.656250
vt 1.000000 0.671875
vt 0.984375 0.687500
vt 1.000000 0.687500
vt 1.000000 0.703125
vt 1.000000 0.718750
vt 1.000000 0.734375
vt 0.984375 0.750000
vt 1.000000 0.750000
vt 1.000000 0.765625
vt 1.000000 0.796875
vt 0.984375 0.796875
vt 1.000000 0.812500
vt 1.000000 0.828125
vt 1.000000 0.843750
vt 1.000000 0.875000
vt 1.000000 0.890625
vt 1.000000 0.921875
vt 1.000000 0.937500
vt 1.000000 0.968750
vt 0.984375 0.968750
vt 1.000000 0.984375
vt 0.984375 1.000000
vt 0.968750 1.000000
vt 0.953125 1.000000
vt 0.937500 1.000000
vt 0.921875 1.000000
vt 0.906250 1.000000
vt 0.890625 1.000000
vt 0.875000 1.000000
vt 0.859375 1.000000
vt 0.843750 1.000000
vt 0.828125 1.000000
vt 0.812500 1.000000
vt 0.796875 1.000000
vt 0.781250 1.000000
vt 0.765625 1.000000
vt 0.750000 1.000000
vt 0.734375 1.000000
vt 0.718750 1.000000
vt 0.703125 1.000000
vt 0.687500 1.000000
vt 0.671875 1.000000
vt 0.656250 1.000000
vt 0.640625 1.000000
vt 0.625000 1.000000
vt 0.609375 1.000000
vt 0.593750 1.000000
vt 0.578125 1.000000
vt 0.562500 1.000000
vt 0.546875 1.000000
vt 0.531250 1.000000
vt 0.515625 1.000000
vt 0.500000 1.000000
vt 0.484375 1.000000
vt 0.468750 1.000000
vt 0.453125 1.000000
vt 0.437500 1.000000
vt 0.421875 1.000000
vt 0.406250 1.000000
vt 0.390625 1.000000
vt 0.375000 1.000000
vt 0.359375 1.000000
vt 0.343750 1.000000
vt 0.328125 1.000000
vt 0.312500 1.000000
vt 0.296875 1.000000
vt 0.281250 1.000000
vt 0.265625 1.000000
vt 0.250000 1.000000
vt 0.234375 1.000000
vt 0.218750 1.000000
vt 0.203125 1.000000
vt 0.187500 1.000000
vt 0.171875 1.000000
vt 0.156250 1.000000
vt 0.140625 1.000000
vt 0.125000 1.000000
vt 0.109375 1.000000
vt 0.093750 1.000000
vt 0.078125 1.000000
vt 0.062500 1.000000
vt 0.046875 1.000000
vt 0.031250 1.000000
vt 0.015625 1.000000
vt 0.000000 0.984375
vt 0.000000 1.000000
vt 0.000000 0.968750
vt 0.000000 0.953125
vt 0.000000 0.937500
vt 0.000000 0.921875
vt 0.000000 0.906250
vt 0.000000 0.890625
vt 0.000000 0.875000
vt 0.000000 0.859375
vt 0.000000 0.843750
vt 0.000000 0.828125
vt 0.000000 0.812500
vt 0.000000 0.796875
vt 0.000000 0.781250
vt 0.000000 0.765625
vt 0.000000 0.750000
vt 0.000000 0.734375
vt 0.000000 0.718750
vt 0.000000 0.703125
vt 0.000000 0.687500
vt 0.000000 0.671875
vt 0.000000 0.656250
vt 0.000000 0.640625
vt 0.000000 0.625000
vt 0.000000 0.609375
vt 0.000000 0.593750
vt 0.000000 0.578125
vt 0.000000 0.562500
vt 0.000000 0.546875
vt 0.000000 0.531250
vt 0.000000 0.515625
vt 0.000000 0.500000
vt 0.000000 0.484375
vt 0.000000 0.468750
vt 0.000000 0.453125
vt 0.000000 0.437500
vt 0.000000 0.421875
vt 0.000000 0.406250
vt 0.000000 0.390625
vt 0.000000 0.375000
vt 0.000000 0.359375
vt 0.000000 0.343750
vt 0.000000 0.328125
vt 0.000000 0.312500
vt 0.000000 0.296875
vt 0.000000 0.281250
vt 0.000000 0.265625
vt 0.000000 0.250000
vt 0.000000 0.234375
vt 0.000000 0.218750
vt 0.000000 0.203125
vt 0.000000 0.187500
vt 0.000000 0.171875
vt 0.000000 0.156250
vt 0.000000 0.140625
vt 0.000000 0.125000
vt 0.000000 0.109375
vt 0.000000 0.093750
vt 0.000000 0.078125
vt 0.000000 0.062500
vt 0.000000 0.046875
vt 0.000000 0.031250
vt 1.000000 0.000000
vt 1.000000 0.031250
vt 1.000000 0.093750
vt 1.000000 0.203125
vt 1.000000 0.250000
vt 1.000000 0.406250
vt 1.000000 0.453125
vt 1.000000 0.531250
vt 1.000000 0.578125
vt 1.000000 0.609375
vt 1.000000 0.781250
vt 1.000000 0.859375
vt 1.000000 0.906250
vt 1.000000 0.953125
vt 1.000000 1.000000
s 0
f 257/1/1 321/2/1 320/3/1
f 259/4/2 321/2/2 258/5/2
f 260/6/3 322/7/3 259/4/3
f 260/6/4 324/8/4 323/9/4
f 261/10/5 325/11/5 324/8/5
f 262/12/6 326/13/6 325/11/6
f 263/14/7 327/15/7 326/13/7
f 265/16/8 327/15/8 264/17/8
f 265/16/9 329/18/9 328/19/9
f 267/20/10 329/18/10 266/21/10
f 268/22/11 330/23/11 267/20/11
f 268/22/12 332/24/12 331/25/12
f 270/26/13 332/24/13 269/27/13
f 270/26/14 334/28/14 333/29/14
f 272/30/15 334/28/15 271/31/15
f 273/32/16 335/33/16 272/30/16
f 273/32/17 337/34/17 336/35/17
f 275/36/18 337/34/18 274/37/18
f 275/36/19 339/38/19 338/39/19
f 277/40/20 339/38/20 276/41/20
f 277/40/21 341/42/21 340/43/21
f 278/44/22 342/45/22 341/42/22
f 279/46/23 343/47/23 342/45/23
f 280/48/24 344/49/24 343/47/24
f 282/50/25 344/49/25 281/51/25
f 282/50/26 346/52/26 345/53/26
f 283/54/27 347/55/27 346/52/27
f 285/56/28 347/55/28 284/57/28
f 285/56/29 349/58/29 348/59/29
f 287/60/30 349/58/30 286/61/30
f 287/60/31 351/62/31 350/63/31
f 289/64/32 351/62/32 288/65/32
f 289/64/33 353/66/33 352/67/33
f 291/68/34 353/66/34 290/69/34
f 291/68/35 355/70/35 354/71/35
f 293/72/36 355/70/36 292/73/36
f 294/74/37 356/75/37 293/72/37
f 295/76/38 357/77/38 294/74/38
f 296/78/39 358/79/39 295/76/39
f 297/80/40 359/81/40 296/78/40
f 298/82/41 360/83/41 297/80/41
f 299/84/42 361/85/42 298/82/42
f 299/84/43 363/86/43 362/87/43
f 301/88/44 363/86/44 300/89/44
f 302/90/45 364/91/45 301/88/45
f 303/92/46 365/93/46 302/90/46
f 303/92/47 367/94/47 366/95/47
f 305/96/48 367/94/48 304/97/48
f 306/98/49 368/99/49 305/96/49
f 306/98/50 370/100/50 369/101/50
f 308/102/51 370/100/51 307/103/51
f 309/104/52 371/105/52 308/102/52
f 310/106/53 372/107/53 309/104/53
f 311/108/54 373/109/54 310/106/54
f 311/108/55 375/110/55 374/111/55
f 313/112/56 375/110/56 312/113/56
f 314/114/57 376/115/57 313/112/57
f 315/116/58 377/117/58 314/114/58
f 315/116/59 379/118/59 378/119/59
f 317/120/60 379/118/60 316/121/60
f 317/120/61 381/122/61 380/123/61
f 319/124/62 381/122/62 318/125/62
f 321/2/63 383/126/63 320/3/63
f 322/7/64 384/127/64 321/2/64
f 323/9/65 385/128/65 322/7/65
f 323/9/66 387/129/66 386/130/66
f 325/11/67 387/129/67 324/8/67
f 326/13/68 388/131/68 325/11/68
f 327/15/69 389/132/69 326/13/69
f 328/19/70 390/133/70 327/15/70
f 328/19/71 392/134/71 391/135/71
f 330/23/72 392/134/72 329/18/72
f 331/25/73 393/136/73 330/23/73
f 332/24/74 394/137/74 331/25/74
f 333/29/75 395/138/75 332/24/75
f 333/29/76 397/139/76 396/140/76
f 334/28/77 398/141/77 397/139/77
f 335/33/78 399/142/78 398/141/78
f 336/35/79 400/143/79 399/142/79
f 337/34/80 401/144/80 400/143/80
f 339/38/81 401/144/81 338/39/81
f 340/43/82 402/145/82 339/38/82
f 341/42/83 403/146/83 340/43/83
f 341/42/84 405/147/84 404/148/84
f 343/47/85 405/147/85 342/45/85
f 344/49/86 406/149/86 343/47/86
f 344/49/87 408/150/87 407/151/87
f 346/52/88 408/150/88 345/53/88
f 347/55/89 409/152/89 346/52/89
f 348/59/90 410/153/90 347/55/90
f 348/59/91 412/154/91 411/155/91
f 350/63/92 412/154/92 349/58/92
f 350/63/93 414/156/93 413/157/93
f 351/62/94 415/158/94 414/156/94
f 352/67/95 416/159/95 415/158/95
f 354/71/96 416/159/96 353/66/96
f 354/71/97 418/160/97 417/161/97
f 355/70/98 419/162/98 418/160/98
f 356/75/99 420/163/99 419/162/99
f 358/79/100 420/163/100 357/77/100
f 359/81/101 421/164/101 358/79/101
f 359/81/102 423/165/102 422/166/102
f 360/83/103 424/167/103 423/165/103
f 362/87/104 424/167/104 361/85/104
f 363/86/105 425/168/105 362/87/105
f 364/91/106 426/169/106 363/86/106
f 364/91/107 428/170/107 427/171/107
f 366/95/108 428/170/108 365/93/108
f 367/94/109 429/172/109 366/95/109
f 367/94/110 431/173/110 430/174/110
f 369/101/111 431/173/111 368/99/111
f 369/101/112 433/175/112 432/176/112
f 370/100/113 434/177/113 433/175/113
f 371/105/114 435/178/114 434/177/114
f 372/107/115 436/179/115 435/178/115
f 374/111/116 436/179/116 373/109/116
f 374/111/117 438/180/117 437/181/117
f 375/110/118 439/182/118 438/180/118
f 376/115/119 440/183/119 439/182/119
f 377/117/120 441/184/120 440/183/120
f 378/119/121 442/185/121 441/184/121
f 379/118/122 443/186/122 442/185/122
f 380/123/123 444/187/123 443/186/123
f 381/122/124 445/188/124 444/187/124
f 384/127/125 446/189/125 383/126/125
f 385/128/126 447/190/126 384/127/126
f 386/130/127 448/191/127 385/128/127
f 386/130/128 450/192/128 449/193/128
f 388/131/129 450/192/129 387/129/129
f 388/131/130 452/194/130 451/195/130
f 390/133/131 452/194/131 389/132/131
f 391/135/132 453/196/132 390/133/132
f 391/135/133 455/197/133 454/198/133
f 393/136/134 455/197/134 392/134/134
f 394/137/135 456/199/135 393/136/135
f 394/137/136 458/200/136 457/201/136
f 396/140/137 458/200/137 395/138/137
f 397/139/138 459/202/138 396/140/138
f 398/141/139 460/203/139 397/139/139
f 399/142/140 461/204/140 398/141/140
f 400/143/141 462/205/141 399/142/141
f 401/144/142 463/206/142 400/143/142
f 401/144/143 465/207/143 464/208/143
f 403/146/144 465/207/144 402/145/144
f 404/148/145 466/209/145 403/146/145
f 404/148/146 468/210/146 467/211/146
f 405/147/147 469/212/147 468/210/147
f 406/149/148 470/213/148 469/212/148
f 407/151/149 471/214/149 470/213/149
f 409/152/150 471/214/150 408/150/150
f 409/152/151 473/215/151 472/216/151
f 410/153/152 474/217/152 473/215/152
f 411/155/153 475/218/153 474/217/153
f 413/157/154 475/218/154 412/154/154
f 413/157/155 477/219/155 476/220/155
f 415/158/156 477/219/156 414/156/156
f 415/158/157 479/221/157 478/222/157
f 417/161/158 479/221/158 416/159/158
f 417/161/159 481/223/159 480/224/159
f 419/162/160 481/223/160 418/160/160
f 419/162/161 483/225/161 482/226/161
f 420/163/162 484/227/162 483/225/162
f 422/166/163 484/227/163 421/164/163
f 423/165/164 485/228/164 422/166/164
f 424/167/165 486/229/165 423/165/165
f 424/167/166 488/230/166 487/231/166
f 425/168/167 489/232/167 488/230/167
f 427/171/168 489/232/168 426/169/168
f 427/171/169 491/233/169 490/234/169
f 428/170/170 492/235/170 491/233/170
f 430/174/171 492/235/171 429/172/171
f 430/174/172 494/236/172 493/237/172
f 432/176/173 494/236/173 431/173/173
f 433/175/174 495/238/174 432/176/174
f 433/175/175 497/239/175 496/240/175
f 435/178/176 497/239/176 434/177/176
f 436/179/177 498/241/177 435/178/177
f 437/181/178 499/242/178 436/179/178
f 437/181/179 501/243/179 500/244/179
f 438/180/180 502/245/180 501/243/180
f 440/183/181 502/245/181 439/182/181
f 441/184/182 503/246/182 440/183/182
f 441/184/183 505/247/183 504/248/183
f 442/185/184 506/249/184 505/247/184
f 443/186/185 507/250/185 506/249/185
f 445/188/186 507/250/186 444/187/186
f 447/190/187 509/251/187 446/189/187
f 448/191/188 510/252/188 447/190/188
f 448/191/189 512/253/189 511/254/189
f 449/193/190 513/255/190 512/253/190
f 451/195/191 513/255/191 450/192/191
f 452/194/192 514/256/192 451/195/192
f 452/194/193 516/257/193 515/258/193
f 454/198/194 516/257/194 453/196/194
f 454/198/195 518/259/195 517/260/195
f 456/199/196 518/259/196 455/197/196
f 456/199/197 520/261/197 519/262/197
f 458/200/198 520/261/198 457/201/198
f 458/200/199 522/263/199 521/264/199
f 460/203/200 522/263/200 459/202/200
f 461/204/201 523/265/201 460/203/201
f 461/204/202 525/266/202 524/267/202
f 462/205/203 526/268/203 525/266/203
f 464/208/204 526/268/204 463/206/204
f 464/208/205 528/269/205 527/270/205
f 466/209/206 528/269/206 465/207/206
f 466/209/207 530/271/207 529/272/207
f 467/211/208 531/273/208 530/271/208
f 468/210/209 532/274/209 531/273/209
f 470/213/210 532/274/210 469/212/210
f 470/213/211 534/275/211 533/276/211
f 471/214/212 535/277/212 534/275/212
f 473/215/213 535/277/213 472/216/213
f 474/217/214 536/278/214 473/215/214
f 474/217/215 538/279/215 537/280/215
f 476/220/216 538/279/216 475/218/216
f 476/220/217 540/281/217 539/282/217
f 478/222/218 540/281/218 477/219/218
f 478/222/219 542/283/219 541/284/219
f 480/224/220 542/283/220 479/221/220
f 481/223/221 543/285/221 480/224/221
f 482/226/222 544/286/222 481/223/222
f 482/226/223 546/287/223 545/288/223
f 483/225/224 547/289/224 546/287/224
f 484/227/225 548/290/225 547/289/225
f 486/229/226 548/290/226 485/228/226
f 487/231/227 549/291/227 486/229/227
f 488/230/228 550/292/228 487/231/228
f 488/230/229 552/293/229 551/294/229
f 490/234/230 552/293/230 489/232/230
f 490/234/231 554/295/231 553/296/231
f 491/233/232 555/297/232 554/295/232
f 493/237/233 555/297/233 492/235/233
f 494/236/234 556/298/234 493/237/234
f 494/236/235 558/299/235 557/300/235
f 496/240/236 558/299/236 495/238/236
f 497/239/237 559/301/237 496/240/237
f 498/241/238 560/302/238 497/239/238
f 498/241/239 562/303/239 561/304/239
f 500/244/240 562/303/240 499/242/240
f 501/243/241 563/305/241 500/244/241
f 501/243/242 565/306/242 564/307/242
f 502/245/243 566/308/243 565/306/243
f 503/246/244 567/309/244 566/308/244
f 505/247/245 567/309/245 504/248/245
f 505/247/246 569/310/246 568/311/246
f 506/249/247 570/312/247 569/310/247
f 507/250/248 571/313/248 570/312/248
f 509/251/249 573/314/249 572/315/249
f 510/252/250 574/316/250 573/314/250
f 511/254/251 575/317/251 574/316/251
f 513/255/252 575/317/252 512/253/252
f 514/256/253 576/318/253 513/255/253
f 515/258/254 577/319/254 514/256/254
f 515/258/255 579/320/255 578/321/255
f 517/260/256 579/320/256 516/257/256
f 518/259/257 580/322/257 517/260/257
f 518/259/258 582/323/258 581/324/258
f 520/261/259 582/323/259 519/262/259
f 521/264/260 583/325/260 520/261/260
f 521/264/261 585/326/261 584/327/261
f 522/263/262 586/328/262 585/326/262
f 524/267/263 586/328/263 523/265/263
f 525/266/264 587/329/264 524/267/264
f 526/268/265 588/330/265 525/266/265
f 527/270/266 589/331/266 526/268/266
f 527/270/267 591/332/267 590/333/267
f 529/272/268 591/332/268 528/269/268
f 529/272/269 593/334/269 592/335/269
f 530/271/270 594/336/270 593/334/270
f 531/273/271 595/337/271 594/336/271
f 533/276/272 595/337/272 532/274/272
f 533/276/273 597/338/273 596/339/273
f 534/275/274 598/340/274 597/338/274
f 536/278/275 598/340/275 535/277/275
f 537/280/276 599/341/276 536/278/276
f 537/280/277 601/342/277 600/343/277
f 539/282/278 601/342/278 538/279/278
f 539/282/279 603/344/279 602/345/279
f 541/284/280 603/344/280 540/281/280
f 542/283/281 604/346/281 541/284/281
f 542/283/282 606/347/282 605/348/282
f 543/285/283 607/349/283 606/347/283
f 545/288/284 607/349/284 544/286/284
f 546/287/285 608/350/285 545/288/285
f 547/289/286 609/351/286 546/287/286
f 547/289/287 611/352/287 610/353/287
f 549/291/288 611/352/288 548/290/288
f 550/292/289 612/354/289 549/291/289
f 550/292/290 614/355/290 613/356/290
f 551/294/291 615/357/291 614/355/291
f 553/296/292 615/357/292 552/293/292
f 553/296/293 617/358/293 616/359/293
f 554/295/294 618/360/294 617/358/294
f 555/297/295 619/361/295 618/360/295
f 556/298/296 620/362/296 619/361/296
f 557/300/297 621/363/297 620/362/297
f 559/301/298 621/363/298 558/299/298
f 560/302/299 622/364/299 559/301/299
f 560/302/300 624/365/300 623/366/300
f 562/303/301 624/365/301 561/304/301
f 562/303/302 626/367/302 625/368/302
f 563/305/303 627/369/303 626/367/303
f 565/306/304 627/369/304 564/307/304
f 565/306/305 629/370/305 628/371/305
f 566/308/306 630/372/306 629/370/306
f 567/309/307 631/373/307 630/372/307
f 569/310/308 631/373/308 568/311/308
f 569/310/309 633/374/309 632/375/309
f 571/313/310 633/374/310 570/312/310
f 573/314/311 635/376/311 572/315/311
f 574/316/312 636/377/312 573/314/312
f 575/317/313 637/378/313 574/316/313
f 576/318/314 638/379/314 575/317/314
f 577/319/315 639/380/315 576/318/315
f 578/321/316 640/381/316 577/319/316
f 579/320/317 641/382/317 578/321/317
f 580/322/318 642/383/318 579/320/318
f 580/322/319 644/384/319 643/385/319
f 581/324/320 645/386/320 644/384/320
f 583/325/321 645/386/321 582/323/321
f 583/325/322 647/387/322 646/388/322
f 585/326/323 647/387/323 584/327/323
f 586/328/324 648/389/324 585/326/324
f 587/329/325 649/390/325 586/328/325
f 588/330/326 650/391/326 587/329/326
f 588/330/327 652/392/327 651/393/327
f 590/333/328 652/392/328 589/331/328
f 590/333/329 654/394/329 653/395/329
f 592/335/330 654/394/330 591/332/330
f 592/335/331 656/396/331 655/397/331
f 594/336/332 656/396/332 593/334/332
f 595/337/333 657/398/333 594/336/333
f 596/339/334 658/399/334 595/337/334
f 597/338/335 659/400/335 596/339/335
f 598/340/336 660/401/336 597/338/336
f 599/341/337 661/402/337 598/340/337
f 599/341/338 663/403/338 662/404/338
f 601/342/339 663/403/339 600/343/339
f 602/345/340 664/405/340 601/342/340
f 603/344/341 665/406/341 602/345/341
f 603/344/342 667/407/342 666/408/342
f 605/348/343 667/407/343 604/346/343
f 605/348/344 669/409/344 668/410/344
f 607/349/345 669/409/345 606/347/345
f 608/350/346 670/411/346 607/349/346
f 608/350/347 672/412/347 671/413/347
f 609/351/348 673/414/348 672/412/348
f 610/353/349 674/415/349 673/414/349
f 612/354/350 674/415/350 611/352/350
f 612/354/351 676/416/351 675/417/351
f 614/355/352 676/416/352 613/356/352
f 614/355/353 678/418/353 677/419/353
f 616/359/354 678/418/354 615/357/354
f 616/359/355 680/420/355 679/421/355
f 618/360/356 680/420/356 617/358/356
f 618/360/357 682/422/357 681/423/357
f 620/362/358 682/422/358 619/361/358
f 620/362/359 684/424/359 683/425/359
f 622/364/360 684/424/360 621/363/360
f 622/364/361 686/426/361 685/427/361
f 624/365/362 686/426/362 623/366/362
f 625/368/363 687/428/363 624/365/363
f 625/368/364 689/429/364 688/430/364
f 626/367/365 690/431/365 689/429/365
f 628/371/366 690/431/366 627/369/366
f 629/370/367 691/432/367 628/371/367
f 630/372/368 692/433/368 629/370/368
f 631/373/369 693/434/369 630/372/369
f 631/373/370 695/435/370 694/436/370
f 632/375/371 696/437/371 695/435/371
f 633/374/372 697/438/372 696/437/372
f 635/376/373 699/439/373 698/440/373
f 637/378/374 699/439/374 636/377/374
f 638/379/375 700/441/375 637/378/375
f 638/379/376 702/442/376 701/443/376
f 640/381/377 702/442/377 639/380/377
f 641/382/378 703/444/378 640/381/378
f 641/382/379 705/445/379 704/446/379
f 643/385/380 705/445/380 642/383/380
f 644/384/381 706/447/381 643/385/381
f 645/386/382 707/448/382 644/384/382
f 646/388/383 708/449/383 645/386/383
f 647/387/384 709/450/384 646/388/384
f 648/389/385 710/451/385 647/387/385
f 649/390/386 711/452/386 648/389/386
f 650/391/387 712/453/387 649/390/387
f 650/391/388 714/454/388 713/455/388
f 651/393/389 715/456/389 714/454/389
f 652/392/390 716/457/390 715/456/390
f 653/395/391 717/458/391 716/457/391
f 654/394/392 718/459/392 717/458/392
f 656/396/393 718/459/393 655/397/393
f 657/398/394 719/460/394 656/396/394
f 657/398/395 721/461/395 720/462/395
f 659/400/396 721/461/396 658/399/396
f 659/400/397 723/463/397 722/464/397
f 660/401/398 724/465/398 723/463/398
f 661/402/399 725/466/399 724/465/399
f 662/404/400 726/467/400 725/466/400
f 664/405/401 726/467/401 663/403/401
f 664/405/402 728/468/402 727/469/402
f 665/406/403 729/470/403 728/468/403
f 667/407/404 729/470/404 666/408/404
f 668/410/405 730/471/405 667/407/405
f 668/410/406 732/472/406 731/473/406
f 669/409/407 733/474/407 732/472/407
f 671/413/408 733/474/408 670/411/408
f 671/413/409 735/475/409 734/476/409
f 673/414/410 735/475/410 672/412/410
f 673/414/411 737/477/411 736/478/411
f 675/417/412 737/477/412 674/415/412
f 675/417/413 739/479/413 738/480/413
f 677/419/414 739/479/414 676/416/414
f 678/418/415 740/481/415 677/419/415
f 679/421/416 741/482/416 678/418/416
f 680/420/417 742/483/417 679/421/417
f 681/423/418 743/484/418 680/420/418
f 682/422/419 744/485/419 681/423/419
f 683/425/420 745/486/420 682/422/420
f 683/425/421 747/487/421 746/488/421
f 685/427/422 747/487/422 684/424/422
f 685/427/423 749/489/423 748/490/423
f 687/428/424 749/489/424 686/426/424
f 687/428/425 751/491/425 750/492/425
f 689/429/426 751/491/426 688/430/426
f 689/429/427 753/493/427 752/494/427
f 690/431/428 754/495/428 753/493/428
f 691/432/429 755/496/429 754/495/429
f 692/433/430 756/497/430 755/496/430
f 693/434/431 757/498/431 756/497/431
f 695/435/432 757/498/432 694/436/432
f 695/435/433 759/499/433 758/500/433
f 697/438/434 759/499/434 696/437/434
f 698/440/435 762/501/435 761/502/435
f 700/441/436 762/501/436 699/439/436
f 700/441/437 764/503/437 763/504/437
f 701/443/438 765/505/438 764/503/438
f 703/444/439 765/505/439 702/442/439
f 704/446/440 766/506/440 703/444/440
f 705/445/441 767/507/441 704/446/441
f 706/447/442 768/508/442 705/445/442
f 707/448/443 769/509/443 706/447/443
f 707/448/444 771/510/444 770/511/444
f 708/449/445 772/512/445 771/510/445
f 710/451/446 772/512/446 709/450/446
f 710/451/447 774/513/447 773/514/447
f 711/452/448 775/515/448 774/513/448
f 713/455/449 775/515/449 712/453/449
f 713/455/450 777/516/450 776/517/450
f 715/456/451 777/516/451 714/454/451
f 716/457/452 778/518/452 715/456/452
f 717/458/453 779/519/453 716/457/453
f 718/459/454 780/520/454 717/458/454
f 719/460/455 781/521/455 718/459/455
f 719/460/456 783/522/456 782/523/456
f 720/462/457 784/524/457 783/522/457
f 722/464/458 784/524/458 721/461/458
f 723/463/459 785/525/459 722/464/459
f 724/465/460 786/526/460 723/463/460
f 725/466/461 787/527/461 724/465/461
f 725/466/462 789/528/462 788/529/462
f 727/469/463 789/528/463 726/467/463
f 727/469/464 791/530/464 790/531/464
f 728/468/465 792/532/465 791/530/465
f 730/471/466 792/532/466 729/470/466
f 730/471/467 794/533/467 793/534/467
f 731/473/468 795/535/468 794/533/468
f 732/472/469 796/536/469 795/535/469
f 734/476/470 796/536/470 733/474/470
f 735/475/471 797/537/471 734/476/471
f 736/478/472 798/538/472 735/475/472
f 736/478/473 800/539/473 799/540/473
f 738/480/474 800/539/474 737/477/474
f 738/480/475 802/541/475 801/542/475
f 739/479/476 803/543/476 802/541/476
f 741/482/477 803/543/477 740/481/477
f 741/482/478 805/544/478 804/545/478
f 742/483/479 806/546/479 805/544/479
f 743/484/480 807/547/480 806/546/480
f 744/485/481 808/548/481 807/547/481
f 746/488/482 808/548/482 745/486/482
f 747/487/483 809/549/483 746/488/483
f 748/490/484 810/550/484 747/487/484
f 749/489/485 811/551/485 748/490/485
f 750/492/486 812/552/486 749/489/486
f 750/492/487 814/553/487 813/554/487
f 751/491/488 815/555/488 814/553/488
f 752/494/489 816/556/489 815/555/489
f 753/493/490 817/557/490 816/556/490
f 755/496/491 817/557/491 754/495/491
f 756/497/492 818/558/492 755/496/492
f 757/498/493 819/559/493 756/497/493
f 757/498/494 821/560/494 820/561/494
f 758/500/495 822/562/495 821/560/495
f 760/563/496 822/562/496 759/499/496
f 762/501/497 824/564/497 761/502/497
f 763/504/498 825/565/498 762/501/498
f 763/504/499 827/566/499 826/567/499
f 765/505/500 827/566/500 764/503/500
f 766/506/501 828/568/501 765/505/501
f 766/506/502 830/569/502 829/570/502
f 767/507/503 831/571/503 830/569/503
f 769/509/504 831/571/504 768/508/504
f 770/511/505 832/572/505 769/509/505
f 771/510/506 833/573/506 770/511/506
f 772/512/507 834/574/507 771/510/507
f 773/514/508 835/575/508 772/512/508
f 773/514/509 837/576/509 836/577/509
f 775/515/510 837/576/510 774/513/510
f 776/517/511 838/578/511 775/515/511
f 776/517/512 840/579/512 839/580/512
f 778/518/513 840/579/513 777/516/513
f 778/518/514 842/581/514 841/582/514
f 779/519/515 843/583/515 842/581/515
f 780/520/516 844/584/516 843/583/516
f 781/521/517 845/585/517 844/584/517
f 782/523/518 846/586/518 845/585/518
f 783/522/519 847/587/519 846/586/519
f 785/525/520 847/587/520 784/524/520
f 786/526/521 848/588/521 785/525/521
f 787/527/522 849/589/522 786/526/522
f 788/529/523 850/590/523 787/527/523
f 788/529/524 852/591/524 851/592/524
f 790/531/525 852/591/525 789/528/525
f 791/530/526 853/593/526 790/531/526
f 792/532/527 854/594/527 791/530/527
f 792/532/528 856/595/528 855/596/528
f 794/533/529 856/595/529 793/534/529
f 794/533/530 858/597/530 857/598/530
f 796/536/531 858/597/531 795/535/531
f 796/536/532 860/599/532 859/600/532
f 797/537/533 861/601/533 860/599/533
f 798/538/534 862/602/534 861/601/534
f 799/540/535 863/603/535 862/602/535
f 801/542/536 863/603/536 800/539/536
f 802/541/537 864/604/537 801/542/537
f 802/541/538 866/605/538 865/606/538
f 804/545/539 866/605/539 803/543/539
f 804/545/540 868/607/540 867/608/540
f 806/546/541 868/607/541 805/544/541
f 807/547/542 869/609/542 806/546/542
f 807/547/543 871/610/543 870/611/543
f 808/548/544 872/612/544 871/610/544
f 809/549/545 873/613/545 872/612/545
f 810/550/546 874/614/546 873/613/546
f 811/551/547 875/615/547 874/614/547
f 812/552/548 876/616/548 875/615/548
f 814/553/549 876/616/549 813/554/549
f 814/553/550 878/617/550 877/618/550
f 815/555/551 879/619/551 878/617/551
f 817/557/552 879/619/552 816/556/552
f 818/558/553 880/620/553 817/557/553
f 819/559/554 881/621/554 818/558/554
f 820/561/555 882/622/555 819/559/555
f 821/560/556 883/623/556 820/561/556
f 822/562/557 884/624/557 821/560/557
f 823/625/558 885/626/558 822/562/558
f 825/565/559 887/627/559 824/564/559
f 826/567/560 888/628/560 825/565/560
f 827/566/561 889/629/561 826/567/561
f 827/566/562 891/630/562 890/631/562
f 829/570/563 891/630/563 828/568/563
f 830/569/564 892/632/564 829/570/564
f 830/569/565 894/633/565 893/634/565
f 832/572/566 894/633/566 831/571/566
f 832/572/567 896/635/567 895/636/567
f 833/573/568 897/637/568 896/635/568
f 835/575/569 897/637/569 834/574/569
f 836/577/570 898/638/570 835/575/570
f 836/577/571 900/639/571 899/640/571
f 837/576/572 901/641/572 900/639/572
f 839/580/573 901/641/573 838/578/573
f 839/580/574 903/642/574 902/643/574
f 841/582/575 903/642/575 840/579/575
f 842/581/576 904/644/576 841/582/576
f 842/581/577 906/645/577 905/646/577
f 844/584/578 906/645/578 843/583/578
f 844/584/579 908/647/579 907/648/579
f 846/586/580 908/647/580 845/585/580
f 846/586/581 910/649/581 909/650/581
f 848/588/582 910/649/582 847/587/582
f 848/588/583 912/651/583 911/652/583
f 849/589/584 913/653/584 912/651/584
f 851/592/585 913/653/585 850/590/585
f 851/592/586 915/654/586 914/655/586
f 853/593/587 915/654/587 852/591/587
f 853/593/588 917/656/588 916/657/588
f 854/594/589 918/658/589 917/656/589
f 856/595/590 918/658/590 855/596/590
f 857/598/591 919/659/591 856/595/591
f 857/598/592 921/660/592 920/661/592
f 859/600/593 921/660/593 858/597/593
f 859/600/594 923/662/594 922/663/594
f 861/601/595 923/662/595 860/599/595
f 862/602/596 924/664/596 861/601/596
f 862/602/597 926/665/597 925/666/597
f 864/604/598 926/665/598 863/603/598
f 864/604/599 928/667/599 927/668/599
f 866/605/600 928/667/600 865/606/600
f 867/608/601 929/669/601 866/605/601
f 867/608/602 931/670/602 930/671/602
f 869/609/603 931/670/603 868/607/603
f 870/611/604 932/672/604 869/609/604
f 871/610/605 933/673/605 870/611/605
f 871/610/606 935/674/606 934/675/606
f 873/613/607 935/674/607 872/612/607
f 874/614/608 936/676/608 873/613/608
f 875/615/609 937/677/609 874/614/609
f 876/616/610 938/678/610 875/615/610
f 877/618/611 939/679/611 876/616/611
f 878/617/612 940/680/612 877/618/612
f 878/617/613 942/681/613 941/682/613
f 880/620/614 942/681/614 879/619/614
f 881/621/615 943/683/615 880/620/615
f 882/622/616 944/684/616 881/621/616
f 882/622/617 946/685/617 945/686/617
f 884/624/618 946/685/618 883/623/618
f 884/624/619 948/687/619 947/688/619
f 885/626/620 949/689/620 948/687/620
f 888/628/621 950/690/621 887/627/621
f 888/628/622 952/691/622 951/692/622
f 889/629/623 953/693/623 952/691/623
f 890/631/624 954/694/624 953/693/624
f 892/632/625 954/694/625 891/630/625
f 893/634/626 955/695/626 892/632/626
f 893/634/627 957/696/627 956/697/627
f 895/636/628 957/696/628 894/633/628
f 896/635/629 958/698/629 895/636/629
f 897/637/630 959/699/630 896/635/630
f 897/637/631 961/700/631 960/701/631
f 898/638/632 962/702/632 961/700/632
f 899/640/633 963/703/633 962/702/633
f 901/641/634 963/703/634 900/639/634
f 902/643/635 964/704/635 901/641/635
f 902/643/636 966/705/636 965/706/636
f 903/642/637 967/707/637 966/705/637
f 905/646/638 967/707/638 904/644/638
f 905/646/639 969/708/639 968/709/639
f 906/645/640 970/710/640 969/708/640
f 908/647/641 970/710/641 907/648/641
f 909/650/642 971/711/642 908/647/642
f 909/650/643 973/712/643 972/713/643
f 911/652/644 973/712/644 910/649/644
f 911/652/645 975/714/645 974/715/645
f 912/651/646 976/716/646 975/714/646
f 914/655/647 976/716/647 913/653/647
f 915/654/648 977/717/648 914/655/648
f 916/657/649 978/718/649 915/654/649
f 917/656/650 979/719/650 916/657/650
f 917/656/651 981/720/651 980/721/651
f 919/659/652 981/720/652 918/658/652
f 920/661/653 982/722/653 919/659/653
f 921/660/654 983/723/654 920/661/654
f 921/660/655 985/724/655 984/725/655
f 923/662/656 985/724/656 922/663/656
f 924/664/657 986/726/657 923/662/657
f 924/664/658 988/727/658 987/728/658
f 925/666/659 989/729/659 988/727/659
f 927/668/660 989/729/660 926/665/660
f 927/668/661 991/730/661 990/731/661
f 929/669/662 991/730/662 928/667/662
f 929/669/663 993/732/663 992/733/663
f 931/670/664 993/732/664 930/671/664
f 932/672/665 994/734/665 931/670/665
f 932/672/666 996/735/666 995/736/666
f 934/675/667 996/735/667 933/673/667
f 934/675/668 998/737/668 997/738/668
f 935/674/669 999/739/669 998/737/669
f 936/676/670 1000/740/670 999/739/670
f 937/677/671 1001/741/671 1000/740/671
f 938/678/672 1002/742/672 1001/741/672
f 940/680/673 1002/742/673 939/679/673
f 941/682/674 1003/743/674 940/680/674
f 942/681/675 1004/744/675 941/682/675
f 943/683/676 1005/745/676 942/681/676
f 944/684/677 1006/746/677 943/683/677
f 944/684/678 1008/747/678 1007/748/678
f 946/685/679 1008/747/679 945/686/679
f 946/685/680 1010/749/680 1009/750/680
f 948/687/681 1010/749/681 947/688/681
f 949/689/682 1011/751/682 948/687/682
f 950/690/683 1014/752/683 1013/753/683
f 951/692/684 1015/754/684 1014/752/684
f 953/693/685 1015/754/685 952/691/685
f 954/694/686 1016/755/686 953/693/686
f 955/695/687 1017/756/687 954/694/687
f 956/697/688 1018/757/688 955/695/688
f 957/696/689 1019/758/689 956/697/689
f 958/698/690 1020/759/690 957/696/690
f 958/698/691 1022/760/691 1021/761/691
f 960/701/692 1022/760/692 959/699/692
f 961/700/693 1023/762/693 960/701/693
f 962/702/694 1024/763/694 961/700/694
f 963/703/695 1025/764/695 962/702/695
f 964/704/696 1026/765/696 963/703/696
f 965/706/697 1027/766/697 964/704/697
f 965/706/698 1029/767/698 1028/768/698
f 967/707/699 1029/767/699 966/705/699
f 968/709/700 1030/769/700 967/707/700
f 968/709/701 1032/770/701 1031/771/701
f 970/710/702 1032/770/702 969/708/702
f 971/711/703 1033/772/703 970/710/703
f 971/711/704 1035/773/704 1034/774/704
f 972/713/705 1036/775/705 1035/773/705
f 974/715/706 1036/775/706 973/712/706
f 975/714/707 1037/776/707 974/715/707
f 975/714/708 1039/777/708 1038/778/708
f 977/717/709 1039/777/709 976/716/709
f 977/717/710 1041/779/710 1040/780/710
f 979/719/711 1041/779/711 978/718/711
f 979/719/712 1043/781/712 1042/782/712
f 981/720/713 1043/781/713 980/721/713
f 981/720/714 1045/783/714 1044/784/714
f 983/723/715 1045/783/715 982/722/715
f 983/723/716 1047/785/716 1046/786/716
f 984/725/717 1048/787/717 1047/785/717
f 986/726/718 1048/787/718 985/724/718
f 986/726/719 1050/788/719 1049/789/719
f 988/727/720 1050/788/720 987/728/720
f 988/727/721 1052/790/721 1051/791/721
f 990/731/722 1052/790/722 989/729/722
f 991/730/723 1053/792/723 990/731/723
f 992/733/724 1054/793/724 991/730/724
f 992/733/725 1056/794/725 1055/795/725
f 993/732/726 1057/796/726 1056/794/726
f 994/734/727 1058/797/727 1057/796/727
f 996/735/728 1058/797/728 995/736/728
f 996/735/729 1060/798/729 1059/799/729
f 998/737/730 1060/798/730 997/738/730
f 998/737/731 1062/800/731 1061/801/731
f 1000/740/732 1062/800/732 999/739/732
f 1000/740/733 1064/802/733 1063/803/733
f 1002/742/734 1064/802/734 1001/741/734
f 1003/743/735 1065/804/735 1002/742/735
f 1004/744/736 1066/805/736 1003/743/736
f 1005/745/737 1067/806/737 1004/744/737
f 1006/746/738 1068/807/738 1005/745/738
f 1006/746/739 1070/808/739 1069/809/739
f 1007/748/740 1071/810/740 1070/808/740
f 1008/747/741 1072/811/741 1071/810/741
f 1010/749/742 1072/811/742 1009/750/742
f 1011/751/743 1073/812/743 1010/749/743
f 1012/813/744 1074/814/744 1011/751/744
f 1014/752/745 1076/815/745 1013/753/745
f 1015/754/746 1077/816/746 1014/752/746
f 1016/755/747 1078/817/747 1015/754/747
f 1017/756/748 1079/818/748 1016/755/748
f 1017/756/749 1081/819/749 1080/820/749
f 1019/758/750 1081/819/750 1018/757/750
f 1020/759/751 1082/821/751 1019/758/751
f 1021/761/752 1083/822/752 1020/759/752
f 1022/760/753 1084/823/753 1021/761/753
f 1022/760/754 1086/824/754 1085/825/754
f 1024/763/755 1086/824/755 1023/762/755
f 1024/763/756 1088/826/756 1087/827/756
f 1025/764/757 1089/828/757 1088/826/757
f 1027/766/758 1089/828/758 1026/765/758
f 1028/768/759 1090/829/759 1027/766/759
f 1028/768/760 1092/830/760 1091/831/760
f 1029/767/761 1093/832/761 1092/830/761
f 1031/771/762 1093/832/762 1030/769/762
f 1031/771/763 1095/833/763 1094/834/763
f 1033/772/764 1095/833/764 1032/770/764
f 1033/772/765 1097/835/765 1096/836/765
f 1034/774/766 1098/837/766 1097/835/766
f 1036/775/767 1098/837/767 1035/773/767
f 1037/776/768 1099/838/768 1036/775/768
f 1037/776/769 1101/839/769 1100/840/769
f 1039/777/770 1101/839/770 1038/778/770
f 1039/777/771 1103/841/771 1102/842/771
f 1040/780/772 1104/843/772 1103/841/772
f 1042/782/773 1104/843/773 1041/779/773
f 1042/782/774 1106/844/774 1105/845/774
f 1044/784/775 1106/844/775 1043/781/775
f 1045/783/776 1107/846/776 1044/784/776
f 1046/786/777 1108/847/777 1045/783/777
f 1046/786/778 1110/848/778 1109/849/778
f 1048/787/779 1110/848/779 1047/785/779
f 1048/787/780 1112/850/780 1111/851/780
f 1049/789/781 1113/852/781 1112/850/781
f 1051/791/782 1113/852/782 1050/788/782
f 1052/790/783 1114/853/783 1051/791/783
f 1053/792/784 1115/854/784 1052/790/784
f 1054/793/785 1116/855/785 1053/792/785
f 1055/795/786 1117/856/786 1054/793/786
f 1055/795/787 1119/857/787 1118/858/787
f 1057/796/788 1119/857/788 1056/794/788
f 1057/796/789 1121/859/789 1120/860/789
f 1059/799/790 1121/859/790 1058/797/790
f 1060/798/791 1122/861/791 1059/799/791
f 1061/801/792 1123/862/792 1060/798/792
f 1061/801/793 1125/863/793 1124/864/793
f 1062/800/794 1126/865/794 1125/863/794
f 1063/803/795 1127/866/795 1126/865/795
f 1065/804/796 1127/866/796 1064/802/796
f 1066/805/797 1128/867/797 1065/804/797
f 1067/806/798 1129/868/798 1066/805/798
f 1067/806/799 1131/869/799 1130/870/799
f 1069/809/800 1131/869/800 1068/807/800
f 1070/808/801 1132/871/801 1069/809/801
f 1071/810/802 1133/872/802 1070/808/802
f 1072/811/803 1134/873/803 1071/810/803
f 1073/812/804 1135/874/804 1072/811/804
f 1073/812/805 1137/875/805 1136/876/805
f 1074/814/806 1138/877/806 1137/875/806
f 1076/815/807 1140/878/807 1139/879/807
f 1077/816/808 1141/880/808 1140/878/808
f 1078/817/809 1142/881/809 1141/880/809
f 1080/820/810 1142/881/810 1079/818/810
f 1080/820/811 1144/882/811 1143/883/811
f 1081/819/812 1145/884/812 1144/882/812
f 1082/821/813 1146/885/813 1145/884/813
f 1083/822/814 1147/886/814 1146/885/814
f 1084/823/815 1148/887/815 1147/886/815
f 1085/825/816 1149/888/816 1148/887/816
f 1087/827/817 1149/888/817 1086/824/817
f 1088/826/818 1150/889/818 1087/827/818
f 1089/828/819 1151/890/819 1088/826/819
f 1090/829/820 1152/891/820 1089/828/820
f 1090/829/821 1154/892/821 1153/893/821
f 1092/830/822 1154/892/822 1091/831/822
f 1093/832/823 1155/894/823 1092/830/823
f 1094/834/824 1156/895/824 1093/832/824
f 1094/834/825 1158/896/825 1157/897/825
f 1096/836/826 1158/896/826 1095/833/826
f 1096/836/827 1160/898/827 1159/899/827
f 1098/837/828 1160/898/828 1097/835/828
f 1099/838/829 1161/900/829 1098/837/829
f 1099/838/830 1163/901/830 1162/902/830
f 1100/840/831 1164/903/831 1163/901/831
f 1102/842/832 1164/903/832 1101/839/832
f 1103/841/833 1165/904/833 1102/842/833
f 1104/843/834 1166/905/834 1103/841/834
f 1105/845/835 1167/906/835 1104/843/835
f 1106/844/836 1168/907/836 1105/845/836
f 1107/846/837 1169/908/837 1106/844/837
f 1108/847/838 1170/909/838 1107/846/838
f 1108/847/839 1172/910/839 1171/911/839
f 1109/849/840 1173/912/840 1172/910/840
f 1110/848/841 1174/913/841 1173/912/841
f 1111/851/842 1175/914/842 1174/913/842
f 1113/852/843 1175/914/843 1112/850/843
f 1114/853/844 1176/915/844 1113/852/844
f 1115/854/845 1177/916/845 1114/853/845
f 1115/854/846 1179/917/846 1178/918/846
f 1116/855/847 1180/919/847 1179/917/847
f 1118/858/848 1180/919/848 1117/856/848
f 1119/857/849 1181/920/849 1118/858/849
f 1120/860/850 1182/921/850 1119/857/850
f 1121/859/851 1183/922/851 1120/860/851
f 1122/861/852 1184/923/852 1121/859/852
f 1123/862/853 1185/924/853 1122/861/853
f 1123/862/854 1187/925/854 1186/926/854
f 1124/864/855 1188/927/855 1187/925/855
f 1126/865/856 1188/927/856 1125/863/856
f 1127/866/857 1189/928/857 1126/865/857
f 1127/866/858 1191/929/858 1190/930/858
f 1129/868/859 1191/929/859 1128/867/859
f 1130/870/860 1192/931/860 1129/868/860
f 1131/869/861 1193/932/861 1130/870/861
f 1131/869/862 1195/933/862 1194/934/862
f 1133/872/863 1195/933/863 1132/871/863
f 1133/872/864 1197/935/864 1196/936/864
f 1135/874/865 1197/935/865 1134/873/865
f 1135/874/866 1199/937/866 1198/938/866
f 1136/876/867 1200/939/867 1199/937/867
f 1138/877/868 1200/939/868 1137/875/868
f 1140/878/869 1202/940/869 1139/879/869
f 1141/880/870 1203/941/870 1140/878/870
f 1142/881/871 1204/942/871 1141/880/871
f 1143/883/872 1205/943/872 1142/881/872
f 1143/883/873 1207/944/873 1206/945/873
f 1145/884/874 1207/944/874 1144/882/874
f 1146/885/875 1208/946/875 1145/884/875
f 1147/886/876 1209/947/876 1146/885/876
f 1148/887/877 1210/948/877 1147/886/877
f 1148/887/878 1212/949/878 1211/950/878
f 1150/889/879 1212/949/879 1149/888/879
f 1151/890/880 1213/951/880 1150/889/880
f 1152/891/881 1214/952/881 1151/890/881
f 1153/893/882 1215/953/882 1152/891/882
f 1154/892/883 1216/954/883 1153/893/883
f 1155/894/884 1217/955/884 1154/892/884
f 1155/894/885 1219/956/885 1218/957/885
f 1156/895/886 1220/958/886 1219/956/886
f 1158/896/887 1220/958/887 1157/897/887
f 1159/899/888 1221/959/888 1158/896/888
f 1159/899/889 1223/960/889 1222/961/889
f 1160/898/890 1224/962/890 1223/960/890
f 1161/900/891 1225/963/891 1224/962/891
f 1162/902/892 1226/964/892 1225/963/892
f 1163/901/893 1227/965/893 1226/964/893
f 1165/904/894 1227/965/894 1164/903/894
f 1166/905/895 1228/966/895 1165/904/895
f 1167/906/896 1229/967/896 1166/905/896
f 1167/906/897 1231/968/897 1230/969/897
f 1168/907/898 1232/970/898 1231/968/898
f 1169/908/899 1233/971/899 1232/970/899
f 1170/909/900 1234/972/900 1233/971/900
f 1172/910/901 1234/972/901 1171/911/901
f 1173/912/902 1235/973/902 1172/910/902
f 1173/912/903 1237/974/903 1236/975/903
f 1174/913/904 1238/976/904 1237/974/904
f 1176/915/905 1238/976/905 1175/914/905
f 1176/915/906 1240/977/906 1239/978/906
f 1178/918/907 1240/977/907 1177/916/907
f 1179/917/908 1241/979/908 1178/918/908
f 1180/919/909 1242/980/909 1179/917/909
f 1180/919/910 1244/981/910 1243/982/910
f 1181/920/911 1245/983/911 1244/981/911
f 1182/921/912 1246/984/912 1245/983/912
f 1183/922/913 1247/985/913 1246/984/913
f 1184/923/914 1248/986/914 1247/985/914
f 1185/924/915 1249/987/915 1248/986/915
f 1186/926/916 1250/988/916 1249/987/916
f 1187/925/917 1251/989/917 1250/988/917
f 1188/927/918 1252/990/918 1251/989/918
f 1190/930/919 1252/990/919 1189/928/919
f 1190/930/920 1254/991/920 1253/992/920
f 1192/931/921 1254/991/921 1191/929/921
f 1192/931/922 1256/993/922 1255/994/922
f 1194/934/923 1256/993/923 1193/932/923
f 1194/934/924 1258/995/924 1257/996/924
f 1195/933/925 1259/997/925 1258/995/925
f 1196/936/926 1260/998/926 1259/997/926
f 1198/938/927 1260/998/927 1197/935/927
f 1198/938/928 1262/999/928 1261/1000/928
f 1200/939/929 1262/999/929 1199/937/929
f 1201/1001/930 1263/1002/930 1200/939/930
f 1203/941/931 1265/1003/931 1202/940/931
f 1204/942/932 1266/1004/932 1203/941/932
f 1205/943/933 1267/1005/933 1204/942/933
f 1205/943/934 1269/1006/934 1268/1007/934
f 1207/944/935 1269/1006/935 1206/945/935
f 1208/946/936 1270/1008/936 1207/944/936
f 1208/946/937 1272/1009/937 1271/1010/937
f 1210/948/938 1272/1009/938 1209/947/938
f 1210/948/939 1274/1011/939 1273/1012/939
f 1212/949/940 1274/1011/940 1211/950/940
f 1212/949/941 1276/1013/941 1275/1014/941
f 1214/952/942 1276/1013/942 1213/951/942
f 1215/953/943 1277/1015/943 1214/952/943
f 1216/954/944 1278/1016/944 1215/953/944
f 1217/955/945 1279/1017/945 1216/954/945
f 1217/955/946 1281/1018/946 1280/1019/946
f 1219/956/947 1281/1018/947 1218/957/947
f 1220/958/948 1282/1020/948 1219/956/948
f 1221/959/949 1283/1021/949 1220/958/949
f 1221/959/950 1285/1022/950 1284/1023/950
f 1223/960/951 1285/1022/951 1222/961/951
f 1223/960/952 1287/1024/952 1286/1025/952
f 1224/962/953 1288/1026/953 1287/1024/953
f 1225/963/954 1289/1027/954 1288/1026/954
f 1226/964/955 1290/1028/955 1289/1027/955
f 1228/966/956 1290/1028/956 1227/965/956
f 1229/967/957 1291/1029/957 1228/966/957
f 1229/967/958 1293/1030/958 1292/1031/958
f 1231/968/959 1293/1030/959 1230/969/959
f 1232/970/960 1294/1032/960 1231/968/960
f 1232/970/961 1296/1033/961 1295/1034/961
f 1234/972/962 1296/1033/962 1233/971/962
f 1235/973/963 1297/1035/963 1234/972/963
f 1235/973/964 1299/1036/964 1298/1037/964
f 1237/974/965 1299/1036/965 1236/975/965
f 1238/976/966 1300/1038/966 1237/974/966
f 1239/978/967 1301/1039/967 1238/976/967
f 1240/977/968 1302/1040/968 1239/978/968
f 1241/979/969 1303/1041/969 1240/977/969
f 1241/979/970 1305/1042/970 1304/1043/970
f 1243/982/971 1305/1042/971 1242/980/971
f 1243/982/972 1307/1044/972 1306/1045/972
f 1245/983/973 1307/1044/973 1244/981/973
f 1245/983/974 1309/1046/974 1308/1047/974
f 1247/985/975 1309/1046/975 1246/984/975
f 1247/985/976 1311/1048/976 1310/1049/976
f 1249/987/977 1311/1048/977 1248/986/977
f 1250/988/978 1312/1050/978 1249/987/978
f 1251/989/979 1313/1051/979 1250/988/979
f 1251/989/980 1315/1052/980 1314/1053/980
f 1253/992/981 1315/1052/981 1252/990/981
f 1254/991/982 1316/1054/982 1253/992/982
f 1255/994/983 1317/1055/983 1254/991/983
f 1256/993/984 1318/1056/984 1255/994/984
f 1257/996/985 1319/1057/985 1256/993/985
f 1258/995/986 1320/1058/986 1257/996/986
f 1259/997/987 1321/1059/987 1258/995/987
f 1259/997/988 1323/1060/988 1322/1061/988
f 1261/1000/989 1323/1060/989 1260/998/989
f 1261/1000/990 1325/1062/990 1324/1063/990
f 1262/999/991 1326/1064/991 1325/1062/991
f 1263/1002/992 1327/1065/992 1326/1064/992
f 1266/1004/993 1328/1066/993 1265/1003/993
f 1266/1004/994 1330/1067/994 1329/1068/994
f 1267/1005/995 1331/1069/995 1330/1067/995
f 1269/1006/996 1331/1069/996 1268/1007/996
f 1270/1008/997 1332/1070/997 1269/1006/997
f 1270/1008/998 1334/1071/998 1333/1072/998
f 1271/1010/999 1335/1073/999 1334/1071/999
f 1273/1012/1000 1335/1073/1000 1272/1009/1000
f 1274/1011/1001 1336/1074/1001 1273/1012/1001
f 1275/1014/1002 1337/1075/1002 1274/1011/1002
f 1275/1014/1003 1339/1076/1003 1338/1077/1003
f 1277/1015/1004 1339/1076/1004 1276/1013/1004
f 1278/1016/1005 1340/1078/1005 1277/1015/1005
f 1279/1017/1006 1341/1079/1006 1278/1016/1006
f 1280/1019/1007 1342/1080/1007 1279/1017/1007
f 1281/1018/1008 1343/1081/1008 1280/1019/1008
f 1282/1020/1009 1344/1082/1009 1281/1018/1009
f 1283/1021/1010 1345/1083/1010 1282/1020/1010
f 1284/1023/1011 1346/1084/1011 1283/1021/1011
f 1284/1023/1012 1348/1085/1012 1347/1086/1012
f 1286/1025/1013 1348/1085/1013 1285/1022/1013
f 1287/1024/1014 1349/1087/1014 1286/1025/1014
f 1288/1026/1015 1350/1088/1015 1287/1024/1015
f 1289/1027/1016 1351/1089/1016 1288/1026/1016
f 1290/1028/1017 1352/1090/1017 1289/1027/1017
f 1291/1029/1018 1353/1091/1018 1290/1028/1018
f 1292/1031/1019 1354/1092/1019 1291/1029/1019
f 1292/1031/1020 1356/1093/1020 1355/1094/1020
f 1293/1030/1021 1357/1095/1021 1356/1093/1021
f 1295/1034/1022 1357/1095/1022 1294/1032/1022
f 1295/1034/1023 1359/1096/1023 1358/1097/1023
f 1297/1035/1024 1359/1096/1024 1296/1033/1024
f 1297/1035/1025 1361/1098/1025 1360/1099/1025
f 1299/1036/1026 1361/1098/1026 1298/1037/1026
f 1300/1038/1027 1362/1100/1027 1299/1036/1027
f 1301/1039/1028 1363/1101/1028 1300/1038/1028
f 1301/1039/1029 1365/1102/1029 1364/1103/1029
f 1302/1040/1030 1366/1104/1030 1365/1102/1030
f 1304/1043/1031 1366/1104/1031 1303/1041/1031
f 1304/1043/1032 1368/1105/1032 1367/1106/1032
f 1306/1045/1033 1368/1105/1033 1305/1042/1033
f 1307/1044/1034 1369/1107/1034 1306/1045/1034
f 1308/1047/1035 1370/1108/1035 1307/1044/1035
f 1308/1047/1036 1372/1109/1036 1371/1110/1036
f 1310/1049/1037 1372/1109/1037 1309/1046/1037
f 1310/1049/1038 1374/1111/1038 1373/1112/1038
f 1312/1050/1039 1374/1111/1039 1311/1048/1039
f 1312/1050/1040 1376/1113/1040 1375/1114/1040
f 1314/1053/1041 1376/1113/1041 1313/1051/1041
f 1315/1052/1042 1377/1115/1042 1314/1053/1042
f 1315/1052/1043 1379/1116/1043 1378/1117/1043
f 1317/1055/1044 1379/1116/1044 1316/1054/1044
f 1317/1055/1045 1381/1118/1045 1380/1119/1045
f 1318/1056/1046 1382/1120/1046 1381/1118/1046
f 1320/1058/1047 1382/1120/1047 1319/1057/1047
f 1321/1059/1048 1383/1121/1048 1320/1058/1048
f 1322/1061/1049 1384/1122/1049 1321/1059/1049
f 1322/1061/1050 1386/1123/1050 1385/1124/1050
f 1324/1063/1051 1386/1123/1051 1323/1060/1051
f 1324/1063/1052 1388/1125/1052 1387/1126/1052
f 1326/1064/1053 1388/1125/1053 1325/1062/1053
f 1327/1065/1054 1389/1127/1054 1326/1064/1054
f 1329/1068/1055 1391/1128/1055 1328/1066/1055
f 1330/1067/1056 1392/1129/1056 1329/1068/1056
f 1331/1069/1057 1393/1130/1057 1330/1067/1057
f 1332/1070/1058 1394/1131/1058 1331/1069/1058
f 1332/1070/1059 1396/1132/1059 1395/1133/1059
f 1334/1071/1060 1396/1132/1060 1333/1072/1060
f 1335/1073/1061 1397/1134/1061 1334/1071/1061
f 1336/1074/1062 1398/1135/1062 1335/1073/1062
f 1337/1075/1063 1399/1136/1063 1336/1074/1063
f 1337/1075/1064 1401/1137/1064 1400/1138/1064
f 1339/1076/1065 1401/1137/1065 1338/1077/1065
f 1340/1078/1066 1402/1139/1066 1339/1076/1066
f 1341/1079/1067 1403/1140/1067 1340/1078/1067
f 1341/1079/1068 1405/1141/1068 1404/1142/1068
f 1343/1081/1069 1405/1141/1069 1342/1080/1069
f 1343/1081/1070 1407/1143/1070 1406/1144/1070
f 1345/1083/1071 1407/1143/1071 1344/1082/1071
f 1346/1084/1072 1408/1145/1072 1345/1083/1072
f 1346/1084/1073 1410/1146/1073 1409/1147/1073
f 1348/1085/1074 1410/1146/1074 1347/1086/1074
f 1349/1087/1075 1411/1148/1075 1348/1085/1075
f 1350/1088/1076 1412/1149/1076 1349/1087/1076
f 1350/1088/1077 1414/1150/1077 1413/1151/1077
f 1351/1089/1078 1415/1152/1078 1414/1150/1078
f 1353/1091/1079 1415/1152/1079 1352/1090/1079
f 1353/1091/1080 1417/1153/1080 1416/1154/1080
f 1354/1092/1081 1418/1155/1081 1417/1153/1081
f 1355/1094/1082 1419/1156/1082 1418/1155/1082
f 1356/1093/1083 1420/1157/1083 1419/1156/1083
f 1358/1097/1084 1420/1157/1084 1357/1095/1084
f 1358/1097/1085 1422/1158/1085 1421/1159/1085
f 1360/1099/1086 1422/1158/1086 1359/1096/1086
f 1360/1099/1087 1424/1160/1087 1423/1161/1087
f 1362/1100/1088 1424/1160/1088 1361/1098/1088
f 1362/1100/1089 1426/1162/1089 1425/1163/1089
f 1364/1103/1090 1426/1162/1090 1363/1101/1090
f 1365/1102/1091 1427/1164/1091 1364/1103/1091
f 1365/1102/1092 1429/1165/1092 1428/1166/1092
f 1367/1106/1093 1429/1165/1093 1366/1104/1093
f 1368/1105/1094 1430/1167/1094 1367/1106/1094
f 1369/1107/1095 1431/1168/1095 1368/1105/1095
f 1370/1108/1096 1432/1169/1096 1369/1107/1096
f 1371/1110/1097 1433/1170/1097 1370/1108/1097
f 1372/1109/1098 1434/1171/1098 1371/1110/1098
f 1373/1112/1099 1435/1172/1099 1372/1109/1099
f 1373/1112/1100 1437/1173/1100 1436/1174/1100
f 1375/1114/1101 1437/1173/1101 1374/1111/1101
f 1375/1114/1102 1439/1175/1102 1438/1176/1102
f 1377/1115/1103 1439/1175/1103 1376/1113/1103
f 1378/1117/1104 1440/1177/1104 1377/1115/1104
f 1378/1117/1105 1442/1178/1105 1441/1179/1105
f 1380/1119/1106 1442/1178/1106 1379/1116/1106
f 1381/1118/1107 1443/1180/1107 1380/1119/1107
f 1381/1118/1108 1445/1181/1108 1444/1182/1108
f 1382/1120/1109 1446/1183/1109 1445/1181/1109
f 1384/1122/1110 1446/1183/1110 1383/1121/1110
f 1385/1124/1111 1447/1184/1111 1384/1122/1111
f 1385/1124/1112 1449/1185/1112 1448/1186/1112
f 1386/1123/1113 1450/1187/1113 1449/1185/1113
f 1387/1126/1114 1451/1188/1114 1450/1187/1114
f 1389/1127/1115 1451/1188/1115 1388/1125/1115
f 1389/1127/1116 1453/1189/1116 1452/1190/1116
f 1391/1128/1117 1455/1191/1117 1454/1192/1117
f 1392/1129/1118 1456/1193/1118 1455/1191/1118
f 1394/1131/1119 1456/1193/1119 1393/1130/1119
f 1394/1131/1120 1458/1194/1120 1457/1195/1120
f 1395/1133/1121 1459/1196/1121 1458/1194/1121
f 1397/1134/1122 1459/1196/1122 1396/1132/1122
f 1397/1134/1123 1461/1197/1123 1460/1198/1123
f 1399/1136/1124 1461/1197/1124 1398/1135/1124
f 1400/1138/1125 1462/1199/1125 1399/1136/1125
f 1401/1137/1126 1463/1200/1126 1400/1138/1126
f 1402/1139/1127 1464/1201/1127 1401/1137/1127
f 1402/1139/1128 1466/1202/1128 1465/1203/1128
f 1404/1142/1129 1466/1202/1129 1403/1140/1129
f 1404/1142/1130 1468/1204/1130 1467/1205/1130
f 1406/1144/1131 1468/1204/1131 1405/1141/1131
f 1406/1144/1132 1470/1206/1132 1469/1207/1132
f 1407/1143/1133 1471/1208/1133 1470/1206/1133
f 1409/1147/1134 1471/1208/1134 1408/1145/1134
f 1409/1147/1135 1473/1209/1135 1472/1210/1135
f 1411/1148/1136 1473/1209/1136 1410/1146/1136
f 1412/1149/1137 1474/1211/1137 1411/1148/1137
f 1412/1149/1138 1476/1212/1138 1475/1213/1138
f 1414/1150/1139 1476/1212/1139 1413/1151/1139
f 1415/1152/1140 1477/1214/1140 1414/1150/1140
f 1415/1152/1141 1479/1215/1141 1478/1216/1141
f 1416/1154/1142 1480/1217/1142 1479/1215/1142
f 1418/1155/1143 1480/1217/1143 1417/1153/1143
f 1419/1156/1144 1481/1218/1144 1418/1155/1144
f 1419/1156/1145 1483/1219/1145 1482/1220/1145
f 1421/1159/1146 1483/1219/1146 1420/1157/1146
f 1421/1159/1147 1485/1221/1147 1484/1222/1147
f 1423/1161/1148 1485/1221/1148 1422/1158/1148
f 1423/1161/1149 1487/1223/1149 1486/1224/1149
f 1425/1163/1150 1487/1223/1150 1424/1160/1150
f 1425/1163/1151 1489/1225/1151 1488/1226/1151
f 1427/1164/1152 1489/1225/1152 1426/1162/1152
f 1428/1166/1153 1490/1227/1153 1427/1164/1153
f 1429/1165/1154 1491/1228/1154 1428/1166/1154
f 1429/1165/1155 1493/1229/1155 1492/1230/1155
f 1430/1167/1156 1494/1231/1156 1493/1229/1156
f 1432/1169/1157 1494/1231/1157 1431/1168/1157
f 1432/1169/1158 1496/1232/1158 1495/1233/1158
f 1433/1170/1159 1497/1234/1159 1496/1232/1159
f 1435/1172/1160 1497/1234/1160 1434/1171/1160
f 1436/1174/1161 1498/1235/1161 1435/1172/1161
f 1436/1174/1162 1500/1236/1162 1499/1237/1162
f 1438/1176/1163 1500/1236/1163 1437/1173/1163
f 1439/1175/1164 1501/1238/1164 1438/1176/1164
f 1440/1177/1165 1502/1239/1165 1439/1175/1165
f 1441/1179/1166 1503/1240/1166 1440/1177/1166
f 1441/1179/1167 1505/1241/1167 1504/1242/1167
f 1443/1180/1168 1505/1241/1168 1442/1178/1168
f 1443/1180/1169 1507/1243/1169 1506/1244/1169
f 1445/1181/1170 1507/1243/1170 1444/1182/1170
f 1446/1183/1171 1508/1245/1171 1445/1181/1171
f 1447/1184/1172 1509/1246/1172 1446/1183/1172
f 1448/1186/1173 1510/1247/1173 1447/1184/1173
f 1449/1185/1174 1511/1248/1174 1448/1186/1174
f 1450/1187/1175 1512/1249/1175 1449/1185/1175
f 1451/1188/1176 1513/1250/1176 1450/1187/1176
f 1452/1190/1177 1514/1251/1177 1451/1188/1177
f 1453/1189/1178 1515/1252/1178 1452/1190/1178
f 1455/1191/1179 1517/1253/1179 1454/1192/1179
f 1456/1193/1180 1518/1254/1180 1455/1191/1180
f 1456/1193/1181 1520/1255/1181 1519/1256/1181
f 1458/1194/1182 1520/1255/1182 1457/1195/1182
f 1459/1196/1183 1521/1257/1183 1458/1194/1183
f 1460/1198/1184 1522/1258/1184 1459/1196/1184
f 1460/1198/1185 1524/1259/1185 1523/1260/1185
f 1461/1197/1186 1525/1261/1186 1524/1259/1186
f 1462/1199/1187 1526/1262/1187 1525/1261/1187
f 1464/1201/1188 1526/1262/1188 1463/1200/1188
f 1464/1201/1189 1528/1263/1189 1527/1264/1189
f 1466/1202/1190 1528/1263/1190 1465/1203/1190
f 1466/1202/1191 1530/1265/1191 1529/1266/1191
f 1467/1205/1192 1531/1267/1192 1530/1265/1192
f 1469/1207/1193 1531/1267/1193 1468/1204/1193
f 1470/1206/1194 1532/1268/1194 1469/1207/1194
f 1471/1208/1195 1533/1269/1195 1470/1206/1195
f 1472/1210/1196 1534/1270/1196 1471/1208/1196
f 1473/1209/1197 1535/1271/1197 1472/1210/1197
f 1473/1209/1198 1537/1272/1198 1536/1273/1198
f 1475/1213/1199 1537/1272/1199 1474/1211/1199
f 1476/1212/1200 1538/1274/1200 1475/1213/1200
f 1476/1212/1201 1540/1275/1201 1539/1276/1201
f 1478/1216/1202 1540/1275/1202 1477/1214/1202
f 1478/1216/1203 1542/1277/1203 1541/1278/1203
f 1480/1217/1204 1542/1277/1204 1479/1215/1204
f 1481/1218/1205 1543/1279/1205 1480/1217/1205
f 1482/1220/1206 1544/1280/1206 1481/1218/1206
f 1482/1220/1207 1546/1281/1207 1545/1282/1207
f 1484/1222/1208 1546/1281/1208 1483/1219/1208
f 1485/1221/1209 1547/1283/1209 1484/1222/1209
f 1486/1224/1210 1548/1284/1210 1485/1221/1210
f 1486/1224/1211 1550/1285/1211 1549/1286/1211
f 1488/1226/1212 1550/1285/1212 1487/1223/1212
f 1488/1226/1213 1552/1287/1213 1551/1288/1213
f 1489/1225/1214 1553/1289/1214 1552/1287/1214
f 1490/1227/1215 1554/1290/1215 1553/1289/1215
f 1492/1230/1216 1554/1290/1216 1491/1228/1216
f 1492/1230/1217 1556/1291/1217 1555/1292/1217
f 1494/1231/1218 1556/1291/1218 1493/1229/1218
f 1495/1233/1219 1557/1293/1219 1494/1231/1219
f 1496/1232/1220 1558/1294/1220 1495/1233/1220
f 1497/1234/1221 1559/1295/1221 1496/1232/1221
f 1497/1234/1222 1561/1296/1222 1560/1297/1222
f 1498/1235/1223 1562/1298/1223 1561/1296/1223
f 1500/1236/1224 1562/1298/1224 1499/1237/1224
f 1500/1236/1225 1564/1299/1225 1563/1300/1225
f 1501/1238/1226 1565/1301/1226 1564/1299/1226
f 1503/1240/1227 1565/1301/1227 1502/1239/1227
f 1504/1242/1228 1566/1302/1228 1503/1240/1228
f 1504/1242/1229 1568/1303/1229 1567/1304/1229
f 1506/1244/1230 1568/1303/1230 1505/1241/1230
f 1506/1244/1231 1570/1305/1231 1569/1306/1231
f 1507/1243/1232 1571/1307/1232 1570/1305/1232
f 1509/1246/1233 1571/1307/1233 1508/1245/1233
f 1510/1247/1234 1572/1308/1234 1509/1246/1234
f 1511/1248/1235 1573/1309/1235 1510/1247/1235
f 1511/1248/1236 1575/1310/1236 1574/1311/1236
f 1512/1249/1237 1576/1312/1237 1575/1310/1237
f 1513/1250/1238 1577/1313/1238 1576/1312/1238
f 1514/1251/1239 1578/1314/1239 1577/1313/1239
f 1515/1252/1240 1579/1315/1240 1578/1314/1240
f 1518/1254/1241 1580/1316/1241 1517/1253/1241
f 1518/1254/1242 1582/1317/1242 1581/1318/1242
f 1519/1256/1243 1583/1319/1243 1582/1317/1243
f 1520/1255/1244 1584/1320/1244 1583/1319/1244
f 1521/1257/1245 1585/1321/1245 1584/1320/1245
f 1522/1258/1246 1586/1322/1246 1585/1321/1246
f 1524/1259/1247 1586/1322/1247 1523/1260/1247
f 1525/1261/1248 1587/1323/1248 1524/1259/1248
f 1526/1262/1249 1588/1324/1249 1525/1261/1249
f 1526/1262/1250 1590/1325/1250 1589/1326/1250
f 1527/1264/1251 1591/1327/1251 1590/1325/1251
f 1529/1266/1252 1591/1327/1252 1528/1263/1252
f 1529/1266/1253 1593/1328/1253 1592/1329/1253
f 1531/1267/1254 1593/1328/1254 1530/1265/1254
f 1532/1268/1255 1594/1330/1255 1531/1267/1255
f 1532/1268/1256 1596/1331/1256 1595/1332/1256
f 1533/1269/1257 1597/1333/1257 1596/1331/1257
f 1535/1271/1258 1597/1333/1258 1534/1270/1258
f 1535/1271/1259 1599/1334/1259 1598/1335/1259
f 1536/1273/1260 1600/1336/1260 1599/1334/1260
f 1537/1272/1261 1601/1337/1261 1600/1336/1261
f 1539/1276/1262 1601/1337/1262 1538/1274/1262
f 1539/1276/1263 1603/1338/1263 1602/1339/1263
f 1541/1278/1264 1603/1338/1264 1540/1275/1264
f 1541/1278/1265 1605/1340/1265 1604/1341/1265
f 1543/1279/1266 1605/1340/1266 1542/1277/1266
f 1543/1279/1267 1607/1342/1267 1606/1343/1267
f 1544/1280/1268 1608/1344/1268 1607/1342/1268
f 1545/1282/1269 1609/1345/1269 1608/1344/1269
f 1547/1283/1270 1609/1345/1270 1546/1281/1270
f 1548/1284/1271 1610/1346/1271 1547/1283/1271
f 1548/1284/1272 1612/1347/1272 1611/1348/1272
f 1549/1286/1273 1613/1349/1273 1612/1347/1273
f 1551/1288/1274 1613/1349/1274 1550/1285/1274
f 1551/1288/1275 1615/1350/1275 1614/1351/1275
f 1553/1289/1276 1615/1350/1276 1552/1287/1276
f 1554/1290/1277 1616/1352/1277 1553/1289/1277
f 1554/1290/1278 1618/1353/1278 1617/1354/1278
f 1555/1292/1279 1619/1355/1279 1618/1353/1279
f 1556/1291/1280 1620/1356/1280 1619/1355/1280
f 1558/1294/1281 1620/1356/1281 1557/1293/1281
f 1559/1295/1282 1621/1357/1282 1558/1294/1282
f 1560/1297/1283 1622/1358/1283 1559/1295/1283
f 1560/1297/1284 1624/1359/1284 1623/1360/1284
f 1562/1298/1285 1624/1359/1285 1561/1296/1285
f 1562/1298/1286 1626/1361/1286 1625/1362/1286
f 1564/1299/1287 1626/1361/1287 1563/1300/1287
f 1564/1299/1288 1628/1363/1288 1627/1364/1288
f 1566/1302/1289 1628/1363/1289 1565/1301/1289
f 1567/1304/1290 1629/1365/1290 1566/1302/1290
f 1568/1303/1291 1630/1366/1291 1567/1304/1291
f 1569/1306/1292 1631/1367/1292 1568/1303/1292
f 1570/1305/1293 1632/1368/1293 1569/1306/1293
f 1570/1305/1294 1634/1369/1294 1633/1370/1294
f 1571/1307/1295 1635/1371/1295 1634/1369/1295
f 1572/1308/1296 1636/1372/1296 1635/1371/1296
f 1574/1311/1297 1636/1372/1297 1573/1309/1297
f 1575/1310/1298 1637/1373/1298 1574/1311/1298
f 1576/1312/1299 1638/1374/1299 1575/1310/1299
f 1576/1312/1300 1640/1375/1300 1639/1376/1300
f 1577/1313/1301 1641/1377/1301 1640/1375/1301
f 1578/1314/1302 1642/1378/1302 1641/1377/1302
f 1581/1318/1303 1643/1379/1303 1580/1316/1303
f 1581/1318/1304 1645/1380/1304 1644/1381/1304
f 1583/1319/1305 1645/1380/1305 1582/1317/1305
f 1584/1320/1306 1646/1382/1306 1583/1319/1306
f 1585/1321/1307 1647/1383/1307 1584/1320/1307
f 1586/1322/1308 1648/1384/1308 1585/1321/1308
f 1586/1322/1309 1650/1385/1309 1649/1386/1309
f 1587/1323/1310 1651/1387/1310 1650/1385/1310
f 1589/1326/1311 1651/1387/1311 1588/1324/1311
f 1589/1326/1312 1653/1388/1312 1652/1389/1312
f 1591/1327/1313 1653/1388/1313 1590/1325/1313
f 1591/1327/1314 1655/1390/1314 1654/1391/1314
f 1592/1329/1315 1656/1392/1315 1655/1390/1315
f 1593/1328/1316 1657/1393/1316 1656/1392/1316
f 1594/1330/1317 1658/1394/1317 1657/1393/1317
f 1595/1332/1318 1659/1395/1318 1658/1394/1318
f 1596/1331/1319 1660/1396/1319 1659/1395/1319
f 1598/1335/1320 1660/1396/1320 1597/1333/1320
f 1598/1335/1321 1662/1397/1321 1661/1398/1321
f 1600/1336/1322 1662/1397/1322 1599/1334/1322
f 1600/1336/1323 1664/1399/1323 1663/1400/1323
f 1601/1337/1324 1665/1401/1324 1664/1399/1324
f 1602/1339/1325 1666/1402/1325 1665/1401/1325
f 1604/1341/1326 1666/1402/1326 1603/1338/1326
f 1604/1341/1327 1668/1403/1327 1667/1404/1327
f 1606/1343/1328 1668/1403/1328 1605/1340/1328
f 1607/1342/1329 1669/1405/1329 1606/1343/1329
f 1608/1344/1330 1670/1406/1330 1607/1342/1330
f 1609/1345/1331 1671/1407/1331 1608/1344/1331
f 1609/1345/1332 1673/1408/1332 1672/1409/1332
f 1610/1346/1333 1674/1410/1333 1673/1408/1333
f 1612/1347/1334 1674/1410/1334 1611/1348/1334
f 1613/1349/1335 1675/1411/1335 1612/1347/1335
f 1614/1351/1336 1676/1412/1336 1613/1349/1336
f 1615/1350/1337 1677/1413/1337 1614/1351/1337
f 1616/1352/1338 1678/1414/1338 1615/1350/1338
f 1617/1354/1339 1679/1415/1339 1616/1352/1339
f 1618/1353/1340 1680/1416/1340 1617/1354/1340
f 1618/1353/1341 1682/1417/1341 1681/1418/1341
f 1619/1355/1342 1683/1419/1342 1682/1417/1342
f 1621/1357/1343 1683/1419/1343 1620/1356/1343
f 1622/1358/1344 1684/1420/1344 1621/1357/1344
f 1622/1358/1345 1686/1421/1345 1685/1422/1345
f 1624/1359/1346 1686/1421/1346 1623/1360/1346
f 1625/1362/1347 1687/1423/1347 1624/1359/1347
f 1625/1362/1348 1689/1424/1348 1688/1425/1348
f 1627/1364/1349 1689/1424/1349 1626/1361/1349
f 1627/1364/1350 1691/1426/1350 1690/1427/1350
f 1628/1363/1351 1692/1428/1351 1691/1426/1351
f 1630/1366/1352 1692/1428/1352 1629/1365/1352
f 1630/1366/1353 1694/1429/1353 1693/1430/1353
f 1631/1367/1354 1695/1431/1354 1694/1429/1354
f 1632/1368/1355 1696/1432/1355 1695/1431/1355
f 1633/1370/1356 1697/1433/1356 1696/1432/1356
f 1634/1369/1357 1698/1434/1357 1697/1433/1357
f 1636/1372/1358 1698/1434/1358 1635/1371/1358
f 1636/1372/1359 1700/1435/1359 1699/1436/1359
f 1638/1374/1360 1700/1435/1360 1637/1373/1360
f 1639/1376/1361 1701/1437/1361 1638/1374/1361
f 1640/1375/1362 1702/1438/1362 1639/1376/1362
f 1641/1377/1363 1703/1439/1363 1640/1375/1363
f 1641/1377/1364 1705/1440/1364 1704/1441/1364
f 1643/1379/1365 1707/1442/1365 1706/1443/1365
f 1645/1380/1366 1707/1442/1366 1644/1381/1366
f 1646/1382/1367 1708/1444/1367 1645/1380/1367
f 1646/1382/1368 1710/1445/1368 1709/1446/1368
f 1648/1384/1369 1710/1445/1369 1647/1383/1369
f 1649/1386/1370 1711/1447/1370 1648/1384/1370
f 1650/1385/1371 1712/1448/1371 1649/1386/1371
f 1650/1385/1372 1714/1449/1372 1713/1450/1372
f 1652/1389/1373 1714/1449/1373 1651/1387/1373
f 1652/1389/1374 1716/1451/1374 1715/1452/1374
f 1654/1391/1375 1716/1451/1375 1653/1388/1375
f 1654/1391/1376 1718/1453/1376 1717/1454/1376
f 1656/1392/1377 1718/1453/1377 1655/1390/1377
f 1657/1393/1378 1719/1455/1378 1656/1392/1378
f 1658/1394/1379 1720/1456/1379 1657/1393/1379
f 1659/1395/1380 1721/1457/1380 1658/1394/1380
f 1660/1396/1381 1722/1458/1381 1659/1395/1381
f 1660/1396/1382 1724/1459/1382 1723/1460/1382
f 1662/1397/1383 1724/1459/1383 1661/1398/1383
f 1662/1397/1384 1726/1461/1384 1725/1462/1384
f 1664/1399/1385 1726/1461/1385 1663/1400/1385
f 1665/1401/1386 1727/1463/1386 1664/1399/1386
f 1666/1402/1387 1728/1464/1387 1665/1401/1387
f 1667/1404/1388 1729/1465/1388 1666/1402/1388
f 1668/1403/1389 1730/1466/1389 1667/1404/1389
f 1668/1403/1390 1732/1467/1390 1731/1468/1390
f 1670/1406/1391 1732/1467/1391 1669/1405/1391
f 1671/1407/1392 1733/1469/1392 1670/1406/1392
f 1671/1407/1393 1735/1470/1393 1734/1471/1393
f 1672/1409/1394 1736/1472/1394 1735/1470/1394
f 1673/1408/1395 1737/1473/1395 1736/1472/1395
f 1675/1411/1396 1737/1473/1396 1674/1410/1396
f 1675/1411/1397 1739/1474/1397 1738/1475/1397
f 1676/1412/1398 1740/1476/1398 1739/1474/1398
f 1678/1414/1399 1740/1476/1399 1677/1413/1399
f 1678/1414/1400 1742/1477/1400 1741/1478/1400
f 1679/1415/1401 1743/1479/1401 1742/1477/1401
f 1681/1418/1402 1743/1479/1402 1680/1416/1402
f 1682/1417/1403 1744/1480/1403 1681/1418/1403
f 1682/1417/1404 1746/1481/1404 1745/1482/1404
f 1684/1420/1405 1746/1481/1405 1683/1419/1405
f 1684/1420/1406 1748/1483/1406 1747/1484/1406
f 1686/1421/1407 1748/1483/1407 1685/1422/1407
f 1687/1423/1408 1749/1485/1408 1686/1421/1408
f 1688/1425/1409 1750/1486/1409 1687/1423/1409
f 1688/1425/1410 1752/1487/1410 1751/1488/1410
f 1689/1424/1411 1753/1489/1411 1752/1487/1411
f 1691/1426/1412 1753/1489/1412 1690/1427/1412
f 1691/1426/1413 1755/1490/1413 1754/1491/1413
f 1692/1428/1414 1756/1492/1414 1755/1490/1414
f 1694/1429/1415 1756/1492/1415 1693/1430/1415
f 1694/1429/1416 1758/1493/1416 1757/1494/1416
f 1696/1432/1417 1758/1493/1417 1695/1431/1417
f 1697/1433/1418 1759/1495/1418 1696/1432/1418
f 1698/1434/1419 1760/1496/1419 1697/1433/1419
f 1699/1436/1420 1761/1497/1420 1698/1434/1420
f 1700/1435/1421 1762/1498/1421 1699/1436/1421
f 1700/1435/1422 1764/1499/1422 1763/1500/1422
f 1701/1437/1423 1765/1501/1423 1764/1499/1423
f 1702/1438/1424 1766/1502/1424 1765/1501/1424
f 1703/1439/1425 1767/1503/1425 1766/1502/1425
f 1704/1441/1426 1768/1504/1426 1767/1503/1426
f 1706/1443/1427 1770/1505/1427 1769/1506/1427
f 1707/1442/1428 1771/1507/1428 1770/1505/1428
f 1708/1444/1429 1772/1508/1429 1771/1507/1429
f 1709/1446/1430 1773/1509/1430 1772/1508/1430
f 1711/1447/1431 1773/1509/1431 1710/1445/1431
f 1712/1448/1432 1774/1510/1432 1711/1447/1432
f 1712/1448/1433 1776/1511/1433 1775/1512/1433
f 1713/1450/1434 1777/1513/1434 1776/1511/1434
f 1715/1452/1435 1777/1513/1435 1714/1449/1435
f 1715/1452/1436 1779/1514/1436 1778/1515/1436
f 1717/1454/1437 1779/1514/1437 1716/1451/1437
f 1717/1454/1438 1781/1516/1438 1780/1517/1438
f 1719/1455/1439 1781/1516/1439 1718/1453/1439
f 1719/1455/1440 1783/1518/1440 1782/1519/1440
f 1720/1456/1441 1784/1520/1441 1783/1518/1441
f 1722/1458/1442 1784/1520/1442 1721/1457/1442
f 1723/1460/1443 1785/1521/1443 1722/1458/1443
f 1723/1460/1444 1787/1522/1444 1786/1523/1444
f 1724/1459/1445 1788/1524/1445 1787/1522/1445
f 1726/1461/1446 1788/1524/1446 1725/1462/1446
f 1727/1463/1447 1789/1525/1447 1726/1461/1447
f 1728/1464/1448 1790/1526/1448 1727/1463/1448
f 1729/1465/1449 1791/1527/1449 1728/1464/1449
f 1729/1465/1450 1793/1528/1450 1792/1529/1450
f 1731/1468/1451 1793/1528/1451 1730/1466/1451
f 1731/1468/1452 1795/1530/1452 1794/1531/1452
f 1733/1469/1453 1795/1530/1453 1732/1467/1453
f 1734/1471/1454 1796/1532/1454 1733/1469/1454
f 1734/1471/1455 1798/1533/1455 1797/1534/1455
f 1736/1472/1456 1798/1533/1456 1735/1470/1456
f 1736/1472/1457 1800/1535/1457 1799/1536/1457
f 1738/1475/1458 1800/1535/1458 1737/1473/1458
f 1738/1475/1459 1802/1537/1459 1801/1538/1459
f 1739/1474/1460 1803/1539/1460 1802/1537/1460
f 1740/1476/1461 1804/1540/1461 1803/1539/1461
f 1742/1477/1462 1804/1540/1462 1741/1478/1462
f 1743/1479/1463 1805/1541/1463 1742/1477/1463
f 1743/1479/1464 1807/1542/1464 1806/1543/1464
f 1745/1482/1465 1807/1542/1465 1744/1480/1465
f 1746/1481/1466 1808/1544/1466 1745/1482/1466
f 1747/1484/1467 1809/1545/1467 1746/1481/1467
f 1747/1484/1468 1811/1546/1468 1810/1547/1468
f 1748/1483/1469 1812/1548/1469 1811/1546/1469
f 1750/1486/1470 1812/1548/1470 1749/1485/1470
f 1751/1488/1471 1813/1549/1471 1750/1486/1471
f 1752/1487/1472 1814/1550/1472 1751/1488/1472
f 1753/1489/1473 1815/1551/1473 1752/1487/1473
f 1754/1491/1474 1816/1552/1474 1753/1489/1474
f 1754/1491/1475 1818/1553/1475 1817/1554/1475
f 1756/1492/1476 1818/1553/1476 1755/1490/1476
f 1757/1494/1477 1819/1555/1477 1756/1492/1477
f 1757/1494/1478 1821/1556/1478 1820/1557/1478
f 1759/1495/1479 1821/1556/1479 1758/1493/1479
f 1760/1496/1480 1822/1558/1480 1759/1495/1480
f 1760/1496/1481 1824/1559/1481 1823/1560/1481
f 1761/1497/1482 1825/1561/1482 1824/1559/1482
f 1762/1498/1483 1826/1562/1483 1825/1561/1483
f 1763/1500/1484 1827/1563/1484 1826/1562/1484
f 1765/1501/1485 1827/1563/1485 1764/1499/1485
f 1766/1502/1486 1828/1564/1486 1765/1501/1486
f 1767/1503/1487 1829/1565/1487 1766/1502/1487
f 1768/1504/1488 1830/1566/1488 1767/1503/1488
f 1770/1505/1489 1832/1567/1489 1769/1506/1489
f 1771/1507/1490 1833/1568/1490 1770/1505/1490
f 1772/1508/1491 1834/1569/1491 1771/1507/1491
f 1773/1509/1492 1835/1570/1492 1772/1508/1492
f 1773/1509/1493 1837/1571/1493 1836/1572/1493
f 1774/1510/1494 1838/1573/1494 1837/1571/1494
f 1775/1512/1495 1839/1574/1495 1838/1573/1495
f 1776/1511/1496 1840/1575/1496 1839/1574/1496
f 1777/1513/1497 1841/1576/1497 1840/1575/1497
f 1779/1514/1498 1841/1576/1498 1778/1515/1498
f 1780/1517/1499 1842/1577/1499 1779/1514/1499
f 1781/1516/1500 1843/1578/1500 1780/1517/1500
f 1781/1516/1501 1845/1579/1501 1844/1580/1501
f 1783/1518/1502 1845/1579/1502 1782/1519/1502
f 1784/1520/1503 1846/1581/1503 1783/1518/1503
f 1785/1521/1504 1847/1582/1504 1784/1520/1504
f 1786/1523/1505 1848/1583/1505 1785/1521/1505
f 1787/1522/1506 1849/1584/1506 1786/1523/1506
f 1787/1522/1507 1851/1585/1507 1850/1586/1507
f 1789/1525/1508 1851/1585/1508 1788/1524/1508
f 1789/1525/1509 1853/1587/1509 1852/1588/1509
f 1791/1527/1510 1853/1587/1510 1790/1526/1510
f 1792/1529/1511 1854/1589/1511 1791/1527/1511
f 1792/1529/1512 1856/1590/1512 1855/1591/1512
f 1794/1531/1513 1856/1590/1513 1793/1528/1513
f 1795/1530/1514 1857/1592/1514 1794/1531/1514
f 1795/1530/1515 1859/1593/1515 1858/1594/1515
f 1797/1534/1516 1859/1593/1516 1796/1532/1516
f 1798/1533/1517 1860/1595/1517 1797/1534/1517
f 1799/1536/1518 1861/1596/1518 1798/1533/1518
f 1799/1536/1519 1863/1597/1519 1862/1598/1519
f 1801/1538/1520 1863/1597/1520 1800/1535/1520
f 1801/1538/1521 1865/1599/1521 1864/1600/1521
f 1802/1537/1522 1866/1601/1522 1865/1599/1522
f 1804/1540/1523 1866/1601/1523 1803/1539/1523
f 1805/1541/1524 1867/1602/1524 1804/1540/1524
f 1805/1541/1525 1869/1603/1525 1868/1604/1525
f 1807/1542/1526 1869/1603/1526 1806/1543/1526
f 1807/1542/1527 1871/1605/1527 1870/1606/1527
f 1809/1545/1528 1871/1605/1528 1808/1544/1528
f 1810/1547/1529 1872/1607/1529 1809/1545/1529
f 1811/1546/1530 1873/1608/1530 1810/1547/1530
f 1811/1546/1531 1875/1609/1531 1874/1610/1531
f 1813/1549/1532 1875/1609/1532 1812/1548/1532
f 1813/1549/1533 1877/1611/1533 1876/1612/1533
f 1815/1551/1534 1877/1611/1534 1814/1550/1534
f 1815/1551/1535 1879/1613/1535 1878/1614/1535
f 1816/1552/1536 1880/1615/1536 1879/1613/1536
f 1818/1553/1537 1880/1615/1537 1817/1554/1537
f 1819/1555/1538 1881/1616/1538 1818/1553/1538
f 1820/1557/1539 1882/1617/1539 1819/1555/1539
f 1820/1557/1540 1884/1618/1540 1883/1619/1540
f 1822/1558/1541 1884/1618/1541 1821/1556/1541
f 1822/1558/1542 1886/1620/1542 1885/1621/1542
f 1824/1559/1543 1886/1620/1543 1823/1560/1543
f 1825/1561/1544 1887/1622/1544 1824/1559/1544
f 1826/1562/1545 1888/1623/1545 1825/1561/1545
f 1827/1563/1546 1889/1624/1546 1826/1562/1546
f 1827/1563/1547 1891/1625/1547 1890/1626/1547
f 1829/1565/1548 1891/1625/1548 1828/1564/1548
f 1829/1565/1549 1893/1627/1549 1892/1628/1549
f 1831/1629/1550 1893/1627/1550 1830/1566/1550
f 1832/1567/1551 1896/1630/1551 1895/1631/1551
f 1834/1569/1552 1896/1630/1552 1833/1568/1552
f 1835/1570/1553 1897/1632/1553 1834/1569/1553
f 1835/1570/1554 1899/1633/1554 1898/1634/1554
f 1836/1572/1555 1900/1635/1555 1899/1633/1555
f 1838/1573/1556 1900/1635/1556 1837/1571/1556
f 1839/1574/1557 1901/1636/1557 1838/1573/1557
f 1840/1575/1558 1902/1637/1558 1839/1574/1558
f 1841/1576/1559 1903/1638/1559 1840/1575/1559
f 1841/1576/1560 1905/1639/1560 1904/1640/1560
f 1842/1577/1561 1906/1641/1561 1905/1639/1561
f 1843/1578/1562 1907/1642/1562 1906/1641/1562
f 1845/1579/1563 1907/1642/1563 1844/1580/1563
f 1846/1581/1564 1908/1643/1564 1845/1579/1564
f 1846/1581/1565 1910/1644/1565 1909/1645/1565
f 1847/1582/1566 1911/1646/1566 1910/1644/1566
f 1848/1583/1567 1912/1647/1567 1911/1646/1567
f 1850/1586/1568 1912/1647/1568 1849/1584/1568
f 1850/1586/1569 1914/1648/1569 1913/1649/1569
f 1852/1588/1570 1914/1648/1570 1851/1585/1570
f 1852/1588/1571 1916/1650/1571 1915/1651/1571
f 1854/1589/1572 1916/1650/1572 1853/1587/1572
f 1854/1589/1573 1918/1652/1573 1917/1653/1573
f 1855/1591/1574 1919/1654/1574 1918/1652/1574
f 1856/1590/1575 1920/1655/1575 1919/1654/1575
f 1857/1592/1576 1921/1656/1576 1920/1655/1576
f 1859/1593/1577 1921/1656/1577 1858/1594/1577
f 1860/1595/1578 1922/1657/1578 1859/1593/1578
f 1861/1596/1579 1923/1658/1579 1860/1595/1579
f 1862/1598/1580 1924/1659/1580 1861/1596/1580
f 1862/1598/1581 1926/1660/1581 1925/1661/1581
f 1864/1600/1582 1926/1660/1582 1863/1597/1582
f 1864/1600/1583 1928/1662/1583 1927/1663/1583
f 1866/1601/1584 1928/1662/1584 1865/1599/1584
f 1867/1602/1585 1929/1664/1585 1866/1601/1585
f 1867/1602/1586 1931/1665/1586 1930/1666/1586
f 1868/1604/1587 1932/1667/1587 1931/1665/1587
f 1870/1606/1588 1932/1667/1588 1869/1603/1588
f 1871/1605/1589 1933/1668/1589 1870/1606/1589
f 1872/1607/1590 1934/1669/1590 1871/1605/1590
f 1873/1608/1591 1935/1670/1591 1872/1607/1591
f 1874/1610/1592 1936/1671/1592 1873/1608/1592
f 1874/1610/1593 1938/1672/1593 1937/1673/1593
f 1876/1612/1594 1938/1672/1594 1875/1609/1594
f 1877/1611/1595 1939/1674/1595 1876/1612/1595
f 1877/1611/1596 1941/1675/1596 1940/1676/1596
f 1878/1614/1597 1942/1677/1597 1941/1675/1597
f 1880/1615/1598 1942/1677/1598 1879/1613/1598
f 1881/1616/1599 1943/1678/1599 1880/1615/1599
f 1881/1616/1600 1945/1679/1600 1944/1680/1600
f 1882/1617/1601 1946/1681/1601 1945/1679/1601
f 1883/1619/1602 1947/1682/1602 1946/1681/1602
f 1884/1618/1603 1948/1683/1603 1947/1682/1603
f 1885/1621/1604 1949/1684/1604 1948/1683/1604
f 1887/1622/1605 1949/1684/1605 1886/1620/1605
f 1887/1622/1606 1951/1685/1606 1950/1686/1606
f 1888/1623/1607 1952/1687/1607 1951/1685/1607
f 1890/1626/1608 1952/1687/1608 1889/1624/1608
f 1891/1625/1609 1953/1688/1609 1890/1626/1609
f 1891/1625/1610 1955/1689/1610 1954/1690/1610
f 1893/1627/1611 1955/1689/1611 1892/1628/1611
f 1894/1691/1612 1956/1692/1612 1893/1627/1612
f 1895/1631/1613 1959/1693/1613 1958/1694/1613
f 1897/1632/1614 1959/1693/1614 1896/1630/1614
f 1898/1634/1615 1960/1695/1615 1897/1632/1615
f 1899/1633/1616 1961/1696/1616 1898/1634/1616
f 1899/1633/1617 1963/1697/1617 1962/1698/1617
f 1900/1635/1618 1964/1699/1618 1963/1697/1618
f 1901/1636/1619 1965/1700/1619 1964/1699/1619
f 1903/1638/1620 1965/1700/1620 1902/1637/1620
f 1904/1640/1621 1966/1701/1621 1903/1638/1621
f 1905/1639/1622 1967/1702/1622 1904/1640/1622
f 1906/1641/1623 1968/1703/1623 1905/1639/1623
f 1906/1641/1624 1970/1704/1624 1969/1705/1624
f 1907/1642/1625 1971/1706/1625 1970/1704/1625
f 1909/1645/1626 1971/1706/1626 1908/1643/1626
f 1910/1644/1627 1972/1707/1627 1909/1645/1627
f 1910/1644/1628 1974/1708/1628 1973/1709/1628
f 1912/1647/1629 1974/1708/1629 1911/1646/1629
f 1912/1647/1630 1976/1710/1630 1975/1711/1630
f 1913/1649/1631 1977/1712/1631 1976/1710/1631
f 1915/1651/1632 1977/1712/1632 1914/1648/1632
f 1916/1650/1633 1978/1713/1633 1915/1651/1633
f 1917/1653/1634 1979/1714/1634 1916/1650/1634
f 1917/1653/1635 1981/1715/1635 1980/1716/1635
f 1918/1652/1636 1982/1717/1636 1981/1715/1636
f 1920/1655/1637 1982/1717/1637 1919/1654/1637
f 1920/1655/1638 1984/1718/1638 1983/1719/1638
f 1921/1656/1639 1985/1720/1639 1984/1718/1639
f 1922/1657/1640 1986/1721/1640 1985/1720/1640
f 1923/1658/1641 1987/1722/1641 1986/1721/1641
f 1925/1661/1642 1987/1722/1642 1924/1659/1642
f 1926/1660/1643 1988/1723/1643 1925/1661/1643
f 1926/1660/1644 1990/1724/1644 1989/1725/1644
f 1928/1662/1645 1990/1724/1645 1927/1663/1645
f 1928/1662/1646 1992/1726/1646 1991/1727/1646
f 1929/1664/1647 1993/1728/1647 1992/1726/1647
f 1931/1665/1648 1993/1728/1648 1930/1666/1648
f 1932/1667/1649 1994/1729/1649 1931/1665/1649
f 1932/1667/1650 1996/1730/1650 1995/1731/1650
f 1933/1668/1651 1997/1732/1651 1996/1730/1651
f 1934/1669/1652 1998/1733/1652 1997/1732/1652
f 1936/1671/1653 1998/1733/1653 1935/1670/1653
f 1937/1673/1654 1999/1734/1654 1936/1671/1654
f 1937/1673/1655 2001/1735/1655 2000/1736/1655
f 1939/1674/1656 2001/1735/1656 1938/1672/1656
f 1940/1676/1657 2002/1737/1657 1939/1674/1657
f 1940/1676/1658 2004/1738/1658 2003/1739/1658
f 1942/1677/1659 2004/1738/1659 1941/1675/1659
f 1942/1677/1660 2006/1740/1660 2005/1741/1660
f 1944/1680/1661 2006/1740/1661 1943/1678/1661
f 1945/1679/1662 2007/1742/1662 1944/1680/1662
f 1946/1681/1663 2008/1743/1663 1945/1679/1663
f 1946/1681/1664 2010/1744/1664 2009/1745/1664
f 1948/1683/1665 2010/1744/1665 1947/1682/1665
f 1949/1684/1666 2011/1746/1666 1948/1683/1666
f 1949/1684/1667 2013/1747/1667 2012/1748/1667
f 1950/1686/1668 2014/1749/1668 2013/1747/1668
f 1952/1687/1669 2014/1749/1669 1951/1685/1669
f 1953/1688/1670 2015/1750/1670 1952/1687/1670
f 1954/1690/1671 2016/1751/1671 1953/1688/1671
f 1955/1689/1672 2017/1752/1672 1954/1690/1672
f 1955/1689/1673 2019/1753/1673 2018/1754/1673
f 1957/1755/1674 2019/1753/1674 1956/1692/1674
f 1959/1693/1675 2021/1756/1675 1958/1694/1675
f 1959/1693/1676 2023/1757/1676 2022/1758/1676
f 1960/1695/1677 2024/1759/1677 2023/1757/1677
f 1962/1698/1678 2024/1759/1678 1961/1696/1678
f 1963/1697/1679 2025/1760/1679 1962/1698/1679
f 1964/1699/1680 2026/1761/1680 1963/1697/1680
f 1965/1700/1681 2027/1762/1681 1964/1699/1681
f 1966/1701/1682 2028/1763/1682 1965/1700/1682
f 1966/1701/1683 2030/1764/1683 2029/1765/1683
f 1968/1703/1684 2030/1764/1684 1967/1702/1684
f 1969/1705/1685 2031/1766/1685 1968/1703/1685
f 1969/1705/1686 2033/1767/1686 2032/1768/1686
f 1971/1706/1687 2033/1767/1687 1970/1704/1687
f 1972/1707/1688 2034/1769/1688 1971/1706/1688
f 1972/1707/1689 2036/1770/1689 2035/1771/1689
f 1974/1708/1690 2036/1770/1690 1973/1709/1690
f 1975/1711/1691 2037/1772/1691 1974/1708/1691
f 1975/1711/1692 2039/1773/1692 2038/1774/1692
f 1976/1710/1693 2040/1775/1693 2039/1773/1693
f 1977/1712/1694 2041/1776/1694 2040/1775/1694
f 1978/1713/1695 2042/1777/1695 2041/1776/1695
f 1980/1716/1696 2042/1777/1696 1979/1714/1696
f 1981/1715/1697 2043/1778/1697 1980/1716/1697
f 1982/1717/1698 2044/1779/1698 1981/1715/1698
f 1983/1719/1699 2045/1780/1699 1982/1717/1699
f 1984/1718/1700 2046/1781/1700 1983/1719/1700
f 1984/1718/1701 2048/1782/1701 2047/1783/1701
f 1985/1720/1702 2049/1784/1702 2048/1782/1702
f 1987/1722/1703 2049/1784/1703 1986/1721/1703
f 1987/1722/1704 2051/1785/1704 2050/1786/1704
f 1988/1723/1705 2052/1787/1705 2051/1785/1705
f 1990/1724/1706 2052/1787/1706 1989/1725/1706
f 1991/1727/1707 2053/1788/1707 1990/1724/1707
f 1991/1727/1708 2055/1789/1708 2054/1790/1708
f 1993/1728/1709 2055/1789/1709 1992/1726/1709
f 1994/1729/1710 2056/1791/1710 1993/1728/1710
f 1995/1731/1711 2057/1792/1711 1994/1729/1711
f 1995/1731/1712 2059/1793/1712 2058/1794/1712
f 1996/1730/1713 2060/1795/1713 2059/1793/1713
f 1997/1732/1714 2061/1796/1714 2060/1795/1714
f 1998/1733/1715 2062/1797/1715 2061/1796/1715
f 1999/1734/1716 2063/1798/1716 2062/1797/1716
f 2001/1735/1717 2063/1798/1717 2000/1736/1717
f 2001/1735/1718 2065/1799/1718 2064/1800/1718
f 2003/1739/1719 2065/1799/1719 2002/1737/1719
f 2003/1739/1720 2067/1801/1720 2066/1802/1720
f 2005/1741/1721 2067/1801/1721 2004/1738/1721
f 2006/1740/1722 2068/1803/1722 2005/1741/1722
f 2007/1742/1723 2069/1804/1723 2006/1740/1723
f 2008/1743/1724 2070/1805/1724 2007/1742/1724
f 2009/1745/1725 2071/1806/1725 2008/1743/1725
f 2009/1745/1726 2073/1807/1726 2072/1808/1726
f 2011/1746/1727 2073/1807/1727 2010/1744/1727
f 2012/1748/1728 2074/1809/1728 2011/1746/1728
f 2012/1748/1729 2076/1810/1729 2075/1811/1729
f 2014/1749/1730 2076/1810/1730 2013/1747/1730
f 2014/1749/1731 2078/1812/1731 2077/1813/1731
f 2016/1751/1732 2078/1812/1732 2015/1750/1732
f 2017/1752/1733 2079/1814/1733 2016/1751/1733
f 2018/1754/1734 2080/1815/1734 2017/1752/1734
f 2019/1753/1735 2081/1816/1735 2018/1754/1735
f 2019/1753/1736 2083/1817/1736 2082/1818/1736
f 2022/1758/1737 2084/1819/1737 2021/1756/1737
f 2023/1757/1738 2085/1820/1738 2022/1758/1738
f 2023/1757/1739 2087/1821/1739 2086/1822/1739
f 2024/1759/1740 2088/1823/1740 2087/1821/1740
f 2025/1760/1741 2089/1824/1741 2088/1823/1741
f 2027/1762/1742 2089/1824/1742 2026/1761/1742
f 2028/1763/1743 2090/1825/1743 2027/1762/1743
f 2029/1765/1744 2091/1826/1744 2028/1763/1744
f 2029/1765/1745 2093/1827/1745 2092/1828/1745
f 2031/1766/1746 2093/1827/1746 2030/1764/1746
f 2031/1766/1747 2095/1829/1747 2094/1830/1747
f 2032/1768/1748 2096/1831/1748 2095/1829/1748
f 2033/1767/1749 2097/1832/1749 2096/1831/1749
f 2035/1771/1750 2097/1832/1750 2034/1769/1750
f 2035/1771/1751 2099/1833/1751 2098/1834/1751
f 2037/1772/1752 2099/1833/1752 2036/1770/1752
f 2037/1772/1753 2101/1835/1753 2100/1836/1753
f 2039/1773/1754 2101/1835/1754 2038/1774/1754
f 2039/1773/1755 2103/1837/1755 2102/1838/1755
f 2040/1775/1756 2104/1839/1756 2103/1837/1756
f 2041/1776/1757 2105/1840/1757 2104/1839/1757
f 2043/1778/1758 2105/1840/1758 2042/1777/1758
f 2043/1778/1759 2107/1841/1759 2106/1842/1759
f 2044/1779/1760 2108/1843/1760 2107/1841/1760
f 2046/1781/1761 2108/1843/1761 2045/1780/1761
f 2047/1783/1762 2109/1844/1762 2046/1781/1762
f 2047/1783/1763 2111/1845/1763 2110/1846/1763
f 2049/1784/1764 2111/1845/1764 2048/1782/1764
f 2050/1786/1765 2112/1847/1765 2049/1784/1765
f 2050/1786/1766 2114/1848/1766 2113/1849/1766
f 2052/1787/1767 2114/1848/1767 2051/1785/1767
f 2052/1787/1768 2116/1850/1768 2115/1851/1768
f 2054/1790/1769 2116/1850/1769 2053/1788/1769
f 2054/1790/1770 2118/1852/1770 2117/1853/1770
f 2056/1791/1771 2118/1852/1771 2055/1789/1771
f 2056/1791/1772 2120/1854/1772 2119/1855/1772
f 2057/1792/1773 2121/1856/1773 2120/1854/1773
f 2058/1794/1774 2122/1857/1774 2121/1856/1774
f 2060/1795/1775 2122/1857/1775 2059/1793/1775
f 2061/1796/1776 2123/1858/1776 2060/1795/1776
f 2061/1796/1777 2125/1859/1777 2124/1860/1777
f 2063/1798/1778 2125/1859/1778 2062/1797/1778
f 2064/1800/1779 2126/1861/1779 2063/1798/1779
f 2064/1800/1780 2128/1862/1780 2127/1863/1780
f 2066/1802/1781 2128/1862/1781 2065/1799/1781
f 2067/1801/1782 2129/1864/1782 2066/1802/1782
f 2067/1801/1783 2131/1865/1783 2130/1866/1783
f 2069/1804/1784 2131/1865/1784 2068/1803/1784
f 2069/1804/1785 2133/1867/1785 2132/1868/1785
f 2070/1805/1786 2134/1869/1786 2133/1867/1786
f 2072/1808/1787 2134/1869/1787 2071/1806/1787
f 2073/1807/1788 2135/1870/1788 2072/1808/1788
f 2074/1809/1789 2136/1871/1789 2073/1807/1789
f 2075/1811/1790 2137/1872/1790 2074/1809/1790
f 2075/1811/1791 2139/1873/1791 2138/1874/1791
f 2076/1810/1792 2140/1875/1792 2139/1873/1792
f 2078/1812/1793 2140/1875/1793 2077/1813/1793
f 2078/1812/1794 2142/1876/1794 2141/1877/1794
f 2080/1815/1795 2142/1876/1795 2079/1814/1795
f 2081/1816/1796 2143/1878/1796 2080/1815/1796
f 2082/1818/1797 2144/1879/1797 2081/1816/1797
f 2083/1817/1798 2145/1880/1798 2082/1818/1798
f 2084/1819/1799 2148/1881/1799 2147/1882/1799
f 2086/1822/1800 2148/1881/1800 2085/1820/1800
f 2086/1822/1801 2150/1883/1801 2149/1884/1801
f 2088/1823/1802 2150/1883/1802 2087/1821/1802
f 2088/1823/1803 2152/1885/1803 2151/1886/1803
f 2089/1824/1804 2153/1887/1804 2152/1885/1804
f 2091/1826/1805 2153/1887/1805 2090/1825/1805
f 2092/1828/1806 2154/1888/1806 2091/1826/1806
f 2092/1828/1807 2156/1889/1807 2155/1890/1807
f 2093/1827/1808 2157/1891/1808 2156/1889/1808
f 2095/1829/1809 2157/1891/1809 2094/1830/1809
f 2096/1831/1810 2158/1892/1810 2095/1829/1810
f 2097/1832/1811 2159/1893/1811 2096/1831/1811
f 2098/1834/1812 2160/1894/1812 2097/1832/1812
f 2099/1833/1813 2161/1895/1813 2098/1834/1813
f 2100/1836/1814 2162/1896/1814 2099/1833/1814
f 2100/1836/1815 2164/1897/1815 2163/1898/1815
f 2101/1835/1816 2165/1899/1816 2164/1897/1816
f 2103/1837/1817 2165/1899/1817 2102/1838/1817
f 2104/1839/1818 2166/1900/1818 2103/1837/1818
f 2105/1840/1819 2167/1901/1819 2104/1839/1819
f 2106/1842/1820 2168/1902/1820 2105/1840/1820
f 2107/1841/1821 2169/1903/1821 2106/1842/1821
f 2108/1843/1822 2170/1904/1822 2107/1841/1822
f 2109/1844/1823 2171/1905/1823 2108/1843/1823
f 2109/1844/1824 2173/1906/1824 2172/1907/1824
f 2110/1846/1825 2174/1908/1825 2173/1906/1825
f 2111/1845/1826 2175/1909/1826 2174/1908/1826
f 2113/1849/1827 2175/1909/1827 2112/1847/1827
f 2114/1848/1828 2176/1910/1828 2113/1849/1828
f 2115/1851/1829 2177/1911/1829 2114/1848/1829
f 2115/1851/1830 2179/1912/1830 2178/1913/1830
f 2116/1850/1831 2180/1914/1831 2179/1912/1831
f 2118/1852/1832 2180/1914/1832 2117/1853/1832
f 2119/1855/1833 2181/1915/1833 2118/1852/1833
f 2120/1854/1834 2182/1916/1834 2119/1855/1834
f 2121/1856/1835 2183/1917/1835 2120/1854/1835
f 2121/1856/1836 2185/1918/1836 2184/1919/1836
f 2122/1857/1837 2186/1920/1837 2185/1918/1837
f 2124/1860/1838 2186/1920/1838 2123/1858/1838
f 2124/1860/1839 2188/1921/1839 2187/1922/1839
f 2125/1859/1840 2189/1923/1840 2188/1921/1840
f 2126/1861/1841 2190/1924/1841 2189/1923/1841
f 2127/1863/1842 2191/1925/1842 2190/1924/1842
f 2128/1862/1843 2192/1926/1843 2191/1925/1843
f 2130/1866/1844 2192/1926/1844 2129/1864/1844
f 2131/1865/1845 2193/1927/1845 2130/1866/1845
f 2132/1868/1846 2194/1928/1846 2131/1865/1846
f 2132/1868/1847 2196/1929/1847 2195/1930/1847
f 2134/1869/1848 2196/1929/1848 2133/1867/1848
f 2134/1869/1849 2198/1931/1849 2197/1932/1849
f 2135/1870/1850 2199/1933/1850 2198/1931/1850
f 2136/1871/1851 2200/1934/1851 2199/1933/1851
f 2138/1874/1852 2200/1934/1852 2137/1872/1852
f 2138/1874/1853 2202/1935/1853 2201/1936/1853
f 2139/1873/1854 2203/1937/1854 2202/1935/1854
f 2141/1877/1855 2203/1937/1855 2140/1875/1855
f 2141/1877/1856 2205/1938/1856 2204/1939/1856
f 2142/1876/1857 2206/1940/1857 2205/1938/1857
f 2144/1879/1858 2206/1940/1858 2143/1878/1858
f 2144/1879/1859 2208/1941/1859 2207/1942/1859
f 2146/1943/1860 2208/1941/1860 2145/1880/1860
f 2147/1882/1861 2211/1944/1861 2210/1945/1861
f 2149/1884/1862 2211/1944/1862 2148/1881/1862
f 2149/1884/1863 2213/1946/1863 2212/1947/1863
f 2150/1883/1864 2214/1948/1864 2213/1946/1864
f 2152/1885/1865 2214/1948/1865 2151/1886/1865
f 2153/1887/1866 2215/1949/1866 2152/1885/1866
f 2153/1887/1867 2217/1950/1867 2216/1951/1867
f 2154/1888/1868 2218/1952/1868 2217/1950/1868
f 2156/1889/1869 2218/1952/1869 2155/1890/1869
f 2156/1889/1870 2220/1953/1870 2219/1954/1870
f 2157/1891/1871 2221/1955/1871 2220/1953/1871
f 2158/1892/1872 2222/1956/1872 2221/1955/1872
f 2159/1893/1873 2223/1957/1873 2222/1956/1873
f 2160/1894/1874 2224/1958/1874 2223/1957/1874
f 2161/1895/1875 2225/1959/1875 2224/1958/1875
f 2162/1896/1876 2226/1960/1876 2225/1959/1876
f 2164/1897/1877 2226/1960/1877 2163/1898/1877
f 2164/1897/1878 2228/1961/1878 2227/1962/1878
f 2166/1900/1879 2228/1961/1879 2165/1899/1879
f 2166/1900/1880 2230/1963/1880 2229/1964/1880
f 2168/1902/1881 2230/1963/1881 2167/1901/1881
f 2168/1902/1882 2232/1965/1882 2231/1966/1882
f 2169/1903/1883 2233/1967/1883 2232/1965/1883
f 2170/1904/1884 2234/1968/1884 2233/1967/1884
f 2171/1905/1885 2235/1969/1885 2234/1968/1885
f 2172/1907/1886 2236/1970/1886 2235/1969/1886
f 2174/1908/1887 2236/1970/1887 2173/1906/1887
f 2174/1908/1888 2238/1971/1888 2237/1972/1888
f 2176/1910/1889 2238/1971/1889 2175/1909/1889
f 2177/1911/1890 2239/1973/1890 2176/1910/1890
f 2177/1911/1891 2241/1974/1891 2240/1975/1891
f 2179/1912/1892 2241/1974/1892 2178/1913/1892
f 2179/1912/1893 2243/1976/1893 2242/1977/1893
f 2180/1914/1894 2244/1978/1894 2243/1976/1894
f 2182/1916/1895 2244/1978/1895 2181/1915/1895
f 2183/1917/1896 2245/1979/1896 2182/1916/1896
f 2184/1919/1897 2246/1980/1897 2183/1917/1897
f 2185/1918/1898 2247/1981/1898 2184/1919/1898
f 2185/1918/1899 2249/1982/1899 2248/1983/1899
f 2187/1922/1900 2249/1982/1900 2186/1920/1900
f 2188/1921/1901 2250/1984/1901 2187/1922/1901
f 2189/1923/1902 2251/1985/1902 2188/1921/1902
f 2190/1924/1903 2252/1986/1903 2189/1923/1903
f 2191/1925/1904 2253/1987/1904 2190/1924/1904
f 2191/1925/1905 2255/1988/1905 2254/1989/1905
f 2193/1927/1906 2255/1988/1906 2192/1926/1906
f 2194/1928/1907 2256/1990/1907 2193/1927/1907
f 2195/1930/1908 2257/1991/1908 2194/1928/1908
f 2196/1929/1909 2258/1992/1909 2195/1930/1909
f 2197/1932/1910 2259/1993/1910 2196/1929/1910
f 2198/1931/1911 2260/1994/1911 2197/1932/1911
f 2199/1933/1912 2261/1995/1912 2198/1931/1912
f 2200/1934/1913 2262/1996/1913 2199/1933/1913
f 2201/1936/1914 2263/1997/1914 2200/1934/1914
f 2202/1935/1915 2264/1998/1915 2201/1936/1915
f 2203/1937/1916 2265/1999/1916 2202/1935/1916
f 2204/1939/1917 2266/2000/1917 2203/1937/1917
f 2205/1938/1918 2267/2001/1918 2204/1939/1918
f 2206/1940/1919 2268/2002/1919 2205/1938/1919
f 2207/1942/1920 2269/2003/1920 2206/1940/1920
f 2208/1941/1921 2270/2004/1921 2207/1942/1921
f 2209/2005/1922 2271/2006/1922 2208/1941/1922
f 2210/1945/1923 2274/2007/1923 2273/2008/1923
f 2212/1947/1924 2274/2007/1924 2211/1944/1924
f 2213/1946/1925 2275/2009/1925 2212/1947/1925
f 2214/1948/1926 2276/2010/1926 2213/1946/1926
f 2215/1949/1927 2277/2011/1927 2214/1948/1927
f 2216/1951/1928 2278/2012/1928 2215/1949/1928
f 2216/1951/1929 2280/2013/1929 2279/2014/1929
f 2218/1952/1930 2280/2013/1930 2217/1950/1930
f 2219/1954/1931 2281/2015/1931 2218/1952/1931
f 2220/1953/1932 2282/2016/1932 2219/1954/1932
f 2221/1955/1933 2283/2017/1933 2220/1953/1933
f 2222/1956/1934 2284/2018/1934 2221/1955/1934
f 2222/1956/1935 2286/2019/1935 2285/2020/1935
f 2224/1958/1936 2286/2019/1936 2223/1957/1936
f 2225/1959/1937 2287/2021/1937 2224/1958/1937
f 2226/1960/1938 2288/2022/1938 2225/1959/1938
f 2227/1962/1939 2289/2023/1939 2226/1960/1939
f 2228/1961/1940 2290/2024/1940 2227/1962/1940
f 2228/1961/1941 2292/2025/1941 2291/2026/1941
f 2229/1964/1942 2293/2027/1942 2292/2025/1942
f 2230/1963/1943 2294/2028/1943 2293/2027/1943
f 2232/1965/1944 2294/2028/1944 2231/1966/1944
f 2233/1967/1945 2295/2029/1945 2232/1965/1945
f 2234/1968/1946 2296/2030/1946 2233/1967/1946
f 2235/1969/1947 2297/2031/1947 2234/1968/1947
f 2236/1970/1948 2298/2032/1948 2235/1969/1948
f 2237/1972/1949 2299/2033/1949 2236/1970/1949
f 2238/1971/1950 2300/2034/1950 2237/1972/1950
f 2239/1973/1951 2301/2035/1951 2238/1971/1951
f 2240/1975/1952 2302/2036/1952 2239/1973/1952
f 2240/1975/1953 2304/2037/1953 2303/2038/1953
f 2241/1974/1954 2305/2039/1954 2304/2037/1954
f 2243/1976/1955 2305/2039/1955 2242/1977/1955
f 2243/1976/1956 2307/2040/1956 2306/2041/1956
f 2244/1978/1957 2308/2042/1957 2307/2040/1957
f 2246/1980/1958 2308/2042/1958 2245/1979/1958
f 2246/1980/1959 2310/2043/1959 2309/2044/1959
f 2247/1981/1960 2311/2045/1960 2310/2043/1960
f 2248/1983/1961 2312/2046/1961 2311/2045/1961
f 2249/1982/1962 2313/2047/1962 2312/2046/1962
f 2250/1984/1963 2314/2048/1963 2313/2047/1963
f 2251/1985/1964 2315/2049/1964 2314/2048/1964
f 2252/1986/1965 2316/2050/1965 2315/2049/1965
f 2253/1987/1966 2317/2051/1966 2316/2050/1966
f 2255/1988/1967 2317/2051/1967 2254/1989/1967
f 2255/1988/1968 2319/2052/1968 2318/2053/1968
f 2256/1990/1969 2320/2054/1969 2319/2052/1969
f 2257/1991/1970 2321/2055/1970 2320/2054/1970
f 2258/1992/1971 2322/2056/1971 2321/2055/1971
f 2259/1993/1972 2323/2057/1972 2322/2056/1972
f 2260/1994/1973 2324/2058/1973 2323/2057/1973
f 2262/1996/1974 2324/2058/1974 2261/1995/1974
f 2262/1996/1975 2326/2059/1975 2325/2060/1975
f 2264/1998/1976 2326/2059/1976 2263/1997/1976
f 2264/1998/1977 2328/2061/1977 2327/2062/1977
f 2266/2000/1978 2328/2061/1978 2265/1999/1978
f 2267/2001/1979 2329/2063/1979 2266/2000/1979
f 2267/2001/1980 2331/2064/1980 2330/2065/1980
f 2268/2002/1981 2332/2066/1981 2331/2064/1981
f 2269/2003/1982 2333/2067/1982 2332/2066/1982
f 2270/2004/1983 2334/2068/1983 2333/2067/1983
f 2271/2006/1984 2335/2069/1984 2334/2068/1984
f 2274/2007/1985 2336/2070/1985 2273/2008/1985
f 2274/2007/1986 2338/2071/1986 2337/2072/1986
f 2276/2010/1987 2338/2071/1987 2275/2009/1987
f 2276/2010/1988 2340/2073/1988 2339/2074/1988
f 2277/2011/1989 2341/2075/1989 2340/2073/1989
f 2279/2014/1990 2341/2075/1990 2278/2012/1990
f 2279/2014/1991 2343/2076/1991 2342/2077/1991
f 2280/2013/1992 2344/2078/1992 2343/2076/1992
f 2282/2016/1993 2344/2078/1993 2281/2015/1993
f 2283/2017/1994 2345/2079/1994 2282/2016/1994
f 2283/2017/1995 2347/2080/1995 2346/2081/1995
f 2285/2020/1996 2347/2080/1996 2284/2018/1996
f 2286/2019/1997 2348/2082/1997 2285/2020/1997
f 2286/2019/1998 2350/2083/1998 2349/2084/1998
f 2288/2022/1999 2350/2083/1999 2287/2021/1999
f 2288/2022/2000 2352/2085/2000 2351/2086/2000
f 2289/2023/2001 2353/2087/2001 2352/2085/2001
f 2291/2026/2002 2353/2087/2002 2290/2024/2002
f 2292/2025/2003 2354/2088/2003 2291/2026/2003
f 2293/2027/2004 2355/2089/2004 2292/2025/2004
f 2293/2027/2005 2357/2090/2005 2356/2091/2005
f 2294/2028/2006 2358/2092/2006 2357/2090/2006
f 2295/2029/2007 2359/2093/2007 2358/2092/2007
f 2297/2031/2008 2359/2093/2008 2296/2030/2008
f 2298/2032/2009 2360/2094/2009 2297/2031/2009
f 2298/2032/2010 2362/2095/2010 2361/2096/2010
f 2299/2033/2011 2363/2097/2011 2362/2095/2011
f 2301/2035/2012 2363/2097/2012 2300/2034/2012
f 2302/2036/2013 2364/2098/2013 2301/2035/2013
f 2302/2036/2014 2366/2099/2014 2365/2100/2014
f 2304/2037/2015 2366/2099/2015 2303/2038/2015
f 2305/2039/2016 2367/2101/2016 2304/2037/2016
f 2306/2041/2017 2368/2102/2017 2305/2039/2017
f 2307/2040/2018 2369/2103/2018 2306/2041/2018
f 2308/2042/2019 2370/2104/2019 2307/2040/2019
f 2308/2042/2020 2372/2105/2020 2371/2106/2020
f 2309/2044/2021 2373/2107/2021 2372/2105/2021
f 2310/2043/2022 2374/2108/2022 2373/2107/2022
f 2312/2046/2023 2374/2108/2023 2311/2045/2023
f 2313/2047/2024 2375/2109/2024 2312/2046/2024
f 2314/2048/2025 2376/2110/2025 2313/2047/2025
f 2315/2049/2026 2377/2111/2026 2314/2048/2026
f 2315/2049/2027 2379/2112/2027 2378/2113/2027
f 2316/2050/2028 2380/2114/2028 2379/2112/2028
f 2318/2053/2029 2380/2114/2029 2317/2051/2029
f 2319/2052/2030 2381/2115/2030 2318/2053/2030
f 2320/2054/2031 2382/2116/2031 2319/2052/2031
f 2321/2055/2032 2383/2117/2032 2320/2054/2032
f 2322/2056/2033 2384/2118/2033 2321/2055/2033
f 2323/2057/2034 2385/2119/2034 2322/2056/2034
f 2323/2057/2035 2387/2120/2035 2386/2121/2035
f 2324/2058/2036 2388/2122/2036 2387/2120/2036
f 2326/2059/2037 2388/2122/2037 2325/2060/2037
f 2327/2062/2038 2389/2123/2038 2326/2059/2038
f 2328/2061/2039 2390/2124/2039 2327/2062/2039
f 2328/2061/2040 2392/2125/2040 2391/2126/2040
f 2329/2063/2041 2393/2127/2041 2392/2125/2041
f 2331/2064/2042 2393/2127/2042 2330/2065/2042
f 2332/2066/2043 2394/2128/2043 2331/2064/2043
f 2333/2067/2044 2395/2129/2044 2332/2066/2044
f 2334/2068/2045 2396/2130/2045 2333/2067/2045
f 2334/2068/2046 2398/2131/2046 2397/2132/2046
f 2337/2072/2047 2399/2133/2047 2336/2070/2047
f 2338/2071/2048 2400/2134/2048 2337/2072/2048
f 2339/2074/2049 2401/2135/2049 2338/2071/2049
f 2340/2073/2050 2402/2136/2050 2339/2074/2050
f 2341/2075/2051 2403/2137/2051 2340/2073/2051
f 2341/2075/2052 2405/2138/2052 2404/2139/2052
f 2343/2076/2053 2405/2138/2053 2342/2077/2053
f 2343/2076/2054 2407/2140/2054 2406/2141/2054
f 2345/2079/2055 2407/2140/2055 2344/2078/2055
f 2345/2079/2056 2409/2142/2056 2408/2143/2056
f 2346/2081/2057 2410/2144/2057 2409/2142/2057
f 2347/2080/2058 2411/2145/2058 2410/2144/2058
f 2349/2084/2059 2411/2145/2059 2348/2082/2059
f 2349/2084/2060 2413/2146/2060 2412/2147/2060
f 2351/2086/2061 2413/2146/2061 2350/2083/2061
f 2351/2086/2062 2415/2148/2062 2414/2149/2062
f 2352/2085/2063 2416/2150/2063 2415/2148/2063
f 2353/2087/2064 2417/2151/2064 2416/2150/2064
f 2354/2088/2065 2418/2152/2065 2417/2151/2065
f 2356/2091/2066 2418/2152/2066 2355/2089/2066
f 2357/2090/2067 2419/2153/2067 2356/2091/2067
f 2358/2092/2068 2420/2154/2068 2357/2090/2068
f 2359/2093/2069 2421/2155/2069 2358/2092/2069
f 2360/2094/2070 2422/2156/2070 2359/2093/2070
f 2360/2094/2071 2424/2157/2071 2423/2158/2071
f 2361/2096/2072 2425/2159/2072 2424/2157/2072
f 2363/2097/2073 2425/2159/2073 2362/2095/2073
f 2363/2097/2074 2427/2160/2074 2426/2161/2074
f 2365/2100/2075 2427/2160/2075 2364/2098/2075
f 2365/2100/2076 2429/2162/2076 2428/2163/2076
f 2366/2099/2077 2430/2164/2077 2429/2162/2077
f 2368/2102/2078 2430/2164/2078 2367/2101/2078
f 2368/2102/2079 2432/2165/2079 2431/2166/2079
f 2370/2104/2080 2432/2165/2080 2369/2103/2080
f 2371/2106/2081 2433/2167/2081 2370/2104/2081
f 2371/2106/2082 2435/2168/2082 2434/2169/2082
f 2373/2107/2083 2435/2168/2083 2372/2105/2083
f 2374/2108/2084 2436/2170/2084 2373/2107/2084
f 2375/2109/2085 2437/2171/2085 2374/2108/2085
f 2376/2110/2086 2438/2172/2086 2375/2109/2086
f 2376/2110/2087 2440/2173/2087 2439/2174/2087
f 2377/2111/2088 2441/2175/2088 2440/2173/2088
f 2379/2112/2089 2441/2175/2089 2378/2113/2089
f 2380/2114/2090 2442/2176/2090 2379/2112/2090
f 2380/2114/2091 2444/2177/2091 2443/2178/2091
f 2382/2116/2092 2444/2177/2092 2381/2115/2092
f 2383/2117/2093 2445/2179/2093 2382/2116/2093
f 2383/2117/2094 2447/2180/2094 2446/2181/2094
f 2385/2119/2095 2447/2180/2095 2384/2118/2095
f 2386/2121/2096 2448/2182/2096 2385/2119/2096
f 2387/2120/2097 2449/2183/2097 2386/2121/2097
f 2387/2120/2098 2451/2184/2098 2450/2185/2098
f 2389/2123/2099 2451/2184/2099 2388/2122/2099
f 2389/2123/2100 2453/2186/2100 2452/2187/2100
f 2391/2126/2101 2453/2186/2101 2390/2124/2101
f 2392/2125/2102 2454/2188/2102 2391/2126/2102
f 2393/2127/2103 2455/2189/2103 2392/2125/2103
f 2394/2128/2104 2456/2190/2104 2393/2127/2104
f 2394/2128/2105 2458/2191/2105 2457/2192/2105
f 2395/2129/2106 2459/2193/2106 2458/2191/2106
f 2396/2130/2107 2460/2194/2107 2459/2193/2107
f 2398/2131/2108 2460/2194/2108 2397/2132/2108
f 2399/2133/2109 2463/2195/2109 2462/2196/2109
f 2401/2135/2110 2463/2195/2110 2400/2134/2110
f 2402/2136/2111 2464/2197/2111 2401/2135/2111
f 2402/2136/2112 2466/2198/2112 2465/2199/2112
f 2404/2139/2113 2466/2198/2113 2403/2137/2113
f 2404/2139/2114 2468/2200/2114 2467/2201/2114
f 2405/2138/2115 2469/2202/2115 2468/2200/2115
f 2407/2140/2116 2469/2202/2116 2406/2141/2116
f 2408/2143/2117 2470/2203/2117 2407/2140/2117
f 2409/2142/2118 2471/2204/2118 2408/2143/2118
f 2410/2144/2119 2472/2205/2119 2409/2142/2119
f 2411/2145/2120 2473/2206/2120 2410/2144/2120
f 2411/2145/2121 2475/2207/2121 2474/2208/2121
f 2412/2147/2122 2476/2209/2122 2475/2207/2122
f 2414/2149/2123 2476/2209/2123 2413/2146/2123
f 2415/2148/2124 2477/2210/2124 2414/2149/2124
f 2416/2150/2125 2478/2211/2125 2415/2148/2125
f 2417/2151/2126 2479/2212/2126 2416/2150/2126
f 2418/2152/2127 2480/2213/2127 2417/2151/2127
f 2419/2153/2128 2481/2214/2128 2418/2152/2128
f 2420/2154/2129 2482/2215/2129 2419/2153/2129
f 2421/2155/2130 2483/2216/2130 2420/2154/2130
f 2421/2155/2131 2485/2217/2131 2484/2218/2131
f 2422/2156/2132 2486/2219/2132 2485/2217/2132
f 2424/2157/2133 2486/2219/2133 2423/2158/2133
f 2424/2157/2134 2488/2220/2134 2487/2221/2134
f 2426/2161/2135 2488/2220/2135 2425/2159/2135
f 2426/2161/2136 2490/2222/2136 2489/2223/2136
f 2427/2160/2137 2491/2224/2137 2490/2222/2137
f 2429/2162/2138 2491/2224/2138 2428/2163/2138
f 2430/2164/2139 2492/2225/2139 2429/2162/2139
f 2431/2166/2140 2493/2226/2140 2430/2164/2140
f 2431/2166/2141 2495/2227/2141 2494/2228/2141
f 2433/2167/2142 2495/2227/2142 2432/2165/2142
f 2434/2169/2143 2496/2229/2143 2433/2167/2143
f 2434/2169/2144 2498/2230/2144 2497/2231/2144
f 2435/2168/2145 2499/2232/2145 2498/2230/2145
f 2436/2170/2146 2500/2233/2146 2499/2232/2146
f 2438/2172/2147 2500/2233/2147 2437/2171/2147
f 2439/2174/2148 2501/2234/2148 2438/2172/2148
f 2440/2173/2149 2502/2235/2149 2439/2174/2149
f 2440/2173/2150 2504/2236/2150 2503/2237/2150
f 2441/2175/2151 2505/2238/2151 2504/2236/2151
f 2443/2178/2152 2505/2238/2152 2442/2176/2152
f 2443/2178/2153 2507/2239/2153 2506/2240/2153
f 2444/2177/2154 2508/2241/2154 2507/2239/2154
f 2445/2179/2155 2509/2242/2155 2508/2241/2155
f 2446/2181/2156 2510/2243/2156 2509/2242/2156
f 2447/2180/2157 2511/2244/2157 2510/2243/2157
f 2449/2183/2158 2511/2244/2158 2448/2182/2158
f 2450/2185/2159 2512/2245/2159 2449/2183/2159
f 2450/2185/2160 2514/2246/2160 2513/2247/2160
f 2452/2187/2161 2514/2246/2161 2451/2184/2161
f 2452/2187/2162 2516/2248/2162 2515/2249/2162
f 2454/2188/2163 2516/2248/2163 2453/2186/2163
f 2454/2188/2164 2518/2250/2164 2517/2251/2164
f 2456/2190/2165 2518/2250/2165 2455/2189/2165
f 2457/2192/2166 2519/2252/2166 2456/2190/2166
f 2457/2192/2167 2521/2253/2167 2520/2254/2167
f 2459/2193/2168 2521/2253/2168 2458/2191/2168
f 2460/2194/2169 2522/2255/2169 2459/2193/2169
f 2461/2256/2170 2523/2257/2170 2460/2194/2170
f 2462/2196/2171 2526/2258/2171 2525/2259/2171
f 2463/2195/2172 2527/2260/2172 2526/2258/2172
f 2464/2197/2173 2528/2261/2173 2527/2260/2173
f 2465/2199/2174 2529/2262/2174 2528/2261/2174
f 2467/2201/2175 2529/2262/2175 2466/2198/2175
f 2468/2200/2176 2530/2263/2176 2467/2201/2176
f 2469/2202/2177 2531/2264/2177 2468/2200/2177
f 2469/2202/2178 2533/2265/2178 2532/2266/2178
f 2471/2204/2179 2533/2265/2179 2470/2203/2179
f 2472/2205/2180 2534/2267/2180 2471/2204/2180
f 2473/2206/2181 2535/2268/2181 2472/2205/2181
f 2473/2206/2182 2537/2269/2182 2536/2270/2182
f 2475/2207/2183 2537/2269/2183 2474/2208/2183
f 2475/2207/2184 2539/2271/2184 2538/2272/2184
f 2476/2209/2185 2540/2273/2185 2539/2271/2185
f 2478/2211/2186 2540/2273/2186 2477/2210/2186
f 2478/2211/2187 2542/2274/2187 2541/2275/2187
f 2479/2212/2188 2543/2276/2188 2542/2274/2188
f 2480/2213/2189 2544/2277/2189 2543/2276/2189
f 2482/2215/2190 2544/2277/2190 2481/2214/2190
f 2483/2216/2191 2545/2278/2191 2482/2215/2191
f 2483/2216/2192 2547/2279/2192 2546/2280/2192
f 2485/2217/2193 2547/2279/2193 2484/2218/2193
f 2486/2219/2194 2548/2281/2194 2485/2217/2194
f 2486/2219/2195 2550/2282/2195 2549/2283/2195
f 2487/2221/2196 2551/2284/2196 2550/2282/2196
f 2489/2223/2197 2551/2284/2197 2488/2220/2197
f 2490/2222/2198 2552/2285/2198 2489/2223/2198
f 2491/2224/2199 2553/2286/2199 2490/2222/2199
f 2492/2225/2200 2554/2287/2200 2491/2224/2200
f 2493/2226/2201 2555/2288/2201 2492/2225/2201
f 2494/2228/2202 2556/2289/2202 2493/2226/2202
f 2494/2228/2203 2558/2290/2203 2557/2291/2203
f 2496/2229/2204 2558/2290/2204 2495/2227/2204
f 2497/2231/2205 2559/2292/2205 2496/2229/2205
f 2497/2231/2206 2561/2293/2206 2560/2294/2206
f 2499/2232/2207 2561/2293/2207 2498/2230/2207
f 2500/2233/2208 2562/2295/2208 2499/2232/2208
f 2501/2234/2209 2563/2296/2209 2500/2233/2209
f 2501/2234/2210 2565/2297/2210 2564/2298/2210
f 2503/2237/2211 2565/2297/2211 2502/2235/2211
f 2503/2237/2212 2567/2299/2212 2566/2300/2212
f 2504/2236/2213 2568/2301/2213 2567/2299/2213
f 2505/2238/2214 2569/2302/2214 2568/2301/2214
f 2506/2240/2215 2570/2303/2215 2569/2302/2215
f 2508/2241/2216 2570/2303/2216 2507/2239/2216
f 2509/2242/2217 2571/2304/2217 2508/2241/2217
f 2509/2242/2218 2573/2305/2218 2572/2306/2218
f 2511/2244/2219 2573/2305/2219 2510/2243/2219
f 2511/2244/2220 2575/2307/2220 2574/2308/2220
f 2513/2247/2221 2575/2307/2221 2512/2245/2221
f 2513/2247/2222 2577/2309/2222 2576/2310/2222
f 2515/2249/2223 2577/2309/2223 2514/2246/2223
f 2516/2248/2224 2578/2311/2224 2515/2249/2224
f 2517/2251/2225 2579/2312/2225 2516/2248/2225
f 2518/2250/2226 2580/2313/2226 2517/2251/2226
f 2519/2252/2227 2581/2314/2227 2518/2250/2227
f 2520/2254/2228 2582/2315/2228 2519/2252/2228
f 2520/2254/2229 2584/2316/2229 2583/2317/2229
f 2521/2253/2230 2585/2318/2230 2584/2316/2230
f 2523/2257/2231 2585/2318/2231 2522/2255/2231
f 2524/2319/2232 2586/2320/2232 2523/2257/2232
f 2526/2258/2233 2588/2321/2233 2525/2259/2233
f 2527/2260/2234 2589/2322/2234 2526/2258/2234
f 2527/2260/2235 2591/2323/2235 2590/2324/2235
f 2529/2262/2236 2591/2323/2236 2528/2261/2236
f 2530/2263/2237 2592/2325/2237 2529/2262/2237
f 2530/2263/2238 2594/2326/2238 2593/2327/2238
f 2532/2266/2239 2594/2326/2239 2531/2264/2239
f 2532/2266/2240 2596/2328/2240 2595/2329/2240
f 2533/2265/2241 2597/2330/2241 2596/2328/2241
f 2534/2267/2242 2598/2331/2242 2597/2330/2242
f 2536/2270/2243 2598/2331/2243 2535/2268/2243
f 2536/2270/2244 2600/2332/2244 2599/2333/2244
f 2538/2272/2245 2600/2332/2245 2537/2269/2245
f 2539/2271/2246 2601/2334/2246 2538/2272/2246
f 2539/2271/2247 2603/2335/2247 2602/2336/2247
f 2540/2273/2248 2604/2337/2248 2603/2335/2248
f 2541/2275/2249 2605/2338/2249 2604/2337/2249
f 2542/2274/2250 2606/2339/2250 2605/2338/2250
f 2544/2277/2251 2606/2339/2251 2543/2276/2251
f 2544/2277/2252 2608/2340/2252 2607/2341/2252
f 2546/2280/2253 2608/2340/2253 2545/2278/2253
f 2547/2279/2254 2609/2342/2254 2546/2280/2254
f 2548/2281/2255 2610/2343/2255 2547/2279/2255
f 2549/2283/2256 2611/2344/2256 2548/2281/2256
f 2549/2283/1295 2613/2345/1295 2612/2346/1295
f 2551/2284/2257 2613/2345/2257 2550/2282/2257
f 2552/2285/2258 2614/2347/2258 2551/2284/2258
f 2553/2286/2259 2615/2348/2259 2552/2285/2259
f 2554/2287/2260 2616/2349/2260 2553/2286/2260
f 2555/2288/2261 2617/2350/2261 2554/2287/2261
f 2555/2288/2262 2619/2351/2262 2618/2352/2262
f 2556/2289/2263 2620/2353/2263 2619/2351/2263
f 2558/2290/2264 2620/2353/2264 2557/2291/2264
f 2559/2292/2265 2621/2354/2265 2558/2290/2265
f 2559/2292/2266 2623/2355/2266 2622/2356/2266
f 2560/2294/2267 2624/2357/2267 2623/2355/2267
f 2561/2293/2268 2625/2358/2268 2624/2357/2268
f 2563/2296/2269 2625/2358/2269 2562/2295/2269
f 2564/2298/2270 2626/2359/2270 2563/2296/2270
f 2564/2298/2271 2628/2360/2271 2627/2361/2271
f 2566/2300/2272 2628/2360/2272 2565/2297/2272
f 2566/2300/2273 2630/2362/2273 2629/2363/2273
f 2568/2301/2274 2630/2362/2274 2567/2299/2274
f 2568/2301/2275 2632/2364/2275 2631/2365/2275
f 2569/2302/2276 2633/2366/2276 2632/2364/2276
f 2571/2304/2277 2633/2366/2277 2570/2303/2277
f 2572/2306/2278 2634/2367/2278 2571/2304/2278
f 2573/2305/2279 2635/2368/2279 2572/2306/2279
f 2574/2308/2280 2636/2369/2280 2573/2305/2280
f 2575/2307/2281 2637/2370/2281 2574/2308/2281
f 2575/2307/2282 2639/2371/2282 2638/2372/2282
f 2576/2310/2283 2640/2373/2283 2639/2371/2283
f 2577/2309/2284 2641/2374/2284 2640/2373/2284
f 2578/2311/2285 2642/2375/2285 2641/2374/2285
f 2580/2313/2286 2642/2375/2286 2579/2312/2286
f 2580/2313/2287 2644/2376/2287 2643/2377/2287
f 2581/2314/2288 2645/2378/2288 2644/2376/2288
f 2582/2315/2289 2646/2379/2289 2645/2378/2289
f 2584/2316/2290 2646/2379/2290 2583/2317/2290
f 2585/2318/2291 2647/2380/2291 2584/2316/2291
f 2586/2320/2292 2648/2381/2292 2585/2318/2292
f 2586/2320/2293 2650/2382/2293 2649/2383/2293
f 2588/2321/2294 2652/2384/2294 2651/2385/2294
f 2590/2324/2295 2652/2384/2295 2589/2322/2295
f 2590/2324/2296 2654/2386/2296 2653/2387/2296
f 2592/2325/2297 2654/2386/2297 2591/2323/2297
f 2592/2325/2298 2656/2388/2298 2655/2389/2298
f 2593/2327/2299 2657/2390/2299 2656/2388/2299
f 2595/2329/2300 2657/2390/2300 2594/2326/2300
f 2596/2328/2301 2658/2391/2301 2595/2329/2301
f 2597/2330/2302 2659/2392/2302 2596/2328/2302
f 2598/2331/2303 2660/2393/2303 2597/2330/2303
f 2598/2331/2304 2662/2394/2304 2661/2395/2304
f 2599/2333/2305 2663/2396/2305 2662/2394/2305
f 2600/2332/2306 2664/2397/2306 2663/2396/2306
f 2602/2336/2307 2664/2397/2307 2601/2334/2307
f 2602/2336/2308 2666/2398/2308 2665/2399/2308
f 2604/2337/2309 2666/2398/2309 2603/2335/2309
f 2605/2338/2310 2667/2400/2310 2604/2337/2310
f 2606/2339/2311 2668/2401/2311 2605/2338/2311
f 2607/2341/2312 2669/2402/2312 2606/2339/2312
f 2608/2340/2313 2670/2403/2313 2607/2341/2313
f 2609/2342/2314 2671/2404/2314 2608/2340/2314
f 2609/2342/2315 2673/2405/2315 2672/2406/2315
f 2610/2343/2316 2674/2407/2316 2673/2405/2316
f 2612/2346/2317 2674/2407/2317 2611/2344/2317
f 2613/2345/2318 2675/2408/2318 2612/2346/2318
f 2614/2347/2319 2676/2409/2319 2613/2345/2319
f 2614/2347/2320 2678/2410/2320 2677/2411/2320
f 2615/2348/2321 2679/2412/2321 2678/2410/2321
f 2616/2349/2322 2680/2413/2322 2679/2412/2322
f 2617/2350/2323 2681/2414/2323 2680/2413/2323
f 2619/2351/2324 2681/2414/2324 2618/2352/2324
f 2620/2353/2325 2682/2415/2325 2619/2351/2325
f 2621/2354/2326 2683/2416/2326 2620/2353/2326
f 2622/2356/2327 2684/2417/2327 2621/2354/2327
f 2623/2355/2328 2685/2418/2328 2622/2356/2328
f 2624/2357/2329 2686/2419/2329 2623/2355/2329
f 2624/2357/2330 2688/2420/2330 2687/2421/2330
f 2626/2359/2331 2688/2420/2331 2625/2358/2331
f 2627/2361/2332 2689/2422/2332 2626/2359/2332
f 2627/2361/2333 2691/2423/2333 2690/2424/2333
f 2629/2363/2334 2691/2423/2334 2628/2360/2334
f 2630/2362/2335 2692/2425/2335 2629/2363/2335
f 2631/2365/2336 2693/2426/2336 2630/2362/2336
f 2631/2365/2337 2695/2427/2337 2694/2428/2337
f 2632/2364/2338 2696/2429/2338 2695/2427/2338
f 2634/2367/2339 2696/2429/2339 2633/2366/2339
f 2634/2367/2340 2698/2430/2340 2697/2431/2340
f 2636/2369/2341 2698/2430/2341 2635/2368/2341
f 2637/2370/2342 2699/2432/2342 2636/2369/2342
f 2637/2370/2343 2701/2433/2343 2700/2434/2343
f 2639/2371/2344 2701/2433/2344 2638/2372/2344
f 2639/2371/2345 2703/2435/2345 2702/2436/2345
f 2641/2374/2346 2703/2435/2346 2640/2373/2346
f 2641/2374/2347 2705/2437/2347 2704/2438/2347
f 2642/2375/2348 2706/2439/2348 2705/2437/2348
f 2643/2377/2349 2707/2440/2349 2706/2439/2349
f 2645/2378/2350 2707/2440/2350 2644/2376/2350
f 2646/2379/2351 2708/2441/2351 2645/2378/2351
f 2646/2379/2352 2710/2442/2352 2709/2443/2352
f 2648/2381/2353 2710/2442/2353 2647/2380/2353
f 2648/2381/2354 2712/2444/2354 2711/2445/2354
f 2650/2382/2355 2712/2444/2355 2649/2383/2355
f 2652/2384/2356 2714/2446/2356 2651/2385/2356
f 2653/2387/2357 2715/2447/2357 2652/2384/2357
f 2654/2386/2358 2716/2448/2358 2653/2387/2358
f 2655/2389/2359 2717/2449/2359 2654/2386/2359
f 2656/2388/2360 2718/2450/2360 2655/2389/2360
f 2657/2390/2361 2719/2451/2361 2656/2388/2361
f 2658/2391/2362 2720/2452/2362 2657/2390/2362
f 2659/2392/2363 2721/2453/2363 2658/2391/2363
f 2659/2392/2364 2723/2454/2364 2722/2455/2364
f 2661/2395/2365 2723/2454/2365 2660/2393/2365
f 2662/2394/2366 2724/2456/2366 2661/2395/2366
f 2662/2394/2367 2726/2457/2367 2725/2458/2367
f 2664/2397/2368 2726/2457/2368 2663/2396/2368
f 2665/2399/2369 2727/2459/2369 2664/2397/2369
f 2666/2398/2370 2728/2460/2370 2665/2399/2370
f 2667/2400/2371 2729/2461/2371 2666/2398/2371
f 2667/2400/2372 2731/2462/2372 2730/2463/2372
f 2668/2401/2373 2732/2464/2373 2731/2462/2373
f 2669/2402/2374 2733/2465/2374 2732/2464/2374
f 2670/2403/2375 2734/2466/2375 2733/2465/2375
f 2672/2406/2376 2734/2466/2376 2671/2404/2376
f 2672/2406/2377 2736/2467/2377 2735/2468/2377
f 2674/2407/2378 2736/2467/2378 2673/2405/2378
f 2675/2408/2379 2737/2469/2379 2674/2407/2379
f 2675/2408/2380 2739/2470/2380 2738/2471/2380
f 2677/2411/2381 2739/2470/2381 2676/2409/2381
f 2678/2410/2382 2740/2472/2382 2677/2411/2382
f 2678/2410/2383 2742/2473/2383 2741/2474/2383
f 2680/2413/2384 2742/2473/2384 2679/2412/2384
f 2680/2413/2385 2744/2475/2385 2743/2476/2385
f 2682/2415/2386 2744/2475/2386 2681/2414/2386
f 2683/2416/2387 2745/2477/2387 2682/2415/2387
f 2683/2416/2388 2747/2478/2388 2746/2479/2388
f 2684/2417/2389 2748/2480/2389 2747/2478/2389
f 2686/2419/2390 2748/2480/2390 2685/2418/2390
f 2686/2419/2391 2750/2481/2391 2749/2482/2391
f 2687/2421/2392 2751/2483/2392 2750/2481/2392
f 2689/2422/2393 2751/2483/2393 2688/2420/2393
f 2690/2424/2394 2752/2484/2394 2689/2422/2394
f 2690/2424/2395 2754/2485/2395 2753/2486/2395
f 2692/2425/2396 2754/2485/2396 2691/2423/2396
f 2693/2426/2397 2755/2487/2397 2692/2425/2397
f 2694/2428/2398 2756/2488/2398 2693/2426/2398
f 2694/2428/2399 2758/2489/2399 2757/2490/2399
f 2695/2427/2400 2759/2491/2400 2758/2489/2400
f 2697/2431/2401 2759/2491/2401 2696/2429/2401
f 2697/2431/2402 2761/2492/2402 2760/2493/2402
f 2698/2430/2403 2762/2494/2403 2761/2492/2403
f 2699/2432/2404 2763/2495/2404 2762/2494/2404
f 2700/2434/2405 2764/2496/2405 2763/2495/2405
f 2702/2436/2406 2764/2496/2406 2701/2433/2406
f 2703/2435/2407 2765/2497/2407 2702/2436/2407
f 2703/2435/2408 2767/2498/2408 2766/2499/2408
f 2705/2437/2409 2767/2498/2409 2704/2438/2409
f 2706/2439/2410 2768/2500/2410 2705/2437/2410
f 2706/2439/2411 2770/2501/2411 2769/2502/2411
f 2707/2440/2412 2771/2503/2412 2770/2501/2412
f 2709/2443/2413 2771/2503/2413 2708/2441/2413
f 2710/2442/2414 2772/2504/2414 2709/2443/2414
f 2711/2445/2415 2773/2505/2415 2710/2442/2415
f 2711/2445/2416 2775/2506/2416 2774/2507/2416
f 2712/2444/2417 2776/2508/2417 2775/2506/2417
f 2714/2446/2418 2778/2509/2418 2777/2510/2418
f 2715/2447/2419 2779/2511/2419 2778/2509/2419
f 2717/2449/2420 2779/2511/2420 2716/2448/2420
f 2718/2450/2421 2780/2512/2421 2717/2449/2421
f 2718/2450/2422 2782/2513/2422 2781/2514/2422
f 2719/2451/2423 2783/2515/2423 2782/2513/2423
f 2720/2452/2424 2784/2516/2424 2783/2515/2424
f 2722/2455/2425 2784/2516/2425 2721/2453/2425
f 2722/2455/2426 2786/2517/2426 2785/2518/2426
f 2724/2456/2427 2786/2517/2427 2723/2454/2427
f 2724/2456/2428 2788/2519/2428 2787/2520/2428
f 2725/2458/2429 2789/2521/2429 2788/2519/2429
f 2726/2457/2430 2790/2522/2430 2789/2521/2430
f 2728/2460/2431 2790/2522/2431 2727/2459/2431
f 2728/2460/2432 2792/2523/2432 2791/2524/2432
f 2729/2461/2433 2793/2525/2433 2792/2523/2433
f 2731/2462/2434 2793/2525/2434 2730/2463/2434
f 2732/2464/2435 2794/2526/2435 2731/2462/2435
f 2733/2465/2436 2795/2527/2436 2732/2464/2436
f 2734/2466/2437 2796/2528/2437 2733/2465/2437
f 2735/2468/2438 2797/2529/2438 2734/2466/2438
f 2735/2468/2439 2799/2530/2439 2798/2531/2439
f 2737/2469/2440 2799/2530/2440 2736/2467/2440
f 2738/2471/2441 2800/2532/2441 2737/2469/2441
f 2738/2471/2442 2802/2533/2442 2801/2534/2442
f 2740/2472/2443 2802/2533/2443 2739/2470/2443
f 2741/2474/2444 2803/2535/2444 2740/2472/2444
f 2741/2474/2445 2805/2536/2445 2804/2537/2445
f 2742/2473/2446 2806/2538/2446 2805/2536/2446
f 2744/2475/2447 2806/2538/2447 2743/2476/2447
f 2745/2477/2448 2807/2539/2448 2744/2475/2448
f 2745/2477/2449 2809/2540/2449 2808/2541/2449
f 2746/2479/2450 2810/2542/2450 2809/2540/2450
f 2747/2478/2451 2811/2543/2451 2810/2542/2451
f 2749/2482/2452 2811/2543/2452 2748/2480/2452
f 2749/2482/2453 2813/2544/2453 2812/2545/2453
f 2751/2483/2454 2813/2544/2454 2750/2481/2454
f 2751/2483/2455 2815/2546/2455 2814/2547/2455
f 2752/2484/2456 2816/2548/2456 2815/2546/2456
f 2754/2485/2457 2816/2548/2457 2753/2486/2457
f 2754/2485/2458 2818/2549/2458 2817/2550/2458
f 2755/2487/2459 2819/2551/2459 2818/2549/2459
f 2756/2488/2460 2820/2552/2460 2819/2551/2460
f 2757/2490/2461 2821/2553/2461 2820/2552/2461
f 2758/2489/2462 2822/2554/2462 2821/2553/2462
f 2760/2493/2463 2822/2554/2463 2759/2491/2463
f 2761/2492/2464 2823/2555/2464 2760/2493/2464
f 2762/2494/2465 2824/2556/2465 2761/2492/2465
f 2762/2494/2466 2826/2557/2466 2825/2558/2466
f 2764/2496/2467 2826/2557/2467 2763/2495/2467
f 2765/2497/2468 2827/2559/2468 2764/2496/2468
f 2766/2499/2469 2828/2560/2469 2765/2497/2469
f 2767/2498/2470 2829/2561/2470 2766/2499/2470
f 2767/2498/2471 2831/2562/2471 2830/2563/2471
f 2768/2500/2472 2832/2564/2472 2831/2562/2472
f 2770/2501/2473 2832/2564/2473 2769/2502/2473
f 2771/2503/2474 2833/2565/2474 2770/2501/2474
f 2772/2504/2475 2834/2566/2475 2771/2503/2475
f 2773/2505/2476 2835/2567/2476 2772/2504/2476
f 2773/2505/2477 2837/2568/2477 2836/2569/2477
f 2774/2507/2478 2838/2570/2478 2837/2568/2478
f 2775/2506/2479 2839/2571/2479 2838/2570/2479
f 2778/2509/2480 2840/2572/2480 2777/2510/2480
f 2778/2509/2481 2842/2573/2481 2841/2574/2481
f 2780/2512/2482 2842/2573/2482 2779/2511/2482
f 2781/2514/2483 2843/2575/2483 2780/2512/2483
f 2782/2513/2484 2844/2576/2484 2781/2514/2484
f 2783/2515/2485 2845/2577/2485 2782/2513/2485
f 2783/2515/2486 2847/2578/2486 2846/2579/2486
f 2785/2518/2487 2847/2578/2487 2784/2516/2487
f 2786/2517/2488 2848/2580/2488 2785/2518/2488
f 2787/2520/2489 2849/2581/2489 2786/2517/2489
f 2787/2520/2490 2851/2582/2490 2850/2583/2490
f 2789/2521/2491 2851/2582/2491 2788/2519/2491
f 2790/2522/2492 2852/2584/2492 2789/2521/2492
f 2791/2524/2493 2853/2585/2493 2790/2522/2493
f 2792/2523/2494 2854/2586/2494 2791/2524/2494
f 2793/2525/2495 2855/2587/2495 2792/2523/2495
f 2794/2526/2496 2856/2588/2496 2793/2525/2496
f 2795/2527/2497 2857/2589/2497 2794/2526/2497
f 2796/2528/2498 2858/2590/2498 2795/2527/2498
f 2797/2529/2499 2859/2591/2499 2796/2528/2499
f 2798/2531/2500 2860/2592/2500 2797/2529/2500
f 2798/2531/2501 2862/2593/2501 2861/2594/2501
f 2799/2530/2502 2863/2595/2502 2862/2593/2502
f 2800/2532/2503 2864/2596/2503 2863/2595/2503
f 2802/2533/2504 2864/2596/2504 2801/2534/2504
f 2803/2535/2505 2865/2597/2505 2802/2533/2505
f 2804/2537/2506 2866/2598/2506 2803/2535/2506
f 2804/2537/2507 2868/2599/2507 2867/2600/2507
f 2806/2538/2508 2868/2599/2508 2805/2536/2508
f 2807/2539/2509 2869/2601/2509 2806/2538/2509
f 2808/2541/2510 2870/2602/2510 2807/2539/2510
f 2808/2541/2511 2872/2603/2511 2871/2604/2511
f 2810/2542/2512 2872/2603/2512 2809/2540/2512
f 2810/2542/2513 2874/2605/2513 2873/2606/2513
f 2812/2545/2514 2874/2605/2514 2811/2543/2514
f 2813/2544/2515 2875/2607/2515 2812/2545/2515
f 2814/2547/2516 2876/2608/2516 2813/2544/2516
f 2814/2547/2517 2878/2609/2517 2877/2610/2517
f 2816/2548/2518 2878/2609/2518 2815/2546/2518
f 2817/2550/2519 2879/2611/2519 2816/2548/2519
f 2817/2550/2520 2881/2612/2520 2880/2613/2520
f 2818/2549/2521 2882/2614/2521 2881/2612/2521
f 2819/2551/2522 2883/2615/2522 2882/2614/2522
f 2820/2552/2523 2884/2616/2523 2883/2615/2523
f 2821/2553/2524 2885/2617/2524 2884/2616/2524
f 2823/2555/2525 2885/2617/2525 2822/2554/2525
f 2823/2555/2526 2887/2618/2526 2886/2619/2526
f 2825/2558/2527 2887/2618/2527 2824/2556/2527
f 2826/2557/2528 2888/2620/2528 2825/2558/2528
f 2826/2557/2529 2890/2621/2529 2889/2622/2529
f 2827/2559/2530 2891/2623/2530 2890/2621/2530
f 2829/2561/2531 2891/2623/2531 2828/2560/2531
f 2829/2561/2532 2893/2624/2532 2892/2625/2532
f 2831/2562/2533 2893/2624/2533 2830/2563/2533
f 2832/2564/2534 2894/2626/2534 2831/2562/2534
f 2833/2565/2535 2895/2627/2535 2832/2564/2535
f 2834/2566/2536 2896/2628/2536 2833/2565/2536
f 2835/2567/2537 2897/2629/2537 2834/2566/2537
f 2835/2567/2538 2899/2630/2538 2898/2631/2538
f 2836/2569/2539 2900/2632/2539 2899/2630/2539
f 2837/2568/2540 2901/2633/2540 2900/2632/2540
f 2839/2571/2541 2901/2633/2541 2838/2570/2541
f 2840/2572/2542 2904/2634/2542 2903/2635/2542
f 2841/2574/2543 2905/2636/2543 2904/2634/2543
f 2843/2575/2544 2905/2636/2544 2842/2573/2544
f 2843/2575/2545 2907/2637/2545 2906/2638/2545
f 2845/2577/2546 2907/2637/2546 2844/2576/2546
f 2846/2579/2547 2908/2639/2547 2845/2577/2547
f 2846/2579/2548 2910/2640/2548 2909/2641/2548
f 2847/2578/2549 2911/2642/2549 2910/2640/2549
f 2848/2580/2550 2912/2643/2550 2911/2642/2550
f 2850/2583/2551 2912/2643/2551 2849/2581/2551
f 2850/2583/2552 2914/2644/2552 2913/2645/2552
f 2851/2582/2553 2915/2646/2553 2914/2644/2553
f 2853/2585/2554 2915/2646/2554 2852/2584/2554
f 2853/2585/2555 2917/2647/2555 2916/2648/2555
f 2855/2587/2556 2917/2647/2556 2854/2586/2556
f 2856/2588/2557 2918/2649/2557 2855/2587/2557
f 2857/2589/2558 2919/2650/2558 2856/2588/2558
f 2858/2590/2559 2920/2651/2559 2857/2589/2559
f 2858/2590/2560 2922/2652/2560 2921/2653/2560
f 2860/2592/2561 2922/2652/2561 2859/2591/2561
f 2861/2594/2562 2923/2654/2562 2860/2592/2562
f 2862/2593/2563 2924/2655/2563 2861/2594/2563
f 2862/2593/2564 2926/2656/2564 2925/2657/2564
f 2863/2595/2565 2927/2658/2565 2926/2656/2565
f 2864/2596/2566 2928/2659/2566 2927/2658/2566
f 2866/2598/2567 2928/2659/2567 2865/2597/2567
f 2866/2598/2568 2930/2660/2568 2929/2661/2568
f 2867/2600/2569 2931/2662/2569 2930/2660/2569
f 2869/2601/2570 2931/2662/2570 2868/2599/2570
f 2869/2601/2571 2933/2663/2571 2932/2664/2571
f 2871/2604/2572 2933/2663/2572 2870/2602/2572
f 2872/2603/2573 2934/2665/2573 2871/2604/2573
f 2873/2606/2574 2935/2666/2574 2872/2603/2574
f 2873/2606/2575 2937/2667/2575 2936/2668/2575
f 2875/2607/2576 2937/2667/2576 2874/2605/2576
f 2875/2607/2577 2939/2669/2577 2938/2670/2577
f 2876/2608/2578 2940/2671/2578 2939/2669/2578
f 2878/2609/2579 2940/2671/2579 2877/2610/2579
f 2879/2611/2580 2941/2672/2580 2878/2609/2580
f 2880/2613/2581 2942/2673/2581 2879/2611/2581
f 2880/2613/2582 2944/2674/2582 2943/2675/2582
f 2882/2614/2583 2944/2674/2583 2881/2612/2583
f 2883/2615/2584 2945/2676/2584 2882/2614/2584
f 2884/2616/2585 2946/2677/2585 2883/2615/2585
f 2885/2617/2586 2947/2678/2586 2884/2616/2586
f 2885/2617/2587 2949/2679/2587 2948/2680/2587
f 2886/2619/2588 2950/2681/2588 2949/2679/2588
f 2887/2618/2589 2951/2682/2589 2950/2681/2589
f 2888/2620/2590 2952/2683/2590 2951/2682/2590
f 2889/2622/2591 2953/2684/2591 2952/2683/2591
f 2891/2623/2592 2953/2684/2592 2890/2621/2592
f 2892/2625/2593 2954/2685/2593 2891/2623/2593
f 2892/2625/2594 2956/2686/2594 2955/2687/2594
f 2894/2626/2595 2956/2686/2595 2893/2624/2595
f 2895/2627/2596 2957/2688/2596 2894/2626/2596
f 2896/2628/2597 2958/2689/2597 2895/2627/2597
f 2896/2628/2598 2960/2690/2598 2959/2691/2598
f 2898/2631/2599 2960/2690/2599 2897/2629/2599
f 2898/2631/2600 2962/2692/2600 2961/2693/2600
f 2899/2630/2601 2963/2694/2601 2962/2692/2601
f 2901/2633/2602 2963/2694/2602 2900/2632/2602
f 2902/2695/2603 2964/2696/2603 2901/2633/2603
f 2903/2635/2604 2967/2697/2604 2966/2698/2604
f 2904/2634/2605 2968/2699/2605 2967/2697/2605
f 2906/2638/2606 2968/2699/2606 2905/2636/2606
f 2907/2637/2607 2969/2700/2607 2906/2638/2607
f 2907/2637/2608 2971/2701/2608 2970/2702/2608
f 2908/2639/2609 2972/2703/2609 2971/2701/2609
f 2910/2640/2610 2972/2703/2610 2909/2641/2610
f 2910/2640/2611 2974/2704/2611 2973/2705/2611
f 2911/2642/2612 2975/2706/2612 2974/2704/2612
f 2912/2643/2613 2976/2707/2613 2975/2706/2613
f 2914/2644/2614 2976/2707/2614 2913/2645/2614
f 2915/2646/2615 2977/2708/2615 2914/2644/2615
f 2915/2646/2616 2979/2709/2616 2978/2710/2616
f 2917/2647/2617 2979/2709/2617 2916/2648/2617
f 2917/2647/2618 2981/2711/2618 2980/2712/2618
f 2919/2650/2619 2981/2711/2619 2918/2649/2619
f 2920/2651/2620 2982/2713/2620 2919/2650/2620
f 2921/2653/2621 2983/2714/2621 2920/2651/2621
f 2921/2653/2622 2985/2715/2622 2984/2716/2622
f 2922/2652/2623 2986/2717/2623 2985/2715/2623
f 2923/2654/2624 2987/2718/2624 2986/2717/2624
f 2925/2657/2625 2987/2718/2625 2924/2655/2625
f 2926/2656/2626 2988/2719/2626 2925/2657/2626
f 2926/2656/2627 2990/2720/2627 2989/2721/2627
f 2927/2658/2628 2991/2722/2628 2990/2720/2628
f 2928/2659/2629 2992/2723/2629 2991/2722/2629
f 2929/2661/2630 2993/2724/2630 2992/2723/2630
f 2931/2662/2631 2993/2724/2631 2930/2660/2631
f 2931/2662/2632 2995/2725/2632 2994/2726/2632
f 2932/2664/2633 2996/2727/2633 2995/2725/2633
f 2934/2665/2634 2996/2727/2634 2933/2663/2634
f 2934/2665/2635 2998/2728/2635 2997/2729/2635
f 2936/2668/2636 2998/2728/2636 2935/2666/2636
f 2936/2668/2637 3000/2730/2637 2999/2731/2637
f 2937/2667/2638 3001/2732/2638 3000/2730/2638
f 2939/2669/2639 3001/2732/2639 2938/2670/2639
f 2940/2671/2640 3002/2733/2640 2939/2669/2640
f 2941/2672/2641 3003/2734/2641 2940/2671/2641
f 2942/2673/2642 3004/2735/2642 2941/2672/2642
f 2942/2673/2643 3006/2736/2643 3005/2737/2643
f 2943/2675/2644 3007/2738/2644 3006/2736/2644
f 2945/2676/2645 3007/2738/2645 2944/2674/2645
f 2946/2677/2646 3008/2739/2646 2945/2676/2646
f 2946/2677/2647 3010/2740/2647 3009/2741/2647
f 2947/2678/2648 3011/2742/2648 3010/2740/2648
f 2949/2679/2649 3011/2742/2649 2948/2680/2649
f 2950/2681/2650 3012/2743/2650 2949/2679/2650
f 2951/2682/2651 3013/2744/2651 2950/2681/2651
f 2952/2683/2652 3014/2745/2652 2951/2682/2652
f 2953/2684/2653 3015/2746/2653 2952/2683/2653
f 2953/2684/2654 3017/2747/2654 3016/2748/2654
f 2954/2685/2655 3018/2749/2655 3017/2747/2655
f 2956/2686/2656 3018/2749/2656 2955/2687/2656
f 2957/2688/2657 3019/2750/2657 2956/2686/2657
f 2957/2688/2658 3021/2751/2658 3020/2752/2658
f 2958/2689/2659 3022/2753/2659 3021/2751/2659
f 2959/2691/2660 3023/2754/2660 3022/2753/2660
f 2961/2693/2661 3023/2754/2661 2960/2690/2661
f 2962/2692/2662 3024/2755/2662 2961/2693/2662
f 2963/2694/2663 3025/2756/2663 2962/2692/2663
f 2964/2696/2664 3026/2757/2664 2963/2694/2664
f 2965/2758/2665 3027/2759/2665 2964/2696/2665
f 2967/2697/2666 3029/2760/2666 2966/2698/2666
f 2967/2697/2667 3031/2761/2667 3030/2762/2667
f 2968/2699/2668 3032/2763/2668 3031/2761/2668
f 2970/2702/2669 3032/2763/2669 2969/2700/2669
f 2971/2701/2670 3033/2764/2670 2970/2702/2670
f 2971/2701/2671 3035/2765/2671 3034/2766/2671
f 2973/2705/2672 3035/2765/2672 2972/2703/2672
f 2974/2704/2673 3036/2767/2673 2973/2705/2673
f 2975/2706/2674 3037/2768/2674 2974/2704/2674
f 2976/2707/2675 3038/2769/2675 2975/2706/2675
f 2977/2708/2676 3039/2770/2676 2976/2707/2676
f 2978/2710/2677 3040/2771/2677 2977/2708/2677
f 2978/2710/2678 3042/2772/2678 3041/2773/2678
f 2979/2709/2679 3043/2774/2679 3042/2772/2679
f 2980/2712/2680 3044/2775/2680 3043/2774/2680
f 2981/2711/2681 3045/2776/2681 3044/2775/2681
f 2982/2713/2682 3046/2777/2682 3045/2776/2682
f 2984/2716/2683 3046/2777/2683 2983/2714/2683
f 2985/2715/2684 3047/2778/2684 2984/2716/2684
f 2986/2717/2685 3048/2779/2685 2985/2715/2685
f 2987/2718/2686 3049/2780/2686 2986/2717/2686
f 2988/2719/2687 3050/2781/2687 2987/2718/2687
f 2989/2721/2688 3051/2782/2688 2988/2719/2688
f 2990/2720/2689 3052/2783/2689 2989/2721/2689
f 2991/2722/2690 3053/2784/2690 2990/2720/2690
f 2991/2722/2691 3055/2785/2691 3054/2786/2691
f 2993/2724/2692 3055/2785/2692 2992/2723/2692
f 2994/2726/2693 3056/2787/2693 2993/2724/2693
f 2994/2726/2694 3058/2788/2694 3057/2789/2694
f 2995/2725/2695 3059/2790/2695 3058/2788/2695
f 2997/2729/2696 3059/2790/2696 2996/2727/2696
f 2998/2728/2697 3060/2791/2697 2997/2729/2697
f 2999/2731/2698 3061/2792/2698 2998/2728/2698
f 3000/2730/2699 3062/2793/2699 2999/2731/2699
f 3000/2730/2700 3064/2794/2700 3063/2795/2700
f 3001/2732/2701 3065/2796/2701 3064/2794/2701
f 3002/2733/2702 3066/2797/2702 3065/2796/2702
f 3003/2734/2703 3067/2798/2703 3066/2797/2703
f 3004/2735/2704 3068/2799/2704 3067/2798/2704
f 3005/2737/2705 3069/2800/2705 3068/2799/2705
f 3006/2736/2706 3070/2801/2706 3069/2800/2706
f 3008/2739/2707 3070/2801/2707 3007/2738/2707
f 3009/2741/2708 3071/2802/2708 3008/2739/2708
f 3009/2741/2709 3073/2803/2709 3072/2804/2709
f 3011/2742/2710 3073/2803/2710 3010/2740/2710
f 3011/2742/2711 3075/2805/2711 3074/2806/2711
f 3013/2744/2712 3075/2805/2712 3012/2743/2712
f 3013/2744/2713 3077/2807/2713 3076/2808/2713
f 3014/2745/2714 3078/2809/2714 3077/2807/2714
f 3016/2748/2715 3078/2809/2715 3015/2746/2715
f 3016/2748/2716 3080/2810/2716 3079/2811/2716
f 3018/2749/2717 3080/2810/2717 3017/2747/2717
f 3018/2749/2718 3082/2812/2718 3081/2813/2718
f 3019/2750/2719 3083/2814/2719 3082/2812/2719
f 3020/2752/2720 3084/2815/2720 3083/2814/2720
f 3021/2751/2721 3085/2816/2721 3084/2815/2721
f 3023/2754/2722 3085/2816/2722 3022/2753/2722
f 3024/2755/2723 3086/2817/2723 3023/2754/2723
f 3024/2755/2724 3088/2818/2724 3087/2819/2724
f 3025/2756/2725 3089/2820/2725 3088/2818/2725
f 3026/2757/2726 3090/2821/2726 3089/2820/2726
f 3027/2759/2727 3091/2822/2727 3090/2821/2727
f 3030/2762/2728 3092/2823/2728 3029/2760/2728
f 3031/2761/2729 3093/2824/2729 3030/2762/2729
f 3031/2761/2730 3095/2825/2730 3094/2826/2730
f 3032/2763/2731 3096/2827/2731 3095/2825/2731
f 3033/2764/2732 3097/2828/2732 3096/2827/2732
f 3035/2765/2733 3097/2828/2733 3034/2766/2733
f 3036/2767/2734 3098/2829/2734 3035/2765/2734
f 3036/2767/2735 3100/2830/2735 3099/2831/2735
f 3037/2768/2736 3101/2832/2736 3100/2830/2736
f 3038/2769/2737 3102/2833/2737 3101/2832/2737
f 3039/2770/2738 3103/2834/2738 3102/2833/2738
f 3040/2771/2739 3104/2835/2739 3103/2834/2739
f 3042/2772/2740 3104/2835/2740 3041/2773/2740
f 3043/2774/2741 3105/2836/2741 3042/2772/2741
f 3044/2775/2742 3106/2837/2742 3043/2774/2742
f 3045/2776/2743 3107/2838/2743 3044/2775/2743
f 3045/2776/2744 3109/2839/2744 3108/2840/2744
f 3046/2777/2745 3110/2841/2745 3109/2839/2745
f 3047/2778/2746 3111/2842/2746 3110/2841/2746
f 3048/2779/2747 3112/2843/2747 3111/2842/2747
f 3049/2780/2748 3113/2844/2748 3112/2843/2748
f 3050/2781/2749 3114/2845/2749 3113/2844/2749
f 3052/2783/2750 3114/2845/2750 3051/2782/2750
f 3053/2784/2751 3115/2846/2751 3052/2783/2751
f 3054/2786/2752 3116/2847/2752 3053/2784/2752
f 3054/2786/2753 3118/2848/2753 3117/2849/2753
f 3056/2787/2754 3118/2848/2754 3055/2785/2754
f 3057/2789/2755 3119/2850/2755 3056/2787/2755
f 3058/2788/2756 3120/2851/2756 3057/2789/2756
f 3059/2790/2757 3121/2852/2757 3058/2788/2757
f 3059/2790/2758 3123/2853/2758 3122/2854/2758
f 3061/2792/2759 3123/2853/2759 3060/2791/2759
f 3061/2792/2760 3125/2855/2760 3124/2856/2760
f 3063/2795/2761 3125/2855/2761 3062/2793/2761
f 3063/2795/2762 3127/2857/2762 3126/2858/2762
f 3065/2796/2763 3127/2857/2763 3064/2794/2763
f 3066/2797/2764 3128/2859/2764 3065/2796/2764
f 3067/2798/2765 3129/2860/2765 3066/2797/2765
f 3067/2798/2766 3131/2861/2766 3130/2862/2766
f 3068/2799/2767 3132/2863/2767 3131/2861/2767
f 3070/2801/2768 3132/2863/2768 3069/2800/2768
f 3071/2802/2769 3133/2864/2769 3070/2801/2769
f 3072/2804/2770 3134/2865/2770 3071/2802/2770
f 3072/2804/2771 3136/2866/2771 3135/2867/2771
f 3074/2806/2772 3136/2866/2772 3073/2803/2772
f 3074/2806/2773 3138/2868/2773 3137/2869/2773
f 3076/2808/2774 3138/2868/2774 3075/2805/2774
f 3077/2807/2775 3139/2870/2775 3076/2808/2775
f 3078/2809/2776 3140/2871/2776 3077/2807/2776
f 3079/2811/2777 3141/2872/2777 3078/2809/2777
f 3079/2811/2778 3143/2873/2778 3142/2874/2778
f 3080/2810/2779 3144/2875/2779 3143/2873/2779
f 3081/2813/2780 3145/2876/2780 3144/2875/2780
f 3083/2814/2781 3145/2876/2781 3082/2812/2781
f 3084/2815/2782 3146/2877/2782 3083/2814/2782
f 3085/2816/2783 3147/2878/2783 3084/2815/2783
f 3086/2817/2784 3148/2879/2784 3085/2816/2784
f 3087/2819/2785 3149/2880/2785 3086/2817/2785
f 3088/2818/2786 3150/2881/2786 3087/2819/2786
f 3089/2820/2787 3151/2882/2787 3088/2818/2787
f 3090/2821/2788 3152/2883/2788 3089/2820/2788
f 3090/2821/2789 3154/2884/2789 3153/2885/2789
f 3092/2823/2790 3156/2886/2790 3155/2887/2790
f 3094/2826/2791 3156/2886/2791 3093/2824/2791
f 3095/2825/2792 3157/2888/2792 3094/2826/2792
f 3096/2827/2793 3158/2889/2793 3095/2825/2793
f 3096/2827/2794 3160/2890/2794 3159/2891/2794
f 3098/2829/2795 3160/2890/2795 3097/2828/2795
f 3098/2829/2796 3162/2892/2796 3161/2893/2796
f 3099/2831/2797 3163/2894/2797 3162/2892/2797
f 3101/2832/2798 3163/2894/2798 3100/2830/2798
f 3101/2832/2799 3165/2895/2799 3164/2896/2799
f 3103/2834/2800 3165/2895/2800 3102/2833/2800
f 3104/2835/2801 3166/2897/2801 3103/2834/2801
f 3105/2836/2802 3167/2898/2802 3104/2835/2802
f 3105/2836/2803 3169/2899/2803 3168/2900/2803
f 3107/2838/2804 3169/2899/2804 3106/2837/2804
f 3108/2840/2805 3170/2901/2805 3107/2838/2805
f 3109/2839/2806 3171/2902/2806 3108/2840/2806
f 3109/2839/2807 3173/2903/2807 3172/2904/2807
f 3111/2842/2808 3173/2903/2808 3110/2841/2808
f 3112/2843/2809 3174/2905/2809 3111/2842/2809
f 3113/2844/2810 3175/2906/2810 3112/2843/2810
f 3113/2844/2811 3177/2907/2811 3176/2908/2811
f 3115/2846/2812 3177/2907/2812 3114/2845/2812
f 3115/2846/2813 3179/2909/2813 3178/2910/2813
f 3117/2849/2814 3179/2909/2814 3116/2847/2814
f 3118/2848/2815 3180/2911/2815 3117/2849/2815
f 3119/2850/2816 3181/2912/2816 3118/2848/2816
f 3120/2851/2817 3182/2913/2817 3119/2850/2817
f 3120/2851/2818 3184/2914/2818 3183/2915/2818
f 3122/2854/2819 3184/2914/2819 3121/2852/2819
f 3122/2854/2820 3186/2916/2820 3185/2917/2820
f 3123/2853/2821 3187/2918/2821 3186/2916/2821
f 3125/2855/2822 3187/2918/2822 3124/2856/2822
f 3126/2858/2823 3188/2919/2823 3125/2855/2823
f 3126/2858/2824 3190/2920/2824 3189/2921/2824
f 3128/2859/2825 3190/2920/2825 3127/2857/2825
f 3128/2859/2826 3192/2922/2826 3191/2923/2826
f 3129/2860/2827 3193/2924/2827 3192/2922/2827
f 3131/2861/2828 3193/2924/2828 3130/2862/2828
f 3132/2863/2829 3194/2925/2829 3131/2861/2829
f 3132/2863/2830 3196/2926/2830 3195/2927/2830
f 3134/2865/2831 3196/2926/2831 3133/2864/2831
f 3134/2865/2832 3198/2928/2832 3197/2929/2832
f 3136/2866/2833 3198/2928/2833 3135/2867/2833
f 3136/2866/2834 3200/2930/2834 3199/2931/2834
f 3137/2869/2835 3201/2932/2835 3200/2930/2835
f 3139/2870/2836 3201/2932/2836 3138/2868/2836
f 3140/2871/2837 3202/2933/2837 3139/2870/2837
f 3141/2872/2838 3203/2934/2838 3140/2871/2838
f 3142/2874/2839 3204/2935/2839 3141/2872/2839
f 3143/2873/2840 3205/2936/2840 3142/2874/2840
f 3144/2875/2841 3206/2937/2841 3143/2873/2841
f 3145/2876/2842 3207/2938/2842 3144/2875/2842
f 3145/2876/2843 3209/2939/2843 3208/2940/2843
f 3146/2877/2844 3210/2941/2844 3209/2939/2844
f 3147/2878/2845 3211/2942/2845 3210/2941/2845
f 3148/2879/2846 3212/2943/2846 3211/2942/2846
f 3150/2881/2847 3212/2943/2847 3149/2880/2847
f 3151/2882/2848 3213/2944/2848 3150/2881/2848
f 3151/2882/2849 3215/2945/2849 3214/2946/2849
f 3152/2883/2850 3216/2947/2850 3215/2945/2850
f 3153/2885/2851 3217/2948/2851 3216/2947/2851
f 3155/2887/2852 3219/2949/2852 3218/2950/2852
f 3156/2886/2853 3220/2951/2853 3219/2949/2853
f 3157/2888/2854 3221/2952/2854 3220/2951/2854
f 3159/2891/2855 3221/2952/2855 3158/2889/2855
f 3159/2891/2856 3223/2953/2856 3222/2954/2856
f 3160/2890/2857 3224/2955/2857 3223/2953/2857
f 3162/2892/2858 3224/2955/2858 3161/2893/2858
f 3162/2892/2859 3226/2956/2859 3225/2957/2859
f 3164/2896/2860 3226/2956/2860 3163/2894/2860
f 3164/2896/2861 3228/2958/2861 3227/2959/2861
f 3165/2895/2862 3229/2960/2862 3228/2958/2862
f 3166/2897/2863 3230/2961/2863 3229/2960/2863
f 3168/2900/2864 3230/2961/2864 3167/2898/2864
f 3168/2900/2865 3232/2962/2865 3231/2963/2865
f 3169/2899/2866 3233/2964/2866 3232/2962/2866
f 3171/2902/2867 3233/2964/2867 3170/2901/2867
f 3172/2904/2868 3234/2965/2868 3171/2902/2868
f 3172/2904/2869 3236/2966/2869 3235/2967/2869
f 3174/2905/2870 3236/2966/2870 3173/2903/2870
f 3175/2906/2871 3237/2968/2871 3174/2905/2871
f 3176/2908/2872 3238/2969/2872 3175/2906/2872
f 3176/2908/2873 3240/2970/2873 3239/2971/2873
f 3178/2910/2874 3240/2970/2874 3177/2907/2874
f 3178/2910/2875 3242/2972/2875 3241/2973/2875
f 3180/2911/2876 3242/2972/2876 3179/2909/2876
f 3181/2912/2877 3243/2974/2877 3180/2911/2877
f 3182/2913/2878 3244/2975/2878 3181/2912/2878
f 3182/2913/2879 3246/2976/2879 3245/2977/2879
f 3183/2915/2880 3247/2978/2880 3246/2976/2880
f 3184/2914/2881 3248/2979/2881 3247/2978/2881
f 3186/2916/2882 3248/2979/2882 3185/2917/2882
f 3186/2916/2883 3250/2980/2883 3249/2981/2883
f 3188/2919/2884 3250/2980/2884 3187/2918/2884
f 3189/2921/2885 3251/2982/2885 3188/2919/2885
f 3189/2921/2886 3253/2983/2886 3252/2984/2886
f 3191/2923/2887 3253/2983/2887 3190/2920/2887
f 3192/2922/2888 3254/2985/2888 3191/2923/2888
f 3193/2924/2889 3255/2986/2889 3192/2922/2889
f 3194/2925/2890 3256/2987/2890 3193/2924/2890
f 3195/2927/2891 3257/2988/2891 3194/2925/2891
f 3195/2927/2892 3259/2989/2892 3258/2990/2892
f 3197/2929/2893 3259/2989/2893 3196/2926/2893
f 3197/2929/2894 3261/2991/2894 3260/2992/2894
f 3198/2928/2895 3262/2993/2895 3261/2991/2895
f 3199/2931/2896 3263/2994/2896 3262/2993/2896
f 3201/2932/2897 3263/2994/2897 3200/2930/2897
f 3201/2932/2898 3265/2995/2898 3264/2996/2898
f 3202/2933/2899 3266/2997/2899 3265/2995/2899
f 3204/2935/2900 3266/2997/2900 3203/2934/2900
f 3205/2936/2901 3267/2998/2901 3204/2935/2901
f 3206/2937/2902 3268/2999/2902 3205/2936/2902
f 3206/2937/2903 3270/3000/2903 3269/3001/2903
f 3207/2938/2904 3271/3002/2904 3270/3000/2904
f 3208/2940/2905 3272/3003/2905 3271/3002/2905
f 3209/2939/2906 3273/3004/2906 3272/3003/2906
f 3210/2941/2907 3274/3005/2907 3273/3004/2907
f 3212/2943/2908 3274/3005/2908 3211/2942/2908
f 3212/2943/2909 3276/3006/2909 3275/3007/2909
f 3213/2944/2910 3277/3008/2910 3276/3006/2910
f 3214/2946/2911 3278/3009/2911 3277/3008/2911
f 3216/2947/2912 3278/3009/2912 3215/2945/2912
f 3217/2948/2913 3279/3010/2913 3216/2947/2913
f 3219/2949/2914 3281/3011/2914 3218/2950/2914
f 3219/2949/2915 3283/3012/2915 3282/3013/2915
f 3220/2951/2916 3284/3014/2916 3283/3012/2916
f 3222/2954/2917 3284/3014/2917 3221/2952/2917
f 3223/2953/2918 3285/3015/2918 3222/2954/2918
f 3224/2955/2919 3286/3016/2919 3223/2953/2919
f 3224/2955/2920 3288/3017/2920 3287/3018/2920
f 3226/2956/2921 3288/3017/2921 3225/2957/2921
f 3226/2956/2922 3290/3019/2922 3289/3020/2922
f 3228/2958/2923 3290/3019/2923 3227/2959/2923
f 3228/2958/2924 3292/3021/2924 3291/3022/2924
f 3230/2961/2925 3292/3021/2925 3229/2960/2925
f 3231/2963/2926 3293/3023/2926 3230/2961/2926
f 3232/2962/2927 3294/3024/2927 3231/2963/2927
f 3233/2964/2928 3295/3025/2928 3232/2962/2928
f 3233/2964/2929 3297/3026/2929 3296/3027/2929
f 3235/2967/2930 3297/3026/2930 3234/2965/2930
f 3235/2967/2931 3299/3028/2931 3298/3029/2931
f 3236/2966/2932 3300/3030/2932 3299/3028/2932
f 3238/2969/2933 3300/3030/2933 3237/2968/2933
f 3239/2971/2934 3301/3031/2934 3238/2969/2934
f 3240/2970/2935 3302/3032/2935 3239/2971/2935
f 3240/2970/2936 3304/3033/2936 3303/3034/2936
f 3242/2972/2937 3304/3033/2937 3241/2973/2937
f 3242/2972/2938 3306/3035/2938 3305/3036/2938
f 3244/2975/2939 3306/3035/2939 3243/2974/2939
f 3244/2975/2940 3308/3037/2940 3307/3038/2940
f 3245/2977/2941 3309/3039/2941 3308/3037/2941
f 3247/2978/2942 3309/3039/2942 3246/2976/2942
f 3248/2979/2943 3310/3040/2943 3247/2978/2943
f 3249/2981/2944 3311/3041/2944 3248/2979/2944
f 3250/2980/2945 3312/3042/2945 3249/2981/2945
f 3250/2980/2946 3314/3043/2946 3313/3044/2946
f 3251/2982/2947 3315/3045/2947 3314/3043/2947
f 3253/2983/2948 3315/3045/2948 3252/2984/2948
f 3254/2985/2949 3316/3046/2949 3253/2983/2949
f 3255/2986/2950 3317/3047/2950 3254/2985/2950
f 3256/2987/2951 3318/3048/2951 3255/2986/2951
f 3256/2987/2952 3320/3049/2952 3319/3050/2952
f 3258/2990/2953 3320/3049/2953 3257/2988/2953
f 3258/2990/2954 3322/3051/2954 3321/3052/2954
f 3260/2992/2955 3322/3051/2955 3259/2989/2955
f 3261/2991/2956 3323/3053/2956 3260/2992/2956
f 3262/2993/2957 3324/3054/2957 3261/2991/2957
f 3262/2993/2958 3326/3055/2958 3325/3056/2958
f 3264/2996/2959 3326/3055/2959 3263/2994/2959
f 3264/2996/2960 3328/3057/2960 3327/3058/2960
f 3266/2997/2961 3328/3057/2961 3265/2995/2961
f 3267/2998/2962 3329/3059/2962 3266/2997/2962
f 3268/2999/2963 3330/3060/2963 3267/2998/2963
f 3269/3001/2964 3331/3061/2964 3268/2999/2964
f 3269/3001/2965 3333/3062/2965 3332/3063/2965
f 3270/3000/2966 3334/3064/2966 3333/3062/2966
f 3272/3003/2967 3334/3064/2967 3271/3002/2967
f 3273/3004/2968 3335/3065/2968 3272/3003/2968
f 3274/3005/2969 3336/3066/2969 3273/3004/2969
f 3274/3005/2970 3338/3067/2970 3337/3068/2970
f 3275/3007/2971 3339/3069/2971 3338/3067/2971
f 3276/3006/2972 3340/3070/2972 3339/3069/2972
f 3278/3009/2973 3340/3070/2973 3277/3008/2973
f 3279/3010/2974 3341/3071/2974 3278/3009/2974
f 3279/3010/2975 3343/3072/2975 3342/3073/2975
f 3282/3013/2976 3344/3074/2976 3281/3011/2976
f 3283/3012/2977 3345/3075/2977 3282/3013/2977
f 3283/3012/2978 3347/3076/2978 3346/3077/2978
f 3284/3014/2979 3348/3078/2979 3347/3076/2979
f 3285/3015/2980 3349/3079/2980 3348/3078/2980
f 3287/3018/2981 3349/3079/2981 3286/3016/2981
f 3288/3017/2982 3350/3080/2982 3287/3018/2982
f 3289/3020/2983 3351/3081/2983 3288/3017/2983
f 3290/3019/2984 3352/3082/2984 3289/3020/2984
f 3291/3022/2985 3353/3083/2985 3290/3019/2985
f 3291/3022/2986 3355/3084/2986 3354/3085/2986
f 3292/3021/2987 3356/3086/2987 3355/3084/2987
f 3293/3023/2988 3357/3087/2988 3356/3086/2988
f 3295/3025/2989 3357/3087/2989 3294/3024/2989
f 3296/3027/2990 3358/3088/2990 3295/3025/2990
f 3296/3027/2991 3360/3089/2991 3359/3090/2991
f 3297/3026/2992 3361/3091/2992 3360/3089/2992
f 3299/3028/2993 3361/3091/2993 3298/3029/2993
f 3300/3030/2994 3362/3092/2994 3299/3028/2994
f 3301/3031/2995 3363/3093/2995 3300/3030/2995
f 3301/3031/2996 3365/3094/2996 3364/3095/2996
f 3302/3032/2997 3366/3096/2997 3365/3094/2997
f 3304/3033/2998 3366/3096/2998 3303/3034/2998
f 3305/3036/2999 3367/3097/2999 3304/3033/2999
f 3306/3035/3000 3368/3098/3000 3305/3036/3000
f 3307/3038/3001 3369/3099/3001 3306/3035/3001
f 3307/3038/3002 3371/3100/3002 3370/3101/3002
f 3308/3037/3003 3372/3102/3003 3371/3100/3003
f 3310/3040/3004 3372/3102/3004 3309/3039/3004
f 3310/3040/3005 3374/3103/3005 3373/3104/3005
f 3312/3042/3006 3374/3103/3006 3311/3041/3006
f 3312/3042/3007 3376/3105/3007 3375/3106/3007
f 3314/3043/3008 3376/3105/3008 3313/3044/3008
f 3315/3045/3009 3377/3107/3009 3314/3043/3009
f 3316/3046/3010 3378/3108/3010 3315/3045/3010
f 3317/3047/3011 3379/3109/3011 3316/3046/3011
f 3317/3047/3012 3381/3110/3012 3380/3111/3012
f 3318/3048/3013 3382/3112/3013 3381/3110/3013
f 3319/3050/3014 3383/3113/3014 3382/3112/3014
f 3321/3052/3015 3383/3113/3015 3320/3049/3015
f 3322/3051/3016 3384/3114/3016 3321/3052/3016
f 3323/3053/3017 3385/3115/3017 3322/3051/3017
f 3324/3054/3018 3386/3116/3018 3323/3053/3018
f 3324/3054/3019 3388/3117/3019 3387/3118/3019
f 3325/3056/3020 3389/3119/3020 3388/3117/3020
f 3327/3058/3021 3389/3119/3021 3326/3055/3021
f 3328/3057/3022 3390/3120/3022 3327/3058/3022
f 3329/3059/3023 3391/3121/3023 3328/3057/3023
f 3329/3059/3024 3393/3122/3024 3392/3123/3024
f 3331/3061/3025 3393/3122/3025 3330/3060/3025
f 3331/3061/3026 3395/3124/3026 3394/3125/3026
f 3333/3062/3027 3395/3124/3027 3332/3063/3027
f 3333/3062/3028 3397/3126/3028 3396/3127/3028
f 3335/3065/3029 3397/3126/3029 3334/3064/3029
f 3335/3065/3030 3399/3128/3030 3398/3129/3030
f 3337/3068/3031 3399/3128/3031 3336/3066/3031
f 3338/3067/3032 3400/3130/3032 3337/3068/3032
f 3339/3069/3033 3401/3131/3033 3338/3067/3033
f 3340/3070/3034 3402/3132/3034 3339/3069/3034
f 3341/3071/3035 3403/3133/3035 3340/3070/3035
f 3341/3071/3036 3405/3134/3036 3404/3135/3036
f 3343/3072/3037 3405/3134/3037 3342/3073/3037
f 3344/3074/3038 3408/3136/3038 3407/3137/3038
f 3345/3075/3039 3409/3138/3039 3408/3136/3039
f 3347/3076/3040 3409/3138/3040 3346/3077/3040
f 3348/3078/3041 3410/3139/3041 3347/3076/3041
f 3349/3079/3042 3411/3140/3042 3348/3078/3042
f 3350/3080/3043 3412/3141/3043 3349/3079/3043
f 3350/3080/3044 3414/3142/3044 3413/3143/3044
f 3351/3081/3045 3415/3144/3045 3414/3142/3045
f 3353/3083/3046 3415/3144/3046 3352/3082/3046
f 3354/3085/3047 3416/3145/3047 3353/3083/3047
f 3355/3084/3048 3417/3146/3048 3354/3085/3048
f 3356/3086/3049 3418/3147/3049 3355/3084/3049
f 3356/3086/3050 3420/3148/3050 3419/3149/3050
f 3358/3088/3051 3420/3148/3051 3357/3087/3051
f 3358/3088/3052 3422/3150/3052 3421/3151/3052
f 3360/3089/3053 3422/3150/3053 3359/3090/3053
f 3360/3089/3054 3424/3152/3054 3423/3153/3054
f 3361/3091/3055 3425/3154/3055 3424/3152/3055
f 3362/3092/3056 3426/3155/3056 3425/3154/3056
f 3364/3095/3057 3426/3155/3057 3363/3093/3057
f 3365/3094/3058 3427/3156/3058 3364/3095/3058
f 3366/3096/3059 3428/3157/3059 3365/3094/3059
f 3367/3097/3060 3429/3158/3060 3366/3096/3060
f 3367/3097/3061 3431/3159/3061 3430/3160/3061
f 3368/3098/3062 3432/3161/3062 3431/3159/3062
f 3370/3101/3063 3432/3161/3063 3369/3099/3063
f 3371/3100/3064 3433/3162/3064 3370/3101/3064
f 3371/3100/3065 3435/3163/3065 3434/3164/3065
f 3372/3102/3066 3436/3165/3066 3435/3163/3066
f 3373/3104/3067 3437/3166/3067 3436/3165/3067
f 3375/3106/3068 3437/3166/3068 3374/3103/3068
f 3376/3105/3069 3438/3167/3069 3375/3106/3069
f 3377/3107/3070 3439/3168/3070 3376/3105/3070
f 3377/3107/3071 3441/3169/3071 3440/3170/3071
f 3379/3109/3072 3441/3169/3072 3378/3108/3072
f 3380/3111/3073 3442/3171/3073 3379/3109/3073
f 3380/3111/3074 3444/3172/3074 3443/3173/3074
f 3382/3112/3075 3444/3172/3075 3381/3110/3075
f 3383/3113/3076 3445/3174/3076 3382/3112/3076
f 3383/3113/3077 3447/3175/3077 3446/3176/3077
f 3384/3114/3078 3448/3177/3078 3447/3175/3078
f 3385/3115/3079 3449/3178/3079 3448/3177/3079
f 3387/3118/3080 3449/3178/3080 3386/3116/3080
f 3388/3117/3081 3450/3179/3081 3387/3118/3081
f 3389/3119/3082 3451/3180/3082 3388/3117/3082
f 3390/3120/3083 3452/3181/3083 3389/3119/3083
f 3391/3121/3084 3453/3182/3084 3390/3120/3084
f 3391/3121/3085 3455/3183/3085 3454/3184/3085
f 3393/3122/3086 3455/3183/3086 3392/3123/3086
f 3394/3125/3087 3456/3185/3087 3393/3122/3087
f 3394/3125/3088 3458/3186/3088 3457/3187/3088
f 3396/3127/3089 3458/3186/3089 3395/3124/3089
f 3396/3127/3090 3460/3188/3090 3459/3189/3090
f 3397/3126/3091 3461/3190/3091 3460/3188/3091
f 3398/3129/3092 3462/3191/3092 3461/3190/3092
f 3400/3130/3093 3462/3191/3093 3399/3128/3093
f 3401/3131/3094 3463/3192/3094 3400/3130/3094
f 3401/3131/3095 3465/3193/3095 3464/3194/3095
f 3402/3132/3096 3466/3195/3096 3465/3193/3096
f 3403/3133/3097 3467/3196/3097 3466/3195/3097
f 3405/3134/3098 3467/3196/3098 3404/3135/3098
f 3406/3197/3099 3468/3198/3099 3405/3134/3099
f 3408/3136/3100 3470/3199/3100 3407/3137/3100
f 3408/3136/3101 3472/3200/3101 3471/3201/3101
f 3410/3139/3102 3472/3200/3102 3409/3138/3102
f 3411/3140/3103 3473/3202/3103 3410/3139/3103
f 3412/3141/3104 3474/3203/3104 3411/3140/3104
f 3413/3143/3105 3475/3204/3105 3412/3141/3105
f 3413/3143/3106 3477/3205/3106 3476/3206/3106
f 3414/3142/3107 3478/3207/3107 3477/3205/3107
f 3415/3144/3108 3479/3208/3108 3478/3207/3108
f 3417/3146/3109 3479/3208/3109 3416/3145/3109
f 3417/3146/3110 3481/3209/3110 3480/3210/3110
f 3419/3149/3111 3481/3209/3111 3418/3147/3111
f 3419/3149/3112 3483/3211/3112 3482/3212/3112
f 3421/3151/3113 3483/3211/3113 3420/3148/3113
f 3421/3151/3114 3485/3213/3114 3484/3214/3114
f 3423/3153/3115 3485/3213/3115 3422/3150/3115
f 3423/3153/3116 3487/3215/3116 3486/3216/3116
f 3424/3152/3117 3488/3217/3117 3487/3215/3117
f 3425/3154/3118 3489/3218/3118 3488/3217/3118
f 3427/3156/3119 3489/3218/3119 3426/3155/3119
f 3427/3156/3120 3491/3219/3120 3490/3220/3120
f 3429/3158/3121 3491/3219/3121 3428/3157/3121
f 3429/3158/3122 3493/3221/3122 3492/3222/3122
f 3430/3160/3123 3494/3223/3123 3493/3221/3123
f 3431/3159/3124 3495/3224/3124 3494/3223/3124
f 3433/3162/3125 3495/3224/3125 3432/3161/3125
f 3433/3162/3126 3497/3225/3126 3496/3226/3126
f 3434/3164/3127 3498/3227/3127 3497/3225/3127
f 3435/3163/3128 3499/3228/3128 3498/3227/3128
f 3437/3166/3129 3499/3228/3129 3436/3165/3129
f 3438/3167/3130 3500/3229/3130 3437/3166/3130
f 3438/3167/3131 3502/3230/3131 3501/3231/3131
f 3440/3170/3132 3502/3230/3132 3439/3168/3132
f 3440/3170/3133 3504/3232/3133 3503/3233/3133
f 3442/3171/3134 3504/3232/3134 3441/3169/3134
f 3443/3173/3135 3505/3234/3135 3442/3171/3135
f 3443/3173/3136 3507/3235/3136 3506/3236/3136
f 3445/3174/3137 3507/3235/3137 3444/3172/3137
f 3446/3176/3138 3508/3237/3138 3445/3174/3138
f 3447/3175/3139 3509/3238/3139 3446/3176/3139
f 3448/3177/3140 3510/3239/3140 3447/3175/3140
f 3449/3178/3141 3511/3240/3141 3448/3177/3141
f 3450/3179/3142 3512/3241/3142 3449/3178/3142
f 3450/3179/3143 3514/3242/3143 3513/3243/3143
f 3452/3181/3144 3514/3242/3144 3451/3180/3144
f 3453/3182/3145 3515/3244/3145 3452/3181/3145
f 3453/3182/3146 3517/3245/3146 3516/3246/3146
f 3455/3183/3147 3517/3245/3147 3454/3184/3147
f 3456/3185/3148 3518/3247/3148 3455/3183/3148
f 3457/3187/3149 3519/3248/3149 3456/3185/3149
f 3458/3186/3150 3520/3249/3150 3457/3187/3150
f 3459/3189/3151 3521/3250/3151 3458/3186/3151
f 3460/3188/3152 3522/3251/3152 3459/3189/3152
f 3461/3190/3153 3523/3252/3153 3460/3188/3153
f 3462/3191/3154 3524/3253/3154 3461/3190/3154
f 3463/3192/3155 3525/3254/3155 3462/3191/3155
f 3464/3194/3156 3526/3255/3156 3463/3192/3156
f 3465/3193/3157 3527/3256/3157 3464/3194/3157
f 3466/3195/3158 3528/3257/3158 3465/3193/3158
f 3467/3196/3159 3529/3258/3159 3466/3195/3159
f 3468/3198/3160 3530/3259/3160 3467/3196/3160
f 3468/3198/3161 3532/3260/3161 3531/3261/3161
f 3471/3201/3162 3533/3262/3162 3470/3199/3162
f 3471/3201/3163 3535/3263/3163 3534/3264/3163
f 3473/3202/3164 3535/3263/3164 3472/3200/3164
f 3473/3202/3165 3537/3265/3165 3536/3266/3165
f 3474/3203/3166 3538/3267/3166 3537/3265/3166
f 3476/3206/3167 3538/3267/3167 3475/3204/3167
f 3477/3205/3168 3539/3268/3168 3476/3206/3168
f 3478/3207/3169 3540/3269/3169 3477/3205/3169
f 3479/3208/3170 3541/3270/3170 3478/3207/3170
f 3480/3210/3171 3542/3271/3171 3479/3208/3171
f 3481/3209/3172 3543/3272/3172 3480/3210/3172
f 3482/3212/3173 3544/3273/3173 3481/3209/3173
f 3482/3212/3174 3546/3274/3174 3545/3275/3174
f 3484/3214/3175 3546/3274/3175 3483/3211/3175
f 3484/3214/3176 3548/3276/3176 3547/3277/3176
f 3486/3216/3177 3548/3276/3177 3485/3213/3177
f 3487/3215/3178 3549/3278/3178 3486/3216/3178
f 3488/3217/3179 3550/3279/3179 3487/3215/3179
f 3488/3217/3180 3552/3280/3180 3551/3281/3180
f 3490/3220/3181 3552/3280/3181 3489/3218/3181
f 3491/3219/3182 3553/3282/3182 3490/3220/3182
f 3492/3222/3183 3554/3283/3183 3491/3219/3183
f 3492/3222/3184 3556/3284/3184 3555/3285/3184
f 3494/3223/3185 3556/3284/3185 3493/3221/3185
f 3494/3223/3186 3558/3286/3186 3557/3287/3186
f 3496/3226/3187 3558/3286/3187 3495/3224/3187
f 3496/3226/3188 3560/3288/3188 3559/3289/3188
f 3498/3227/3189 3560/3288/3189 3497/3225/3189
f 3499/3228/3190 3561/3290/3190 3498/3227/3190
f 3500/3229/3191 3562/3291/3191 3499/3228/3191
f 3500/3229/3192 3564/3292/3192 3563/3293/3192
f 3501/3231/3193 3565/3294/3193 3564/3292/3193
f 3502/3230/3194 3566/3295/3194 3565/3294/3194
f 3503/3233/3195 3567/3296/3195 3566/3295/3195
f 3505/3234/3196 3567/3296/3196 3504/3232/3196
f 3506/3236/3197 3568/3297/3197 3505/3234/3197
f 3506/3236/3198 3570/3298/3198 3569/3299/3198
f 3508/3237/3199 3570/3298/3199 3507/3235/3199
f 3508/3237/3200 3572/3300/3200 3571/3301/3200
f 3510/3239/3201 3572/3300/3201 3509/3238/3201
f 3511/3240/3202 3573/3302/3202 3510/3239/3202
f 3511/3240/3203 3575/3303/3203 3574/3304/3203
f 3513/3243/3204 3575/3303/3204 3512/3241/3204
f 3513/3243/3205 3577/3305/3205 3576/3306/3205
f 3514/3242/3206 3578/3307/3206 3577/3305/3206
f 3516/3246/3207 3578/3307/3207 3515/3244/3207
f 3517/3245/3208 3579/3308/3208 3516/3246/3208
f 3517/3245/3209 3581/3309/3209 3580/3310/3209
f 3519/3248/3210 3581/3309/3210 3518/3247/3210
f 3520/3249/3211 3582/3311/3211 3519/3248/3211
f 3521/3250/3212 3583/3312/3212 3520/3249/3212
f 3522/3251/3213 3584/3313/3213 3521/3250/3213
f 3523/3252/3214 3585/3314/3214 3522/3251/3214
f 3524/3253/3215 3586/3315/3215 3523/3252/3215
f 3524/3253/3216 3588/3316/3216 3587/3317/3216
f 3525/3254/3217 3589/3318/3217 3588/3316/3217
f 3527/3256/3218 3589/3318/3218 3526/3255/3218
f 3528/3257/3219 3590/3319/3219 3527/3256/3219
f 3529/3258/3220 3591/3320/3220 3528/3257/3220
f 3529/3258/3221 3593/3321/3221 3592/3322/3221
f 3530/3259/3222 3594/3323/3222 3593/3321/3222
f 3531/3261/3223 3595/3324/3223 3594/3323/3223
f 3534/3264/3224 3596/3325/3224 3533/3262/3224
f 3534/3264/3225 3598/3326/3225 3597/3327/3225
f 3536/3266/3226 3598/3326/3226 3535/3263/3226
f 3537/3265/3227 3599/3328/3227 3536/3266/3227
f 3538/3267/3228 3600/3329/3228 3537/3265/3228
f 3539/3268/3229 3601/3330/3229 3538/3267/3229
f 3539/3268/3230 3603/3331/3230 3602/3332/3230
f 3541/3270/3231 3603/3331/3231 3540/3269/3231
f 3542/3271/3232 3604/3333/3232 3541/3270/3232
f 3543/3272/3233 3605/3334/3233 3542/3271/3233
f 3544/3273/3234 3606/3335/3234 3543/3272/3234
f 3544/3273/3235 3608/3336/3235 3607/3337/3235
f 3545/3275/3236 3609/3338/3236 3608/3336/3236
f 3547/3277/3237 3609/3338/3237 3546/3274/3237
f 3548/3276/3238 3610/3339/3238 3547/3277/3238
f 3549/3278/3239 3611/3340/3239 3548/3276/3239
f 3550/3279/3240 3612/3341/3240 3549/3278/3240
f 3550/3279/3241 3614/3342/3241 3613/3343/3241
f 3551/3281/3242 3615/3344/3242 3614/3342/3242
f 3552/3280/3243 3616/3345/3243 3615/3344/3243
f 3554/3283/3244 3616/3345/3244 3553/3282/3244
f 3554/3283/3245 3618/3346/3245 3617/3347/3245
f 3556/3284/3246 3618/3346/3246 3555/3285/3246
f 3557/3287/3247 3619/3348/3247 3556/3284/3247
f 3558/3286/3248 3620/3349/3248 3557/3287/3248
f 3559/3289/3249 3621/3350/3249 3558/3286/3249
f 3559/3289/3250 3623/3351/3250 3622/3352/3250
f 3560/3288/3251 3624/3353/3251 3623/3351/3251
f 3561/3290/3252 3625/3354/3252 3624/3353/3252
f 3563/3293/3253 3625/3354/3253 3562/3291/3253
f 3563/3293/3254 3627/3355/3254 3626/3356/3254
f 3565/3294/3255 3627/3355/3255 3564/3292/3255
f 3566/3295/3256 3628/3357/3256 3565/3294/3256
f 3567/3296/3257 3629/3358/3257 3566/3295/3257
f 3568/3297/3258 3630/3359/3258 3567/3296/3258
f 3568/3297/3259 3632/3360/3259 3631/3361/3259
f 3569/3299/3260 3633/3362/3260 3632/3360/3260
f 3571/3301/3261 3633/3362/3261 3570/3298/3261
f 3571/3301/3262 3635/3363/3262 3634/3364/3262
f 3573/3302/3263 3635/3363/3263 3572/3300/3263
f 3573/3302/3264 3637/3365/3264 3636/3366/3264
f 3575/3303/3265 3637/3365/3265 3574/3304/3265
f 3576/3306/3266 3638/3367/3266 3575/3303/3266
f 3577/3305/3267 3639/3368/3267 3576/3306/3267
f 3578/3307/3268 3640/3369/3268 3577/3305/3268
f 3579/3308/3269 3641/3370/3269 3578/3307/3269
f 3579/3308/3270 3643/3371/3270 3642/3372/3270
f 3580/3310/3271 3644/3373/3271 3643/3371/3271
f 3582/3311/3272 3644/3373/3272 3581/3309/3272
f 3582/3311/3273 3646/3374/3273 3645/3375/3273
f 3584/3313/3274 3646/3374/3274 3583/3312/3274
f 3585/3314/3275 3647/3376/3275 3584/3313/3275
f 3585/3314/3276 3649/3377/3276 3648/3378/3276
f 3586/3315/3277 3650/3379/3277 3649/3377/3277
f 3588/3316/3278 3650/3379/3278 3587/3317/3278
f 3589/3318/3279 3651/3380/3279 3588/3316/3279
f 3589/3318/3280 3653/3381/3280 3652/3382/3280
f 3590/3319/3281 3654/3383/3281 3653/3381/3281
f 3592/3322/3282 3654/3383/3282 3591/3320/3282
f 3593/3321/3283 3655/3384/3283 3592/3322/3283
f 3594/3323/3284 3656/3385/3284 3593/3321/3284
f 3594/3323/3285 3658/3386/3285 3657/3387/3285
f 3596/3325/3286 3660/3388/3286 3659/3389/3286
f 3598/3326/3287 3660/3388/3287 3597/3327/3287
f 3599/3328/3288 3661/3390/3288 3598/3326/3288
f 3599/3328/3289 3663/3391/3289 3662/3392/3289
f 3600/3329/3290 3664/3393/3290 3663/3391/3290
f 3601/3330/3291 3665/3394/3291 3664/3393/3291
f 3602/3332/3292 3666/3395/3292 3665/3394/3292
f 3603/3331/3293 3667/3396/3293 3666/3395/3293
f 3604/3333/3294 3668/3397/3294 3667/3396/3294
f 3606/3335/3295 3668/3397/3295 3605/3334/3295
f 3607/3337/3296 3669/3398/3296 3606/3335/3296
f 3608/3336/3297 3670/3399/3297 3607/3337/3297
f 3608/3336/3298 3672/3400/3298 3671/3401/3298
f 3610/3339/3299 3672/3400/3299 3609/3338/3299
f 3611/3340/3300 3673/3402/3300 3610/3339/3300
f 3611/3340/3301 3675/3403/3301 3674/3404/3301
f 3612/3341/3302 3676/3405/3302 3675/3403/3302
f 3614/3342/3303 3676/3405/3303 3613/3343/3303
f 3614/3342/3304 3678/3406/3304 3677/3407/3304
f 3616/3345/3305 3678/3406/3305 3615/3344/3305
f 3616/3345/3306 3680/3408/3306 3679/3409/3306
f 3618/3346/3307 3680/3408/3307 3617/3347/3307
f 3618/3346/3308 3682/3410/3308 3681/3411/3308
f 3619/3348/3309 3683/3412/3309 3682/3410/3309
f 3621/3350/3310 3683/3412/3310 3620/3349/3310
f 3621/3350/3311 3685/3413/3311 3684/3414/3311
f 3622/3352/3312 3686/3415/3312 3685/3413/3312
f 3623/3351/3313 3687/3416/3313 3686/3415/3313
f 3625/3354/3314 3687/3416/3314 3624/3353/3314
f 3626/3356/3315 3688/3417/3315 3625/3354/3315
f 3627/3355/3316 3689/3418/3316 3626/3356/3316
f 3627/3355/3317 3691/3419/3317 3690/3420/3317
f 3629/3358/3318 3691/3419/3318 3628/3357/3318
f 3629/3358/3319 3693/3421/3319 3692/3422/3319
f 3631/3361/3320 3693/3421/3320 3630/3359/3320
f 3632/3360/3321 3694/3423/3321 3631/3361/3321
f 3633/3362/3322 3695/3424/3322 3632/3360/3322
f 3634/3364/3323 3696/3425/3323 3633/3362/3323
f 3634/3364/3324 3698/3426/3324 3697/3427/3324
f 3636/3366/3325 3698/3426/3325 3635/3363/3325
f 3637/3365/3326 3699/3428/3326 3636/3366/3326
f 3638/3367/3327 3700/3429/3327 3637/3365/3327
f 3639/3368/3328 3701/3430/3328 3638/3367/3328
f 3639/3368/3329 3703/3431/3329 3702/3432/3329
f 3641/3370/3330 3703/3431/3330 3640/3369/3330
f 3641/3370/3331 3705/3433/3331 3704/3434/3331
f 3642/3372/3332 3706/3435/3332 3705/3433/3332
f 3644/3373/3333 3706/3435/3333 3643/3371/3333
f 3645/3375/3334 3707/3436/3334 3644/3373/3334
f 3646/3374/3335 3708/3437/3335 3645/3375/3335
f 3647/3376/3336 3709/3438/3336 3646/3374/3336
f 3647/3376/3337 3711/3439/3337 3710/3440/3337
f 3648/3378/3338 3712/3441/3338 3711/3439/3338
f 3650/3379/3339 3712/3441/3339 3649/3377/3339
f 3651/3380/3340 3713/3442/3340 3650/3379/3340
f 3652/3382/3341 3714/3443/3341 3651/3380/3341
f 3653/3381/3342 3715/3444/3342 3652/3382/3342
f 3654/3383/3343 3716/3445/3343 3653/3381/3343
f 3655/3384/3344 3717/3446/3344 3654/3383/3344
f 3655/3384/3345 3719/3447/3345 3718/3448/3345
f 3657/3387/3346 3719/3447/3346 3656/3385/3346
f 3657/3387/3347 3721/3449/3347 3720/3450/3347
f 3660/3388/3348 3722/3451/3348 3659/3389/3348
f 3660/3388/3349 3724/3452/3349 3723/3453/3349
f 3661/3390/3350 3725/3454/3350 3724/3452/3350
f 3663/3391/3351 3725/3454/3351 3662/3392/3351
f 3663/3391/3352 3727/3455/3352 3726/3456/3352
f 3664/3393/3353 3728/3457/3353 3727/3455/3353
f 3665/3394/3354 3729/3458/3354 3728/3457/3354
f 3666/3395/3355 3730/3459/3355 3729/3458/3355
f 3667/3396/3356 3731/3460/3356 3730/3459/3356
f 3669/3398/3357 3731/3460/3357 3668/3397/3357
f 3670/3399/3358 3732/3461/3358 3669/3398/3358
f 3671/3401/3359 3733/3462/3359 3670/3399/3359
f 3671/3401/3360 3735/3463/3360 3734/3464/3360
f 3672/3400/3361 3736/3465/3361 3735/3463/3361
f 3673/3402/3362 3737/3466/3362 3736/3465/3362
f 3674/3404/3363 3738/3467/3363 3737/3466/3363
f 3675/3403/3364 3739/3468/3364 3738/3467/3364
f 3677/3407/3365 3739/3468/3365 3676/3405/3365
f 3677/3407/3366 3741/3469/3366 3740/3470/3366
f 3679/3409/3367 3741/3469/3367 3678/3406/3367
f 3679/3409/3368 3743/3471/3368 3742/3472/3368
f 3681/3411/3369 3743/3471/3369 3680/3408/3369
f 3682/3410/3370 3744/3473/3370 3681/3411/3370
f 3682/3410/3371 3746/3474/3371 3745/3475/3371
f 3684/3414/3372 3746/3474/3372 3683/3412/3372
f 3685/3413/3373 3747/3476/3373 3684/3414/3373
f 3685/3413/3374 3749/3477/3374 3748/3478/3374
f 3687/3416/3375 3749/3477/3375 3686/3415/3375
f 3687/3416/3376 3751/3479/3376 3750/3480/3376
f 3688/3417/3377 3752/3481/3377 3751/3479/3377
f 3690/3420/3378 3752/3481/3378 3689/3418/3378
f 3690/3420/3379 3754/3482/3379 3753/3483/3379
f 3691/3419/3380 3755/3484/3380 3754/3482/3380
f 3693/3421/3381 3755/3484/3381 3692/3422/3381
f 3694/3423/3382 3756/3485/3382 3693/3421/3382
f 3694/3423/3383 3758/3486/3383 3757/3487/3383
f 3696/3425/3384 3758/3486/3384 3695/3424/3384
f 3697/3427/3385 3759/3488/3385 3696/3425/3385
f 3698/3426/3386 3760/3489/3386 3697/3427/3386
f 3698/3426/3387 3762/3490/3387 3761/3491/3387
f 3700/3429/3388 3762/3490/3388 3699/3428/3388
f 3701/3430/3389 3763/3492/3389 3700/3429/3389
f 3702/3432/3390 3764/3493/3390 3701/3430/3390
f 3702/3432/3391 3766/3494/3391 3765/3495/3391
f 3704/3434/3392 3766/3494/3392 3703/3431/3392
f 3705/3433/3393 3767/3496/3393 3704/3434/3393
f 3706/3435/3394 3768/3497/3394 3705/3433/3394
f 3707/3436/3395 3769/3498/3395 3706/3435/3395
f 3708/3437/3396 3770/3499/3396 3707/3436/3396
f 3708/3437/3397 3772/3500/3397 3771/3501/3397
f 3709/3438/3398 3773/3502/3398 3772/3500/3398
f 3710/3440/3399 3774/3503/3399 3773/3502/3399
f 3712/3441/3400 3774/3503/3400 3711/3439/3400
f 3713/3442/3401 3775/3504/3401 3712/3441/3401
f 3713/3442/3402 3777/3505/3402 3776/3506/3402
f 3715/3444/3403 3777/3505/3403 3714/3443/3403
f 3716/3445/3404 3778/3507/3404 3715/3444/3404
f 3716/3445/3405 3780/3508/3405 3779/3509/3405
f 3718/3448/3406 3780/3508/3406 3717/3446/3406
f 3719/3447/3407 3781/3510/3407 3718/3448/3407
f 3720/3450/3408 3782/3511/3408 3719/3447/3408
f 3720/3450/3409 3784/3512/3409 3783/3513/3409
f 3723/3453/3410 3785/3514/3410 3722/3451/3410
f 3723/3453/3411 3787/3515/3411 3786/3516/3411
f 3724/3452/3412 3788/3517/3412 3787/3515/3412
f 3726/3456/3413 3788/3517/3413 3725/3454/3413
f 3726/3456/3414 3790/3518/3414 3789/3519/3414
f 3728/3457/3415 3790/3518/3415 3727/3455/3415
f 3729/3458/3416 3791/3520/3416 3728/3457/3416
f 3730/3459/3417 3792/3521/3417 3729/3458/3417
f 3730/3459/3418 3794/3522/3418 3793/3523/3418
f 3732/3461/3419 3794/3522/3419 3731/3460/3419
f 3733/3462/3420 3795/3524/3420 3732/3461/3420
f 3733/3462/3421 3797/3525/3421 3796/3526/3421
f 3735/3463/3422 3797/3525/3422 3734/3464/3422
f 3736/3465/3423 3798/3527/3423 3735/3463/3423
f 3736/3465/3424 3800/3528/3424 3799/3529/3424
f 3738/3467/3425 3800/3528/3425 3737/3466/3425
f 3739/3468/3426 3801/3530/3426 3738/3467/3426
f 3740/3470/3427 3802/3531/3427 3739/3468/3427
f 3741/3469/3428 3803/3532/3428 3740/3470/3428
f 3742/3472/3429 3804/3533/3429 3741/3469/3429
f 3742/3472/3430 3806/3534/3430 3805/3535/3430
f 3743/3471/3431 3807/3536/3431 3806/3534/3431
f 3745/3475/3432 3807/3536/3432 3744/3473/3432
f 3745/3475/3433 3809/3537/3433 3808/3538/3433
f 3747/3476/3434 3809/3537/3434 3746/3474/3434
f 3748/3478/3435 3810/3539/3435 3747/3476/3435
f 3749/3477/3436 3811/3540/3436 3748/3478/3436
f 3749/3477/3437 3813/3541/3437 3812/3542/3437
f 3750/3480/3438 3814/3543/3438 3813/3541/3438
f 3752/3481/3439 3814/3543/3439 3751/3479/3439
f 3752/3481/3440 3816/3544/3440 3815/3545/3440
f 3754/3482/3441 3816/3544/3441 3753/3483/3441
f 3755/3484/3442 3817/3546/3442 3754/3482/3442
f 3756/3485/3443 3818/3547/3443 3755/3484/3443
f 3756/3485/3444 3820/3548/3444 3819/3549/3444
f 3758/3486/3445 3820/3548/3445 3757/3487/3445
f 3758/3486/3446 3822/3550/3446 3821/3551/3446
f 3759/3488/3447 3823/3552/3447 3822/3550/3447
f 3761/3491/3448 3823/3552/3448 3760/3489/3448
f 3761/3491/3449 3825/3553/3449 3824/3554/3449
f 3763/3492/3450 3825/3553/3450 3762/3490/3450
f 3763/3492/3451 3827/3555/3451 3826/3556/3451
f 3765/3495/3452 3827/3555/3452 3764/3493/3452
f 3765/3495/3453 3829/3557/3453 3828/3558/3453
f 3766/3494/3454 3830/3559/3454 3829/3557/3454
f 3768/3497/3455 3830/3559/3455 3767/3496/3455
f 3768/3497/3456 3832/3560/3456 3831/3561/3456
f 3770/3499/3457 3832/3560/3457 3769/3498/3457
f 3770/3499/3458 3834/3562/3458 3833/3563/3458
f 3771/3501/3459 3835/3564/3459 3834/3562/3459
f 3773/3502/3460 3835/3564/3460 3772/3500/3460
f 3773/3502/3461 3837/3565/3461 3836/3566/3461
f 3774/3503/3462 3838/3567/3462 3837/3565/3462
f 3775/3504/3463 3839/3568/3463 3838/3567/3463
f 3777/3505/3464 3839/3568/3464 3776/3506/3464
f 3778/3507/3465 3840/3569/3465 3777/3505/3465
f 3778/3507/3466 3842/3570/3466 3841/3571/3466
f 3780/3508/3467 3842/3570/3467 3779/3509/3467
f 3781/3510/3468 3843/3572/3468 3780/3508/3468
f 3781/3510/3469 3845/3573/3469 3844/3574/3469
f 3783/3513/3470 3845/3573/3470 3782/3511/3470
f 3783/3513/3471 3847/3575/3471 3846/3576/3471
f 3786/3516/3472 3848/3577/3472 3785/3514/3472
f 3786/3516/3473 3850/3578/3473 3849/3579/3473
f 3787/3515/3474 3851/3580/3474 3850/3578/3474
f 3789/3519/3475 3851/3580/3475 3788/3517/3475
f 3789/3519/3476 3853/3581/3476 3852/3582/3476
f 3790/3518/3477 3854/3583/3477 3853/3581/3477
f 3792/3521/3478 3854/3583/3478 3791/3520/3478
f 3792/3521/3479 3856/3584/3479 3855/3585/3479
f 3793/3523/3480 3857/3586/3480 3856/3584/3480
f 3795/3524/3481 3857/3586/3481 3794/3522/3481
f 3795/3524/3482 3859/3587/3482 3858/3588/3482
f 3797/3525/3483 3859/3587/3483 3796/3526/3483
f 3798/3527/3484 3860/3589/3484 3797/3525/3484
f 3798/3527/3485 3862/3590/3485 3861/3591/3485
f 3799/3529/3486 3863/3592/3486 3862/3590/3486
f 3800/3528/3487 3864/3593/3487 3863/3592/3487
f 3801/3530/3488 3865/3594/3488 3864/3593/3488
f 3802/3531/3489 3866/3595/3489 3865/3594/3489
f 3803/3532/3490 3867/3596/3490 3866/3595/3490
f 3804/3533/3491 3868/3597/3491 3867/3596/3491
f 3806/3534/3492 3868/3597/3492 3805/3535/3492
f 3807/3536/3493 3869/3598/3493 3806/3534/3493
f 3807/3536/3494 3871/3599/3494 3870/3600/3494
f 3809/3537/3495 3871/3599/3495 3808/3538/3495
f 3809/3537/3496 3873/3601/3496 3872/3602/3496
f 3810/3539/3497 3874/3603/3497 3873/3601/3497
f 3812/3542/3498 3874/3603/3498 3811/3540/3498
f 3813/3541/3499 3875/3604/3499 3812/3542/3499
f 3814/3543/3500 3876/3605/3500 3813/3541/3500
f 3814/3543/3501 3878/3606/3501 3877/3607/3501
f 3816/3544/3502 3878/3606/3502 3815/3545/3502
f 3816/3544/3503 3880/3608/3503 3879/3609/3503
f 3818/3547/3504 3880/3608/3504 3817/3546/3504
f 3818/3547/3505 3882/3610/3505 3881/3611/3505
f 3820/3548/3506 3882/3610/3506 3819/3549/3506
f 3821/3551/3507 3883/3612/3507 3820/3548/3507
f 3822/3550/3508 3884/3613/3508 3821/3551/3508
f 3823/3552/3509 3885/3614/3509 3822/3550/3509
f 3823/3552/3510 3887/3615/3510 3886/3616/3510
f 3825/3553/3511 3887/3615/3511 3824/3554/3511
f 3826/3556/3512 3888/3617/3512 3825/3553/3512
f 3826/3556/3513 3890/3618/3513 3889/3619/3513
f 3828/3558/3514 3890/3618/3514 3827/3555/3514
f 3828/3558/3515 3892/3620/3515 3891/3621/3515
f 3830/3559/3516 3892/3620/3516 3829/3557/3516
f 3831/3561/3517 3893/3622/3517 3830/3559/3517
f 3831/3561/3518 3895/3623/3518 3894/3624/3518
f 3833/3563/3519 3895/3623/3519 3832/3560/3519
f 3833/3563/3520 3897/3625/3520 3896/3626/3520
f 3834/3562/3521 3898/3627/3521 3897/3625/3521
f 3836/3566/3522 3898/3627/3522 3835/3564/3522
f 3837/3565/3523 3899/3628/3523 3836/3566/3523
f 3838/3567/3524 3900/3629/3524 3837/3565/3524
f 3839/3568/3525 3901/3630/3525 3838/3567/3525
f 3840/3569/3526 3902/3631/3526 3839/3568/3526
f 3840/3569/3527 3904/3632/3527 3903/3633/3527
f 3841/3571/3528 3905/3634/3528 3904/3632/3528
f 3843/3572/3529 3905/3634/3529 3842/3570/3529
f 3843/3572/3530 3907/3635/3530 3906/3636/3530
f 3845/3573/3531 3907/3635/3531 3844/3574/3531
f 3846/3576/3532 3908/3637/3532 3845/3573/3532
f 3846/3576/3533 3910/3638/3533 3909/3639/3533
f 3849/3579/3534 3911/3640/3534 3848/3577/3534
f 3849/3579/3535 3913/3641/3535 3912/3642/3535
f 3850/3578/3536 3914/3643/3536 3913/3641/3536
f 3851/3580/3537 3915/3644/3537 3914/3643/3537
f 3852/3582/3538 3916/3645/3538 3915/3644/3538
f 3853/3581/3539 3917/3646/3539 3916/3645/3539
f 3855/3585/3540 3917/3646/3540 3854/3583/3540
f 3855/3585/3541 3919/3647/3541 3918/3648/3541
f 3856/3584/3542 3920/3649/3542 3919/3647/3542
f 3858/3588/3543 3920/3649/3543 3857/3586/3543
f 3859/3587/3544 3921/3650/3544 3858/3588/3544
f 3860/3589/3545 3922/3651/3545 3859/3587/3545
f 3860/3589/3546 3924/3652/3546 3923/3653/3546
f 3861/3591/3547 3925/3654/3547 3924/3652/3547
f 3863/3592/3548 3925/3654/3548 3862/3590/3548
f 3864/3593/3549 3926/3655/3549 3863/3592/3549
f 3865/3594/3550 3927/3656/3550 3864/3593/3550
f 3865/3594/3551 3929/3657/3551 3928/3658/3551
f 3866/3595/3552 3930/3659/3552 3929/3657/3552
f 3867/3596/3553 3931/3660/3553 3930/3659/3553
f 3869/3598/3554 3931/3660/3554 3868/3597/3554
f 3870/3600/3555 3932/3661/3555 3869/3598/3555
f 3871/3599/3556 3933/3662/3556 3870/3600/3556
f 3872/3602/3557 3934/3663/3557 3871/3599/3557
f 3872/3602/3558 3936/3664/3558 3935/3665/3558
f 3874/3603/3559 3936/3664/3559 3873/3601/3559
f 3874/3603/3560 3938/3666/3560 3937/3667/3560
f 3875/3604/3561 3939/3668/3561 3938/3666/3561
f 3877/3607/3562 3939/3668/3562 3876/3605/3562
f 3877/3607/3563 3941/3669/3563 3940/3670/3563
f 3879/3609/3564 3941/3669/3564 3878/3606/3564
f 3879/3609/3565 3943/3671/3565 3942/3672/3565
f 3881/3611/3566 3943/3671/3566 3880/3608/3566
f 3881/3611/3567 3945/3673/3567 3944/3674/3567
f 3883/3612/3568 3945/3673/3568 3882/3610/3568
f 3883/3612/3569 3947/3675/3569 3946/3676/3569
f 3884/3613/3570 3948/3677/3570 3947/3675/3570
f 3885/3614/3571 3949/3678/3571 3948/3677/3571
f 3886/3616/3572 3950/3679/3572 3949/3678/3572
f 3888/3617/3573 3950/3679/3573 3887/3615/3573
f 3889/3619/3574 3951/3680/3574 3888/3617/3574
f 3889/3619/3575 3953/3681/3575 3952/3682/3575
f 3891/3621/3576 3953/3681/3576 3890/3618/3576
f 3891/3621/3577 3955/3683/3577 3954/3684/3577
f 3893/3622/3578 3955/3683/3578 3892/3620/3578
f 3894/3624/3579 3956/3685/3579 3893/3622/3579
f 3894/3624/3580 3958/3686/3580 3957/3687/3580
f 3896/3626/3581 3958/3686/3581 3895/3623/3581
f 3897/3625/3582 3959/3688/3582 3896/3626/3582
f 3897/3625/3583 3961/3689/3583 3960/3690/3583
f 3899/3628/3584 3961/3689/3584 3898/3627/3584
f 3900/3629/3585 3962/3691/3585 3899/3628/3585
f 3900/3629/3586 3964/3692/3586 3963/3693/3586
f 3902/3631/3587 3964/3692/3587 3901/3630/3587
f 3903/3633/3588 3965/3694/3588 3902/3631/3588
f 3904/3632/3589 3966/3695/3589 3903/3633/3589
f 3904/3632/3590 3968/3696/3590 3967/3697/3590
f 3906/3636/3591 3968/3696/3591 3905/3634/3591
f 3907/3635/3592 3969/3698/3592 3906/3636/3592
f 3907/3635/3593 3971/3699/3593 3970/3700/3593
f 3909/3639/3594 3971/3699/3594 3908/3637/3594
f 3910/3638/3595 3972/3701/3595 3909/3639/3595
f 3912/3642/3596 3974/3702/3596 3911/3640/3596
f 3913/3641/3597 3975/3703/3597 3912/3642/3597
f 3913/3641/3598 3977/3704/3598 3976/3705/3598
f 3915/3644/3599 3977/3704/3599 3914/3643/3599
f 3916/3645/3600 3978/3706/3600 3915/3644/3600
f 3916/3645/3601 3980/3707/3601 3979/3708/3601
f 3918/3648/3602 3980/3707/3602 3917/3646/3602
f 3919/3647/3603 3981/3709/3603 3918/3648/3603
f 3919/3647/3604 3983/3710/3604 3982/3711/3604
f 3921/3650/3605 3983/3710/3605 3920/3649/3605
f 3921/3650/3606 3985/3712/3606 3984/3713/3606
f 3922/3651/3607 3986/3714/3607 3985/3712/3607
f 3924/3652/3608 3986/3714/3608 3923/3653/3608
f 3925/3654/3609 3987/3715/3609 3924/3652/3609
f 3926/3655/3610 3988/3716/3610 3925/3654/3610
f 3926/3655/3611 3990/3717/3611 3989/3718/3611
f 3928/3658/3612 3990/3717/3612 3927/3656/3612
f 3928/3658/3613 3992/3719/3613 3991/3720/3613
f 3930/3659/3614 3992/3719/3614 3929/3657/3614
f 3931/3660/3615 3993/3721/3615 3930/3659/3615
f 3931/3660/3616 3995/3722/3616 3994/3723/3616
f 3932/3661/3617 3996/3724/3617 3995/3722/3617
f 3934/3663/3618 3996/3724/3618 3933/3662/3618
f 3935/3665/3619 3997/3725/3619 3934/3663/3619
f 3935/3665/3620 3999/3726/3620 3998/3727/3620
f 3937/3667/3621 3999/3726/3621 3936/3664/3621
f 3937/3667/3622 4001/3728/3622 4000/3729/3622
f 3938/3666/3623 4002/3730/3623 4001/3728/3623
f 3940/3670/3624 4002/3730/3624 3939/3668/3624
f 3941/3669/3625 4003/3731/3625 3940/3670/3625
f 3941/3669/3626 4005/3732/3626 4004/3733/3626
f 3942/3672/3627 4006/3734/3627 4005/3732/3627
f 3944/3674/3628 4006/3734/3628 3943/3671/3628
f 3945/3673/3629 4007/3735/3629 3944/3674/3629
f 3945/3673/3630 4009/3736/3630 4008/3737/3630
f 3947/3675/3631 4009/3736/3631 3946/3676/3631
f 3948/3677/3632 4010/3738/3632 3947/3675/3632
f 3949/3678/3633 4011/3739/3633 3948/3677/3633
f 3949/3678/3634 4013/3740/3634 4012/3741/3634
f 3950/3679/3635 4014/3742/3635 4013/3740/3635
f 3951/3680/3636 4015/3743/3636 4014/3742/3636
f 3952/3682/3637 4016/3744/3637 4015/3743/3637
f 3954/3684/3638 4016/3744/3638 3953/3681/3638
f 3954/3684/3639 4018/3745/3639 4017/3746/3639
f 3956/3685/3640 4018/3745/3640 3955/3683/3640
f 3957/3687/3641 4019/3747/3641 3956/3685/3641
f 3957/3687/3642 4021/3748/3642 4020/3749/3642
f 3958/3686/3643 4022/3750/3643 4021/3748/3643
f 3960/3690/3644 4022/3750/3644 3959/3688/3644
f 3960/3690/3645 4024/3751/3645 4023/3752/3645
f 3961/3689/3646 4025/3753/3646 4024/3751/3646
f 3963/3693/3647 4025/3753/3647 3962/3691/3647
f 3964/3692/3648 4026/3754/3648 3963/3693/3648
f 3964/3692/3649 4028/3755/3649 4027/3756/3649
f 3965/3694/3650 4029/3757/3650 4028/3755/3650
f 3967/3697/3651 4029/3757/3651 3966/3695/3651
f 3968/3696/3652 4030/3758/3652 3967/3697/3652
f 3969/3698/3653 4031/3759/3653 3968/3696/3653
f 3969/3698/3654 4033/3760/3654 4032/3761/3654
f 3971/3699/3655 4033/3760/3655 3970/3700/3655
f 3972/3701/3656 4034/3762/3656 3971/3699/3656
f 3973/3763/3657 4035/3764/3657 3972/3701/3657
f 3974/3702/3658 4038/3765/3658 4037/3766/3658
f 3976/3705/3659 4038/3765/3659 3975/3703/3659
f 3976/3705/3660 4040/3767/3660 4039/3768/3660
f 3977/3704/3661 4041/3769/3661 4040/3767/3661
f 3979/3708/3662 4041/3769/3662 3978/3706/3662
f 3979/3708/3663 4043/3770/3663 4042/3771/3663
f 3980/3707/3664 4044/3772/3664 4043/3770/3664
f 3981/3709/3665 4045/3773/3665 4044/3772/3665
f 3983/3710/3666 4045/3773/3666 3982/3711/3666
f 3984/3713/3667 4046/3774/3667 3983/3710/3667
f 3984/3713/3668 4048/3775/3668 4047/3776/3668
f 3985/3712/3669 4049/3777/3669 4048/3775/3669
f 3987/3715/3670 4049/3777/3670 3986/3714/3670
f 3987/3715/3671 4051/3778/3671 4050/3779/3671
f 3989/3718/3672 4051/3778/3672 3988/3716/3672
f 3989/3718/3673 4053/3780/3673 4052/3781/3673
f 3990/3717/3674 4054/3782/3674 4053/3780/3674
f 3992/3719/3675 4054/3782/3675 3991/3720/3675
f 3992/3719/3676 4056/3783/3676 4055/3784/3676
f 3993/3721/3677 4057/3785/3677 4056/3783/3677
f 3995/3722/3678 4057/3785/3678 3994/3723/3678
f 3995/3722/3679 4059/3786/3679 4058/3787/3679
f 3996/3724/3680 4060/3788/3680 4059/3786/3680
f 3998/3727/3681 4060/3788/3681 3997/3725/3681
f 3998/3727/3682 4062/3789/3682 4061/3790/3682
f 4000/3729/3683 4062/3789/3683 3999/3726/3683
f 4001/3728/3684 4063/3791/3684 4000/3729/3684
f 4001/3728/3685 4065/3792/3685 4064/3793/3685
f 4002/3730/3686 4066/3794/3686 4065/3792/3686
f 4004/3733/3687 4066/3794/3687 4003/3731/3687
f 4005/3732/3688 4067/3795/3688 4004/3733/3688
f 4005/3732/3689 4069/3796/3689 4068/3797/3689
f 4006/3734/3690 4070/3798/3690 4069/3796/3690
f 4008/3737/3691 4070/3798/3691 4007/3735/3691
f 4008/3737/3692 4072/3799/3692 4071/3800/3692
f 4009/3736/3693 4073/3801/3693 4072/3799/3693
f 4011/3739/3694 4073/3801/3694 4010/3738/3694
f 4012/3741/3695 4074/3802/3695 4011/3739/3695
f 4012/3741/3696 4076/3803/3696 4075/3804/3696
f 4013/3740/3697 4077/3805/3697 4076/3803/3697
f 4015/3743/3698 4077/3805/3698 4014/3742/3698
f 4015/3743/3699 4079/3806/3699 4078/3807/3699
f 4017/3746/3700 4079/3806/3700 4016/3744/3700
f 4018/3745/3701 4080/3808/3701 4017/3746/3701
f 4019/3747/3702 4081/3809/3702 4018/3745/3702
f 4019/3747/3703 4083/3810/3703 4082/3811/3703
f 4020/3749/3704 4084/3812/3704 4083/3810/3704
f 4021/3748/3705 4085/3813/3705 4084/3812/3705
f 4023/3752/3706 4085/3813/3706 4022/3750/3706
f 4024/3751/3707 4086/3814/3707 4023/3752/3707
f 4024/3751/3708 4088/3815/3708 4087/3816/3708
f 4026/3754/3709 4088/3815/3709 4025/3753/3709
f 4026/3754/3710 4090/3817/3710 4089/3818/3710
f 4027/3756/3711 4091/3819/3711 4090/3817/3711
f 4028/3755/3712 4092/3820/3712 4091/3819/3712
f 4030/3758/3713 4092/3820/3713 4029/3757/3713
f 4031/3759/3714 4093/3821/3714 4030/3758/3714
f 4032/3761/3715 4094/3822/3715 4031/3759/3715
f 4032/3761/3716 4096/3823/3716 4095/3824/3716
f 4034/3762/3717 4096/3823/3717 4033/3760/3717
f 4034/3762/3718 4098/3825/3718 4097/3826/3718
f 4036/3827/2130 4098/3825/2130 4035/3764/2130
f 4038/3765/3719 4100/3828/3719 4037/3766/3719
f 4039/3768/3720 4101/3829/3720 4038/3765/3720
f 4040/3767/3721 4102/3830/3721 4039/3768/3721
f 4041/3769/3722 4103/3831/3722 4040/3767/3722
f 4041/3769/3723 4105/3832/3723 4104/3833/3723
f 4043/3770/3724 4105/3832/3724 4042/3771/3724
f 4043/3770/3725 4107/3834/3725 4106/3835/3725
f 4044/3772/3726 4108/3836/3726 4107/3834/3726
f 4046/3774/3727 4108/3836/3727 4045/3773/3727
f 4046/3774/3728 4110/3837/3728 4109/3838/3728
f 4048/3775/3729 4110/3837/3729 4047/3776/3729
f 4049/3777/3730 4111/3839/3730 4048/3775/3730
f 4050/3779/3731 4112/3840/3731 4049/3777/3731
f 4051/3778/3732 4113/3841/3732 4050/3779/3732
f 4051/3778/3733 4115/3842/3733 4114/3843/3733
f 4053/3780/3734 4115/3842/3734 4052/3781/3734
f 4053/3780/3735 4117/3844/3735 4116/3845/3735
f 4055/3784/3736 4117/3844/3736 4054/3782/3736
f 4056/3783/3737 4118/3846/3737 4055/3784/3737
f 4056/3783/3738 4120/3847/3738 4119/3848/3738
f 4057/3785/3739 4121/3849/3739 4120/3847/3739
f 4059/3786/3740 4121/3849/3740 4058/3787/3740
f 4059/3786/3741 4123/3850/3741 4122/3851/3741
f 4060/3788/3742 4124/3852/3742 4123/3850/3742
f 4062/3789/3743 4124/3852/3743 4061/3790/3743
f 4062/3789/3744 4126/3853/3744 4125/3854/3744
f 4063/3791/3745 4127/3855/3745 4126/3853/3745
f 4065/3792/3746 4127/3855/3746 4064/3793/3746
f 4066/3794/3747 4128/3856/3747 4065/3792/3747
f 4066/3794/3748 4130/3857/3748 4129/3858/3748
f 4068/3797/3749 4130/3857/3749 4067/3795/3749
f 4068/3797/3750 4132/3859/3750 4131/3860/3750
f 4069/3796/3751 4133/3861/3751 4132/3859/3751
f 4071/3800/3752 4133/3861/3752 4070/3798/3752
f 4072/3799/3753 4134/3862/3753 4071/3800/3753
f 4073/3801/3754 4135/3863/3754 4072/3799/3754
f 4074/3802/3755 4136/3864/3755 4073/3801/3755
f 4075/3804/3756 4137/3865/3756 4074/3802/3756
f 4076/3803/3757 4138/3866/3757 4075/3804/3757
f 4076/3803/3758 4140/3867/3758 4139/3868/3758
f 4078/3807/3759 4140/3867/3759 4077/3805/3759
f 4078/3807/3760 4142/3869/3760 4141/3870/3760
f 4080/3808/3761 4142/3869/3761 4079/3806/3761
f 4081/3809/3762 4143/3871/3762 4080/3808/3762
f 4081/3809/3763 4145/3872/3763 4144/3873/3763
f 4082/3811/3764 4146/3874/3764 4145/3872/3764
f 4084/3812/3765 4146/3874/3765 4083/3810/3765
f 4085/3813/3766 4147/3875/3766 4084/3812/3766
f 4085/3813/3767 4149/3876/3767 4148/3877/3767
f 4087/3816/3768 4149/3876/3768 4086/3814/3768
f 4087/3816/3769 4151/3878/3769 4150/3879/3769
f 4089/3818/3770 4151/3878/3770 4088/3815/3770
f 4090/3817/3771 4152/3880/3771 4089/3818/3771
f 4090/3817/3772 4154/3881/3772 4153/3882/3772
f 4092/3820/3773 4154/3881/3773 4091/3819/3773
f 4093/3821/3774 4155/3883/3774 4092/3820/3774
f 4094/3822/3775 4156/3884/3775 4093/3821/3775
f 4095/3824/3776 4157/3885/3776 4094/3822/3776
f 4096/3823/3777 4158/3886/3777 4095/3824/3777
f 4097/3826/3778 4159/3887/3778 4096/3823/3778
f 4097/3826/3779 4161/3888/3779 4160/3889/3779
f 4099/3890/3780 4161/3888/3780 4098/3825/3780
f 4100/3828/3781 4164/3891/3781 4163/3892/3781
f 4102/3830/3782 4164/3891/3782 4101/3829/3782
f 4102/3830/3783 4166/3893/3783 4165/3894/3783
f 4104/3833/3784 4166/3893/3784 4103/3831/3784
f 4104/3833/3785 4168/3895/3785 4167/3896/3785
f 4106/3835/3786 4168/3895/3786 4105/3832/3786
f 4107/3834/3787 4169/3897/3787 4106/3835/3787
f 4108/3836/3788 4170/3898/3788 4107/3834/3788
f 4108/3836/3789 4172/3899/3789 4171/3900/3789
f 4110/3837/3790 4172/3899/3790 4109/3838/3790
f 4111/3839/3791 4173/3901/3791 4110/3837/3791
f 4112/3840/3792 4174/3902/3792 4111/3839/3792
f 4112/3840/3793 4176/3903/3793 4175/3904/3793
f 4114/3843/3794 4176/3903/3794 4113/3841/3794
f 4115/3842/3795 4177/3905/3795 4114/3843/3795
f 4116/3845/3796 4178/3906/3796 4115/3842/3796
f 4116/3845/3797 4180/3907/3797 4179/3908/3797
f 4117/3844/3798 4181/3909/3798 4180/3907/3798
f 4119/3848/3799 4181/3909/3799 4118/3846/3799
f 4120/3847/3800 4182/3910/3800 4119/3848/3800
f 4120/3847/3801 4184/3911/3801 4183/3912/3801
f 4121/3849/3802 4185/3913/3802 4184/3911/3802
f 4123/3850/3803 4185/3913/3803 4122/3851/3803
f 4124/3852/3804 4186/3914/3804 4123/3850/3804
f 4125/3854/3805 4187/3915/3805 4124/3852/3805
f 4126/3853/3806 4188/3916/3806 4125/3854/3806
f 4126/3853/3807 4190/3917/3807 4189/3918/3807
f 4127/3855/3808 4191/3919/3808 4190/3917/3808
f 4128/3856/3809 4192/3920/3809 4191/3919/3809
f 4130/3857/3810 4192/3920/3810 4129/3858/3810
f 4131/3860/3811 4193/3921/3811 4130/3857/3811
f 4132/3859/3812 4194/3922/3812 4131/3860/3812
f 4132/3859/3813 4196/3923/3813 4195/3924/3813
f 4133/3861/3814 4197/3925/3814 4196/3923/3814
f 4135/3863/3815 4197/3925/3815 4134/3862/3815
f 4135/3863/3816 4199/3926/3816 4198/3927/3816
f 4137/3865/3817 4199/3926/3817 4136/3864/3817
f 4137/3865/3818 4201/3928/3818 4200/3929/3818
f 4138/3866/3819 4202/3930/3819 4201/3928/3819
f 4139/3868/3820 4203/3931/3820 4202/3930/3820
f 4141/3870/3821 4203/3931/3821 4140/3867/3821
f 4142/3869/3822 4204/3932/3822 4141/3870/3822
f 4143/3871/3823 4205/3933/3823 4142/3869/3823
f 4143/3871/3824 4207/3934/3824 4206/3935/3824
f 4144/3873/3825 4208/3936/3825 4207/3934/3825
f 4145/3872/3826 4209/3937/3826 4208/3936/3826
f 4146/3874/3827 4210/3938/3827 4209/3937/3827
f 4147/3875/3828 4211/3939/3828 4210/3938/3828
f 4148/3877/3829 4212/3940/3829 4211/3939/3829
f 4150/3879/3830 4212/3940/3830 4149/3876/3830
f 4150/3879/3831 4214/3941/3831 4213/3942/3831
f 4151/3878/3832 4215/3943/3832 4214/3941/3832
f 4153/3882/3833 4215/3943/3833 4152/3880/3833
f 4154/3881/3834 4216/3944/3834 4153/3882/3834
f 4154/3881/3835 4218/3945/3835 4217/3946/3835
f 4155/3883/3836 4219/3947/3836 4218/3945/3836
f 4157/3885/3837 4219/3947/3837 4156/3884/3837
f 4157/3885/3838 4221/3948/3838 4220/3949/3838
f 4159/3887/3839 4221/3948/3839 4158/3886/3839
f 4159/3887/3840 4223/3950/3840 4222/3951/3840
f 4161/3888/3841 4223/3950/3841 4160/3889/3841
f 4161/3888/3842 4225/3952/3842 4224/3953/3842
f 68/3954/3843 67/3955/3843 1/3956/3843
f 68/3954/3844 258/5/3844 257/1/3844
f 70/3957/3845 258/5/3845 69/3958/3845
f 71/3959/3846 259/4/3846 70/3957/3846
f 72/3960/3847 260/6/3847 71/3959/3847
f 73/3961/3848 261/10/3848 72/3960/3848
f 74/3962/3849 262/12/3849 73/3961/3849
f 74/3962/3850 264/17/3850 263/14/3850
f 76/3963/3851 264/17/3851 75/3964/3851
f 77/3965/3852 265/16/3852 76/3963/3852
f 78/3966/3853 266/21/3853 77/3965/3853
f 79/3967/3854 267/20/3854 78/3966/3854
f 80/3968/3855 268/22/3855 79/3967/3855
f 81/3969/3856 269/27/3856 80/3968/3856
f 82/3970/3857 270/26/3857 81/3969/3857
f 83/3971/3858 271/31/3858 82/3970/3858
f 83/3971/3859 273/32/3859 272/30/3859
f 85/3972/3860 273/32/3860 84/3973/3860
f 86/3974/3861 274/37/3861 85/3972/3861
f 86/3974/3862 276/41/3862 275/36/3862
f 88/3975/3863 276/41/3863 87/3976/3863
f 88/3975/3864 278/44/3864 277/40/3864
f 90/3977/3865 278/44/3865 89/3978/3865
f 91/3979/3866 279/46/3866 90/3977/3866
f 92/3980/3867 280/48/3867 91/3979/3867
f 92/3980/3868 282/50/3868 281/51/3868
f 94/3981/3869 282/50/3869 93/3982/3869
f 94/3981/3870 284/57/3870 283/54/3870
f 95/3983/3871 285/56/3871 284/57/3871
f 97/3984/3872 285/56/3872 96/3985/3872
f 98/3986/3873 286/61/3873 97/3984/3873
f 98/3986/3874 288/65/3874 287/60/3874
f 100/3987/3875 288/65/3875 99/3988/3875
f 100/3987/3876 290/69/3876 289/64/3876
f 102/3989/3877 290/69/3877 101/3990/3877
f 103/3991/3878 291/68/3878 102/3989/3878
f 103/3991/3879 293/72/3879 292/73/3879
f 104/3992/3880 294/74/3880 293/72/3880
f 106/3993/3881 294/74/3881 105/3994/3881
f 106/3993/3882 296/78/3882 295/76/3882
f 107/3995/3883 297/80/3883 296/78/3883
f 108/3996/3884 298/82/3884 297/80/3884
f 110/3997/3885 298/82/3885 109/3998/3885
f 110/3997/3886 300/89/3886 299/84/3886
f 112/3999/3887 300/89/3887 111/4000/3887
f 112/3999/3888 302/90/3888 301/88/3888
f 113/4001/3889 303/92/3889 302/90/3889
f 114/4002/3890 304/97/3890 303/92/3890
f 115/4003/3891 305/96/3891 304/97/3891
f 116/4004/3892 306/98/3892 305/96/3892
f 118/4005/3893 306/98/3893 117/4006/3893
f 118/4005/3894 308/102/3894 307/103/3894
f 119/4007/3895 309/104/3895 308/102/3895
f 121/4008/3896 309/104/3896 120/4009/3896
f 121/4008/3897 311/108/3897 310/106/3897
f 122/4010/3898 312/113/3898 311/108/3898
f 124/4011/3899 312/113/3899 123/4012/3899
f 124/4011/3900 314/114/3900 313/112/3900
f 125/4013/3901 315/116/3901 314/114/3901
f 126/4014/3902 316/121/3902 315/116/3902
f 127/4015/3903 317/120/3903 316/121/3903
f 128/4016/3904 318/125/3904 317/120/3904
f 130/4017/3905 318/125/3905 129/4018/3905
f 130/4017/3906 131/4019/3906 319/124/3906
f 131/4019/3907 382/4020/3907 319/124/3907
f 382/4020/3908 133/4021/3908 445/188/3908
f 445/188/3909 134/4022/3909 508/4023/3909
f 508/4023/3910 135/4024/3910 571/313/3910
f 135/4024/3911 634/4025/3911 571/313/3911
f 634/4025/3912 137/4026/3912 697/438/3912
f 697/438/3913 138/4027/3913 760/563/3913
f 760/563/3914 139/4028/3914 823/625/3914
f 823/625/3915 140/4029/3915 886/4030/3915
f 886/4030/3916 141/4031/3916 949/689/3916
f 949/689/3917 142/4032/3917 1012/813/3917
f 142/4032/3918 1075/4033/3918 1012/813/3918
f 1075/4033/3919 144/4034/3919 1138/877/3919
f 1138/877/3920 145/4035/3920 1201/1001/3920
f 145/4035/3921 1264/4036/3921 1201/1001/3921
f 1264/4036/3922 147/4037/3922 1327/1065/3922
f 147/4037/3923 1390/4038/3923 1327/1065/3923
f 148/4039/3924 1453/1189/3924 1390/4038/3924
f 149/4040/3925 1516/4041/3925 1453/1189/3925
f 150/4042/3926 1579/1315/3926 1516/4041/3926
f 151/4043/3927 1642/1378/3927 1579/1315/3927
f 152/4044/3928 1705/1440/3928 1642/1378/3928
f 153/4045/3929 1768/1504/3929 1705/1440/3929
f 154/4046/3930 1831/1629/3930 1768/1504/3930
f 155/4047/3931 1894/1691/3931 1831/1629/3931
f 1894/1691/3932 157/4048/3932 1957/1755/3932
f 157/4048/3933 2020/4049/3933 1957/1755/3933
f 158/4050/3934 2083/1817/3934 2020/4049/3934
f 2083/1817/3935 160/4051/3935 2146/1943/3935
f 160/4051/3936 2209/2005/3936 2146/1943/3936
f 161/4052/3937 2272/4053/3937 2209/2005/3937
f 162/4054/3938 2335/2069/3938 2272/4053/3938
f 163/4055/3939 2398/2131/3939 2335/2069/3939
f 2398/2131/3940 165/4056/3940 2461/2256/3940
f 165/4056/3941 2524/2319/3941 2461/2256/3941
f 166/4057/3942 2587/4058/3942 2524/2319/3942
f 2587/4058/3943 168/4059/3943 2650/2382/3943
f 168/4059/3944 2713/4060/3944 2650/2382/3944
f 2713/4060/3945 170/4061/3945 2776/2508/3945
f 170/4061/3946 2839/2571/3946 2776/2508/3946
f 171/4062/3947 2902/2695/3947 2839/2571/3947
f 172/4063/3948 2965/2758/3948 2902/2695/3948
f 173/4064/3949 3028/4065/3949 2965/2758/3949
f 174/4066/3950 3091/2822/3950 3028/4065/3950
f 175/4067/3951 3154/2884/3951 3091/2822/3951
f 176/4068/3952 3217/2948/3952 3154/2884/3952
f 177/4069/3953 3280/4070/3953 3217/2948/3953
f 178/4071/3954 3343/3072/3954 3280/4070/3954
f 179/4072/3955 3406/3197/3955 3343/3072/3955
f 3406/3197/3956 181/4073/3956 3469/4074/3956
f 181/4073/3957 3532/3260/3957 3469/4074/3957
f 182/4075/3958 3595/3324/3958 3532/3260/3958
f 183/4076/3959 3658/3386/3959 3595/3324/3959
f 184/4077/3960 3721/3449/3960 3658/3386/3960
f 3721/3449/3961 186/4078/3961 3784/3512/3961
f 186/4078/3962 3847/3575/3962 3784/3512/3962
f 187/4079/3963 3910/3638/3963 3847/3575/3963
f 3910/3638/3964 189/4080/3964 3973/3763/3964
f 189/4080/3965 4036/3827/3965 3973/3763/3965
f 190/4081/3966 4099/3890/3966 4036/3827/3966
f 4099/3890/3967 192/4082/3967 4162/4083/3967
f 4162/4083/3968 193/4084/3968 4225/3952/3968
f 193/4084/3969 194/4085/3969 4225/3952/3969
f 4225/3952/3970 195/4086/3970 4224/3953/3970
f 4224/3953/3971 196/4087/3971 4223/3950/3971
f 4223/3950/3972 197/4088/3972 4222/3951/3972
f 4222/3951/3973 198/4089/3973 4221/3948/3973
f 4220/3949/3974 198/4089/3974 199/4090/3974
f 4220/3949/3975 200/4091/3975 4219/3947/3975
f 4219/3947/3976 201/4092/3976 4218/3945/3976
f 4217/3946/3977 201/4092/3977 202/4093/3977
f 4217/3946/3978 203/4094/3978 4216/3944/3978
f 4216/3944/3979 204/4095/3979 4215/3943/3979
f 4215/3943/3980 205/4096/3980 4214/3941/3980
f 4213/3942/3981 205/4096/3981 206/4097/3981
f 4213/3942/3982 207/4098/3982 4212/3940/3982
f 4212/3940/3983 208/4099/3983 4211/3939/3983
f 4210/3938/3984 208/4099/3984 209/4100/3984
f 4210/3938/3985 210/4101/3985 4209/3937/3985
f 4209/3937/3986 211/4102/3986 4208/3936/3986
f 4207/3934/3987 211/4102/3987 212/4103/3987
f 4206/3935/3988 212/4103/3988 213/4104/3988
f 4205/3933/3989 213/4104/3989 214/4105/3989
f 4204/3932/3990 214/4105/3990 215/4106/3990
f 4203/3931/3991 215/4106/3991 216/4107/3991
f 4203/3931/3992 217/4108/3992 4202/3930/3992
f 4202/3930/3993 218/4109/3993 4201/3928/3993
f 4200/3929/3994 218/4109/3994 219/4110/3994
f 4200/3929/3995 220/4111/3995 4199/3926/3995
f 4198/3927/3996 220/4111/3996 221/4112/3996
f 4197/3925/3997 221/4112/3997 222/4113/3997
f 4197/3925/3998 223/4114/3998 4196/3923/3998
f 4195/3924/3999 223/4114/3999 224/4115/3999
f 4194/3922/4000 224/4115/4000 225/4116/4000
f 4194/3922/4001 226/4117/4001 4193/3921/4001
f 4192/3920/4002 226/4117/4002 227/4118/4002
f 4191/3919/4003 227/4118/4003 228/4119/4003
f 4191/3919/4004 229/4120/4004 4190/3917/4004
f 4190/3917/4005 230/4121/4005 4189/3918/4005
f 4189/3918/4006 231/4122/4006 4188/3916/4006
f 4187/3915/4007 231/4122/4007 232/4123/4007
f 4186/3914/4008 232/4123/4008 233/4124/4008
f 4186/3914/4009 234/4125/4009 4185/3913/4009
f 4184/3911/4010 234/4125/4010 235/4126/4010
f 4184/3911/4011 236/4127/4011 4183/3912/4011
f 4183/3912/4012 237/4128/4012 4182/3910/4012
f 4182/3910/4013 238/4129/4013 4181/3909/4013
f 4180/3907/4014 238/4129/4014 239/4130/4014
f 4179/3908/4015 239/4130/4015 240/4131/4015
f 4179/3908/4016 241/4132/4016 4178/3906/4016
f 4177/3905/4017 241/4132/4017 242/4133/4017
f 4176/3903/4018 242/4133/4018 243/4134/4018
f 4175/3904/4019 243/4134/4019 244/4135/4019
f 4175/3904/4020 245/4136/4020 4174/3902/4020
f 4173/3901/4021 245/4136/4021 246/4137/4021
f 4173/3901/4022 247/4138/4022 4172/3899/4022
f 4171/3900/4023 247/4138/4023 248/4139/4023
f 4171/3900/4024 249/4140/4024 4170/3898/4024
f 4169/3897/4025 249/4140/4025 250/4141/4025
f 4168/3895/4026 250/4141/4026 251/4142/4026
f 4167/3896/4027 251/4142/4027 252/4143/4027
f 4167/3896/4028 253/4144/4028 4166/3893/4028
f 4165/3894/4029 253/4144/4029 254/4145/4029
f 4165/3894/4030 255/4146/4030 4164/3891/4030
f 4163/3892/4031 255/4146/4031 256/4147/4031
f 5/4148/4032 256/4147/4032 3/4149/4032
f 4100/3828/4033 5/4148/4033 6/4150/4033
f 4037/3766/4034 6/4150/4034 7/4151/4034
f 8/4152/4035 4037/3766/4035 7/4151/4035
f 3911/3640/4036 8/4152/4036 9/4153/4036
f 10/4154/4037 3911/3640/4037 9/4153/4037
f 11/4155/4038 3848/3577/4038 10/4154/4038
f 12/4156/4039 3785/3514/4039 11/4155/4039
f 3659/3389/4040 12/4156/4040 13/4157/4040
f 14/4158/4041 3659/3389/4041 13/4157/4041
f 3533/3262/4042 14/4158/4042 15/4159/4042
f 16/4160/4043 3533/3262/4043 15/4159/4043
f 3407/3137/4044 16/4160/4044 17/4161/4044
f 3344/3074/4045 17/4161/4045 18/4162/4045
f 19/4163/4046 3344/3074/4046 18/4162/4046
f 3218/2950/4047 19/4163/4047 20/4164/4047
f 3155/2887/4048 20/4164/4048 21/4165/4048
f 22/4166/4049 3155/2887/4049 21/4165/4049
f 3029/2760/4050 22/4166/4050 23/4167/4050
f 24/4168/4051 3029/2760/4051 23/4167/4051
f 2903/2635/4052 24/4168/4052 25/4169/4052
f 2840/2572/4053 25/4169/4053 26/4170/4053
f 27/4171/4054 2840/2572/4054 26/4170/4054
f 28/4172/4055 2777/2510/4055 27/4171/4055
f 2651/2385/4056 28/4172/4056 29/4173/4056
f 30/4174/4057 2651/2385/4057 29/4173/4057
f 2525/2259/4058 30/4174/4058 31/4175/4058
f 2462/2196/4059 31/4175/4059 32/4176/4059
f 33/4177/4060 2462/2196/4060 32/4176/4060
f 2336/2070/4061 33/4177/4061 34/4178/4061
f 2273/2008/4062 34/4178/4062 35/4179/4062
f 36/4180/4063 2273/2008/4063 35/4179/4063
f 2147/1882/4064 36/4180/4064 37/4181/4064
f 38/4182/4065 2147/1882/4065 37/4181/4065
f 2021/1756/4066 38/4182/4066 39/4183/4066
f 40/4184/4067 2021/1756/4067 39/4183/4067
f 41/4185/4068 1958/1694/4068 40/4184/4068
f 1832/1567/4069 41/4185/4069 42/4186/4069
f 1769/1506/4070 42/4186/4070 43/4187/4070
f 44/4188/4071 1769/1506/4071 43/4187/4071
f 45/4189/4072 1706/1443/4072 44/4188/4072
f 1580/1316/4073 45/4189/4073 46/4190/4073
f 47/4191/4074 1580/1316/4074 46/4190/4074
f 48/4192/4075 1517/1253/4075 47/4191/4075
f 1391/1128/4076 48/4192/4076 49/4193/4076
f 50/4194/4077 1391/1128/4077 49/4193/4077
f 1265/1003/4078 50/4194/4078 51/4195/4078
f 1202/940/4079 51/4195/4079 52/4196/4079
f 1139/879/4080 52/4196/4080 53/4197/4080
f 1076/815/4081 53/4197/4081 54/4198/4081
f 1013/753/4082 54/4198/4082 55/4199/4082
f 56/4200/4083 1013/753/4083 55/4199/4083
f 887/627/4084 56/4200/4084 57/4201/4084
f 824/564/4085 57/4201/4085 58/4202/4085
f 761/502/4086 58/4202/4086 59/4203/4086
f 60/4204/4087 761/502/4087 59/4203/4087
f 635/376/4088 60/4204/4088 61/4205/4088
f 572/315/4089 61/4205/4089 62/4206/4089
f 63/4207/4090 572/315/4090 62/4206/4090
f 446/189/4091 63/4207/4091 64/4208/4091
f 383/126/4092 64/4208/4092 65/4209/4092
f 66/4210/4093 383/126/4093 65/4209/4093
f 257/1/4094 66/4210/4094 67/3955/4094
f 257/1/4095 258/5/4095 321/2/4095
f 259/4/4096 322/7/4096 321/2/4096
f 260/6/4097 323/9/4097 322/7/4097
f 260/6/4098 261/10/4098 324/8/4098
f 261/10/4099 262/12/4099 325/11/4099
f 262/12/4100 263/14/4100 326/13/4100
f 263/14/4101 264/17/4101 327/15/4101
f 265/16/4102 328/19/4102 327/15/4102
f 265/16/4103 266/21/4103 329/18/4103
f 267/20/4104 330/23/4104 329/18/4104
f 268/22/4105 331/25/4105 330/23/4105
f 268/22/4106 269/27/4106 332/24/4106
f 270/26/4107 333/29/4107 332/24/4107
f 270/26/4108 271/31/4108 334/28/4108
f 272/30/4109 335/33/4109 334/28/4109
f 273/32/4110 336/35/4110 335/33/4110
f 273/32/4111 274/37/4111 337/34/4111
f 275/36/4112 338/39/4112 337/34/4112
f 275/36/4113 276/41/4113 339/38/4113
f 277/40/4114 340/43/4114 339/38/4114
f 277/40/4115 278/44/4115 341/42/4115
f 278/44/4116 279/46/4116 342/45/4116
f 279/46/4117 280/48/4117 343/47/4117
f 280/48/4118 281/51/4118 344/49/4118
f 282/50/4119 345/53/4119 344/49/4119
f 282/50/4120 283/54/4120 346/52/4120
f 283/54/4121 284/57/4121 347/55/4121
f 285/56/4122 348/59/4122 347/55/4122
f 285/56/4123 286/61/4123 349/58/4123
f 287/60/4124 350/63/4124 349/58/4124
f 287/60/4125 288/65/4125 351/62/4125
f 289/64/4126 352/67/4126 351/62/4126
f 289/64/4127 290/69/4127 353/66/4127
f 291/68/4128 354/71/4128 353/66/4128
f 291/68/4129 292/73/4129 355/70/4129
f 293/72/4130 356/75/4130 355/70/4130
f 294/74/4131 357/77/4131 356/75/4131
f 295/76/4132 358/79/4132 357/77/4132
f 296/78/4133 359/81/4133 358/79/4133
f 297/80/4134 360/83/4134 359/81/4134
f 298/82/4135 361/85/4135 360/83/4135
f 299/84/4136 362/87/4136 361/85/4136
f 299/84/4137 300/89/4137 363/86/4137
f 301/88/4138 364/91/4138 363/86/4138
f 302/90/4139 365/93/4139 364/91/4139
f 303/92/4140 366/95/4140 365/93/4140
f 303/92/4141 304/97/4141 367/94/4141
f 305/96/4142 368/99/4142 367/94/4142
f 306/98/4143 369/101/4143 368/99/4143
f 306/98/4144 307/103/4144 370/100/4144
f 308/102/4145 371/105/4145 370/100/4145
f 309/104/4146 372/107/4146 371/105/4146
f 310/106/4147 373/109/4147 372/107/4147
f 311/108/4148 374/111/4148 373/109/4148
f 311/108/4149 312/113/4149 375/110/4149
f 313/112/4150 376/115/4150 375/110/4150
f 314/114/4151 377/117/4151 376/115/4151
f 315/116/4152 378/119/4152 377/117/4152
f 315/116/4153 316/121/4153 379/118/4153
f 317/120/4154 380/123/4154 379/118/4154
f 317/120/4155 318/125/4155 381/122/4155
f 319/124/4156 382/4020/4156 381/122/4156
f 321/2/4157 384/127/4157 383/126/4157
f 322/7/4158 385/128/4158 384/127/4158
f 323/9/4159 386/130/4159 385/128/4159
f 323/9/4160 324/8/4160 387/129/4160
f 325/11/4161 388/131/4161 387/129/4161
f 326/13/4162 389/132/4162 388/131/4162
f 327/15/4163 390/133/4163 389/132/4163
f 328/19/4164 391/135/4164 390/133/4164
f 328/19/4165 329/18/4165 392/134/4165
f 330/23/4166 393/136/4166 392/134/4166
f 331/25/4167 394/137/4167 393/136/4167
f 332/24/4168 395/138/4168 394/137/4168
f 333/29/4169 396/140/4169 395/138/4169
f 333/29/4170 334/28/4170 397/139/4170
f 334/28/4171 335/33/4171 398/141/4171
f 335/33/4172 336/35/4172 399/142/4172
f 336/35/4173 337/34/4173 400/143/4173
f 337/34/4174 338/39/4174 401/144/4174
f 339/38/4175 402/145/4175 401/144/4175
f 340/43/4176 403/146/4176 402/145/4176
f 341/42/4177 404/148/4177 403/146/4177
f 341/42/4178 342/45/4178 405/147/4178
f 343/47/4179 406/149/4179 405/147/4179
f 344/49/4180 407/151/4180 406/149/4180
f 344/49/4181 345/53/4181 408/150/4181
f 346/52/4182 409/152/4182 408/150/4182
f 347/55/4183 410/153/4183 409/152/4183
f 348/59/4184 411/155/4184 410/153/4184
f 348/59/4185 349/58/4185 412/154/4185
f 350/63/4186 413/157/4186 412/154/4186
f 350/63/4187 351/62/4187 414/156/4187
f 351/62/4188 352/67/4188 415/158/4188
f 352/67/4189 353/66/4189 416/159/4189
f 354/71/4190 417/161/4190 416/159/4190
f 354/71/4191 355/70/4191 418/160/4191
f 355/70/4192 356/75/4192 419/162/4192
f 356/75/4193 357/77/4193 420/163/4193
f 358/79/4194 421/164/4194 420/163/4194
f 359/81/4195 422/166/4195 421/164/4195
f 359/81/4196 360/83/4196 423/165/4196
f 360/83/4197 361/85/4197 424/167/4197
f 362/87/4198 425/168/4198 424/167/4198
f 363/86/4199 426/169/4199 425/168/4199
f 364/91/4200 427/171/4200 426/169/4200
f 364/91/4201 365/93/4201 428/170/4201
f 366/95/4202 429/172/4202 428/170/4202
f 367/94/4203 430/174/4203 429/172/4203
f 367/94/4204 368/99/4204 431/173/4204
f 369/101/4205 432/176/4205 431/173/4205
f 369/101/4206 370/100/4206 433/175/4206
f 370/100/4207 371/105/4207 434/177/4207
f 371/105/4208 372/107/4208 435/178/4208
f 372/107/4209 373/109/4209 436/179/4209
f 374/111/4210 437/181/4210 436/179/4210
f 374/111/4211 375/110/4211 438/180/4211
f 375/110/4212 376/115/4212 439/182/4212
f 376/115/4213 377/117/4213 440/183/4213
f 377/117/4214 378/119/4214 441/184/4214
f 378/119/4215 379/118/4215 442/185/4215
f 379/118/4216 380/123/4216 443/186/4216
f 380/123/4217 381/122/4217 444/187/4217
f 381/122/4218 382/4020/4218 445/188/4218
f 384/127/4219 447/190/4219 446/189/4219
f 385/128/4220 448/191/4220 447/190/4220
f 386/130/4221 449/193/4221 448/191/4221
f 386/130/4222 387/129/4222 450/192/4222
f 388/131/4223 451/195/4223 450/192/4223
f 388/131/4224 389/132/4224 452/194/4224
f 390/133/4225 453/196/4225 452/194/4225
f 391/135/4226 454/198/4226 453/196/4226
f 391/135/4227 392/134/4227 455/197/4227
f 393/136/4228 456/199/4228 455/197/4228
f 394/137/4229 457/201/4229 456/199/4229
f 394/137/4230 395/138/4230 458/200/4230
f 396/140/4231 459/202/4231 458/200/4231
f 397/139/4232 460/203/4232 459/202/4232
f 398/141/4233 461/204/4233 460/203/4233
f 399/142/4234 462/205/4234 461/204/4234
f 400/143/4235 463/206/4235 462/205/4235
f 401/144/4236 464/208/4236 463/206/4236
f 401/144/4237 402/145/4237 465/207/4237
f 403/146/4238 466/209/4238 465/207/4238
f 404/148/4239 467/211/4239 466/209/4239
f 404/148/4240 405/147/4240 468/210/4240
f 405/147/4241 406/149/4241 469/212/4241
f 406/149/4242 407/151/4242 470/213/4242
f 407/151/2044 408/150/2044 471/214/2044
f 409/152/4243 472/216/4243 471/214/4243
f 409/152/4244 410/153/4244 473/215/4244
f 410/153/4245 411/155/4245 474/217/4245
f 411/155/4246 412/154/4246 475/218/4246
f 413/157/4247 476/220/4247 475/218/4247
f 413/157/4248 414/156/4248 477/219/4248
f 415/158/4249 478/222/4249 477/219/4249
f 415/158/4250 416/159/4250 479/221/4250
f 417/161/4251 480/224/4251 479/221/4251
f 417/161/4252 418/160/4252 481/223/4252
f 419/162/4253 482/226/4253 481/223/4253
f 419/162/4254 420/163/4254 483/225/4254
f 420/163/4255 421/164/4255 484/227/4255
f 422/166/4256 485/228/4256 484/227/4256
f 423/165/4257 486/229/4257 485/228/4257
f 424/167/4258 487/231/4258 486/229/4258
f 424/167/4259 425/168/4259 488/230/4259
f 425/168/4260 426/169/4260 489/232/4260
f 427/171/4261 490/234/4261 489/232/4261
f 427/171/4262 428/170/4262 491/233/4262
f 428/170/4263 429/172/4263 492/235/4263
f 430/174/4264 493/237/4264 492/235/4264
f 430/174/4265 431/173/4265 494/236/4265
f 432/176/4266 495/238/4266 494/236/4266
f 433/175/4267 496/240/4267 495/238/4267
f 433/175/4268 434/177/4268 497/239/4268
f 435/178/4269 498/241/4269 497/239/4269
f 436/179/4270 499/242/4270 498/241/4270
f 437/181/4271 500/244/4271 499/242/4271
f 437/181/4272 438/180/4272 501/243/4272
f 438/180/4273 439/182/4273 502/245/4273
f 440/183/4274 503/246/4274 502/245/4274
f 441/184/4275 504/248/4275 503/246/4275
f 441/184/4276 442/185/4276 505/247/4276
f 442/185/4277 443/186/4277 506/249/4277
f 443/186/4278 444/187/4278 507/250/4278
f 445/188/4279 508/4023/4279 507/250/4279
f 447/190/4280 510/252/4280 509/251/4280
f 448/191/4281 511/254/4281 510/252/4281
f 448/191/4282 449/193/4282 512/253/4282
f 449/193/4283 450/192/4283 513/255/4283
f 451/195/4284 514/256/4284 513/255/4284
f 452/194/4285 515/258/4285 514/256/4285
f 452/194/4286 453/196/4286 516/257/4286
f 454/198/4287 517/260/4287 516/257/4287
f 454/198/4288 455/197/4288 518/259/4288
f 456/199/4289 519/262/4289 518/259/4289
f 456/199/4290 457/201/4290 520/261/4290
f 458/200/4291 521/264/4291 520/261/4291
f 458/200/4292 459/202/4292 522/263/4292
f 460/203/4293 523/265/4293 522/263/4293
f 461/204/4294 524/267/4294 523/265/4294
f 461/204/4295 462/205/4295 525/266/4295
f 462/205/4296 463/206/4296 526/268/4296
f 464/208/4297 527/270/4297 526/268/4297
f 464/208/4298 465/207/4298 528/269/4298
f 466/209/4299 529/272/4299 528/269/4299
f 466/209/4300 467/211/4300 530/271/4300
f 467/211/4301 468/210/4301 531/273/4301
f 468/210/4302 469/212/4302 532/274/4302
f 470/213/4303 533/276/4303 532/274/4303
f 470/213/4304 471/214/4304 534/275/4304
f 471/214/4305 472/216/4305 535/277/4305
f 473/215/4306 536/278/4306 535/277/4306
f 474/217/4307 537/280/4307 536/278/4307
f 474/217/4308 475/218/4308 538/279/4308
f 476/220/4309 539/282/4309 538/279/4309
f 476/220/4310 477/219/4310 540/281/4310
f 478/222/4311 541/284/4311 540/281/4311
f 478/222/4312 479/221/4312 542/283/4312
f 480/224/4313 543/285/4313 542/283/4313
f 481/223/4314 544/286/4314 543/285/4314
f 482/226/4315 545/288/4315 544/286/4315
f 482/226/4316 483/225/4316 546/287/4316
f 483/225/4317 484/227/4317 547/289/4317
f 484/227/4318 485/228/4318 548/290/4318
f 486/229/4319 549/291/4319 548/290/4319
f 487/231/4320 550/292/4320 549/291/4320
f 488/230/4321 551/294/4321 550/292/4321
f 488/230/4322 489/232/4322 552/293/4322
f 490/234/4323 553/296/4323 552/293/4323
f 490/234/4324 491/233/4324 554/295/4324
f 491/233/4325 492/235/4325 555/297/4325
f 493/237/4326 556/298/4326 555/297/4326
f 494/236/4327 557/300/4327 556/298/4327
f 494/236/4328 495/238/4328 558/299/4328
f 496/240/4329 559/301/4329 558/299/4329
f 497/239/4330 560/302/4330 559/301/4330
f 498/241/4331 561/304/4331 560/302/4331
f 498/241/4332 499/242/4332 562/303/4332
f 500/244/4333 563/305/4333 562/303/4333
f 501/243/4334 564/307/4334 563/305/4334
f 501/243/4335 502/245/4335 565/306/4335
f 502/245/4336 503/246/4336 566/308/4336
f 503/246/4337 504/248/4337 567/309/4337
f 505/247/4338 568/311/4338 567/309/4338
f 505/247/4339 506/249/4339 569/310/4339
f 506/249/4340 507/250/4340 570/312/4340
f 507/250/4341 508/4023/4341 571/313/4341
f 509/251/4342 510/252/4342 573/314/4342
f 510/252/4343 511/254/4343 574/316/4343
f 511/254/4344 512/253/4344 575/317/4344
f 513/255/4345 576/318/4345 575/317/4345
f 514/256/4346 577/319/4346 576/318/4346
f 515/258/4347 578/321/4347 577/319/4347
f 515/258/4348 516/257/4348 579/320/4348
f 517/260/4349 580/322/4349 579/320/4349
f 518/259/4350 581/324/4350 580/322/4350
f 518/259/4351 519/262/4351 582/323/4351
f 520/261/4352 583/325/4352 582/323/4352
f 521/264/4353 584/327/4353 583/325/4353
f 521/264/4354 522/263/4354 585/326/4354
f 522/263/4355 523/265/4355 586/328/4355
f 524/267/4356 587/329/4356 586/328/4356
f 525/266/4357 588/330/4357 587/329/4357
f 526/268/4358 589/331/4358 588/330/4358
f 527/270/4359 590/333/4359 589/331/4359
f 527/270/4360 528/269/4360 591/332/4360
f 529/272/4361 592/335/4361 591/332/4361
f 529/272/4362 530/271/4362 593/334/4362
f 530/271/4363 531/273/4363 594/336/4363
f 531/273/4364 532/274/4364 595/337/4364
f 533/276/4365 596/339/4365 595/337/4365
f 533/276/4366 534/275/4366 597/338/4366
f 534/275/4367 535/277/4367 598/340/4367
f 536/278/4368 599/341/4368 598/340/4368
f 537/280/4369 600/343/4369 599/341/4369
f 537/280/4370 538/279/4370 601/342/4370
f 539/282/4371 602/345/4371 601/342/4371
f 539/282/4372 540/281/4372 603/344/4372
f 541/284/4373 604/346/4373 603/344/4373
f 542/283/4374 605/348/4374 604/346/4374
f 542/283/4375 543/285/4375 606/347/4375
f 543/285/4376 544/286/4376 607/349/4376
f 545/288/4377 608/350/4377 607/349/4377
f 546/287/4378 609/351/4378 608/350/4378
f 547/289/4379 610/353/4379 609/351/4379
f 547/289/4380 548/290/4380 611/352/4380
f 549/291/4381 612/354/4381 611/352/4381
f 550/292/4382 613/356/4382 612/354/4382
f 550/292/4383 551/294/4383 614/355/4383
f 551/294/4384 552/293/4384 615/357/4384
f 553/296/4385 616/359/4385 615/357/4385
f 553/296/4386 554/295/4386 617/358/4386
f 554/295/4387 555/297/4387 618/360/4387
f 555/297/4388 556/298/4388 619/361/4388
f 556/298/4389 557/300/4389 620/362/4389
f 557/300/4390 558/299/4390 621/363/4390
f 559/301/4391 622/364/4391 621/363/4391
f 560/302/4392 623/366/4392 622/364/4392
f 560/302/4393 561/304/4393 624/365/4393
f 562/303/4394 625/368/4394 624/365/4394
f 562/303/4395 563/305/4395 626/367/4395
f 563/305/4396 564/307/4396 627/369/4396
f 565/306/4397 628/371/4397 627/369/4397
f 565/306/4398 566/308/4398 629/370/4398
f 566/308/4399 567/309/4399 630/372/4399
f 567/309/4400 568/311/4400 631/373/4400
f 569/310/4401 632/375/4401 631/373/4401
f 569/310/4402 570/312/4402 633/374/4402
f 571/313/4403 634/4025/4403 633/374/4403
f 573/314/4404 636/377/4404 635/376/4404
f 574/316/4405 637/378/4405 636/377/4405
f 575/317/4406 638/379/4406 637/378/4406
f 576/318/4407 639/380/4407 638/379/4407
f 577/319/4408 640/381/4408 639/380/4408
f 578/321/4409 641/382/4409 640/381/4409
f 579/320/4410 642/383/4410 641/382/4410
f 580/322/4411 643/385/4411 642/383/4411
f 580/322/4412 581/324/4412 644/384/4412
f 581/324/4413 582/323/4413 645/386/4413
f 583/325/4414 646/388/4414 645/386/4414
f 583/325/4415 584/327/4415 647/387/4415
f 585/326/4416 648/389/4416 647/387/4416
f 586/328/4417 649/390/4417 648/389/4417
f 587/329/4418 650/391/4418 649/390/4418
f 588/330/4419 651/393/4419 650/391/4419
f 588/330/4420 589/331/4420 652/392/4420
f 590/333/4421 653/395/4421 652/392/4421
f 590/333/4422 591/332/4422 654/394/4422
f 592/335/4423 655/397/4423 654/394/4423
f 592/335/4424 593/334/4424 656/396/4424
f 594/336/4425 657/398/4425 656/396/4425
f 595/337/4426 658/399/4426 657/398/4426
f 596/339/4427 659/400/4427 658/399/4427
f 597/338/4428 660/401/4428 659/400/4428
f 598/340/4429 661/402/4429 660/401/4429
f 599/341/4430 662/404/4430 661/402/4430
f 599/341/4431 600/343/4431 663/403/4431
f 601/342/4432 664/405/4432 663/403/4432
f 602/345/4433 665/406/4433 664/405/4433
f 603/344/4434 666/408/4434 665/406/4434
f 603/344/4435 604/346/4435 667/407/4435
f 605/348/4436 668/410/4436 667/407/4436
f 605/348/4437 606/347/4437 669/409/4437
f 607/349/4438 670/411/4438 669/409/4438
f 608/350/4439 671/413/4439 670/411/4439
f 608/350/4440 609/351/4440 672/412/4440
f 609/351/4441 610/353/4441 673/414/4441
f 610/353/4442 611/352/4442 674/415/4442
f 612/354/4443 675/417/4443 674/415/4443
f 612/354/4444 613/356/4444 676/416/4444
f 614/355/4445 677/419/4445 676/416/4445
f 614/355/4446 615/357/4446 678/418/4446
f 616/359/4447 679/421/4447 678/418/4447
f 616/359/4448 617/358/4448 680/420/4448
f 618/360/4449 681/423/4449 680/420/4449
f 618/360/4450 619/361/4450 682/422/4450
f 620/362/4451 683/425/4451 682/422/4451
f 620/362/4452 621/363/4452 684/424/4452
f 622/364/4453 685/427/4453 684/424/4453
f 622/364/4454 623/366/4454 686/426/4454
f 624/365/4455 687/428/4455 686/426/4455
f 625/368/4456 688/430/4456 687/428/4456
f 625/368/4457 626/367/4457 689/429/4457
f 626/367/4458 627/369/4458 690/431/4458
f 628/371/4459 691/432/4459 690/431/4459
f 629/370/4460 692/433/4460 691/432/4460
f 630/372/4461 693/434/4461 692/433/4461
f 631/373/4462 694/436/4462 693/434/4462
f 631/373/4463 632/375/4463 695/435/4463
f 632/375/4464 633/374/4464 696/437/4464
f 633/374/4465 634/4025/4465 697/438/4465
f 635/376/4466 636/377/4466 699/439/4466
f 637/378/4467 700/441/4467 699/439/4467
f 638/379/4468 701/443/4468 700/441/4468
f 638/379/4469 639/380/4469 702/442/4469
f 640/381/4470 703/444/4470 702/442/4470
f 641/382/4471 704/446/4471 703/444/4471
f 641/382/4472 642/383/4472 705/445/4472
f 643/385/4473 706/447/4473 705/445/4473
f 644/384/4474 707/448/4474 706/447/4474
f 645/386/4475 708/449/4475 707/448/4475
f 646/388/4476 709/450/4476 708/449/4476
f 647/387/4477 710/451/4477 709/450/4477
f 648/389/4478 711/452/4478 710/451/4478
f 649/390/4479 712/453/4479 711/452/4479
f 650/391/4480 713/455/4480 712/453/4480
f 650/391/4481 651/393/4481 714/454/4481
f 651/393/4482 652/392/4482 715/456/4482
f 652/392/4483 653/395/4483 716/457/4483
f 653/395/4484 654/394/4484 717/458/4484
f 654/394/4485 655/397/4485 718/459/4485
f 656/396/4486 719/460/4486 718/459/4486
f 657/398/4487 720/462/4487 719/460/4487
f 657/398/4488 658/399/4488 721/461/4488
f 659/400/4489 722/464/4489 721/461/4489
f 659/400/4490 660/401/4490 723/463/4490
f 660/401/4491 661/402/4491 724/465/4491
f 661/402/4492 662/404/4492 725/466/4492
f 662/404/4493 663/403/4493 726/467/4493
f 664/405/4494 727/469/4494 726/467/4494
f 664/405/4495 665/406/4495 728/468/4495
f 665/406/4496 666/408/4496 729/470/4496
f 667/407/4497 730/471/4497 729/470/4497
f 668/410/4498 731/473/4498 730/471/4498
f 668/410/4499 669/409/4499 732/472/4499
f 669/409/4500 670/411/4500 733/474/4500
f 671/413/4501 734/476/4501 733/474/4501
f 671/413/4502 672/412/4502 735/475/4502
f 673/414/4503 736/478/4503 735/475/4503
f 673/414/4504 674/415/4504 737/477/4504
f 675/417/4505 738/480/4505 737/477/4505
f 675/417/4506 676/416/4506 739/479/4506
f 677/419/4507 740/481/4507 739/479/4507
f 678/418/4508 741/482/4508 740/481/4508
f 679/421/4509 742/483/4509 741/482/4509
f 680/420/4510 743/484/4510 742/483/4510
f 681/423/4511 744/485/4511 743/484/4511
f 682/422/4512 745/486/4512 744/485/4512
f 683/425/4513 746/488/4513 745/486/4513
f 683/425/4514 684/424/4514 747/487/4514
f 685/427/4515 748/490/4515 747/487/4515
f 685/427/4516 686/426/4516 749/489/4516
f 687/428/4517 750/492/4517 749/489/4517
f 687/428/4518 688/430/4518 751/491/4518
f 689/429/4519 752/494/4519 751/491/4519
f 689/429/4520 690/431/4520 753/493/4520
f 690/431/4521 691/432/4521 754/495/4521
f 691/432/4522 692/433/4522 755/496/4522
f 692/433/4523 693/434/4523 756/497/4523
f 693/434/4524 694/436/4524 757/498/4524
f 695/435/4525 758/500/4525 757/498/4525
f 695/435/4526 696/437/4526 759/499/4526
f 697/438/4527 760/563/4527 759/499/4527
f 698/440/4528 699/439/4528 762/501/4528
f 700/441/4529 763/504/4529 762/501/4529
f 700/441/4530 701/443/4530 764/503/4530
f 701/443/4531 702/442/4531 765/505/4531
f 703/444/4532 766/506/4532 765/505/4532
f 704/446/4533 767/507/4533 766/506/4533
f 705/445/4534 768/508/4534 767/507/4534
f 706/447/4535 769/509/4535 768/508/4535
f 707/448/4536 770/511/4536 769/509/4536
f 707/448/4537 708/449/4537 771/510/4537
f 708/449/4538 709/450/4538 772/512/4538
f 710/451/4539 773/514/4539 772/512/4539
f 710/451/4540 711/452/4540 774/513/4540
f 711/452/4541 712/453/4541 775/515/4541
f 713/455/4542 776/517/4542 775/515/4542
f 713/455/4543 714/454/4543 777/516/4543
f 715/456/4544 778/518/4544 777/516/4544
f 716/457/4545 779/519/4545 778/518/4545
f 717/458/4546 780/520/4546 779/519/4546
f 718/459/4547 781/521/4547 780/520/4547
f 719/460/4548 782/523/4548 781/521/4548
f 719/460/4549 720/462/4549 783/522/4549
f 720/462/4550 721/461/4550 784/524/4550
f 722/464/4551 785/525/4551 784/524/4551
f 723/463/4552 786/526/4552 785/525/4552
f 724/465/4553 787/527/4553 786/526/4553
f 725/466/4554 788/529/4554 787/527/4554
f 725/466/4555 726/467/4555 789/528/4555
f 727/469/4556 790/531/4556 789/528/4556
f 727/469/4557 728/468/4557 791/530/4557
f 728/468/4558 729/470/4558 792/532/4558
f 730/471/4559 793/534/4559 792/532/4559
f 730/471/4560 731/473/4560 794/533/4560
f 731/473/4561 732/472/4561 795/535/4561
f 732/472/4562 733/474/4562 796/536/4562
f 734/476/4563 797/537/4563 796/536/4563
f 735/475/4564 798/538/4564 797/537/4564
f 736/478/4565 799/540/4565 798/538/4565
f 736/478/4566 737/477/4566 800/539/4566
f 738/480/4567 801/542/4567 800/539/4567
f 738/480/4568 739/479/4568 802/541/4568
f 739/479/4569 740/481/4569 803/543/4569
f 741/482/4570 804/545/4570 803/543/4570
f 741/482/4571 742/483/4571 805/544/4571
f 742/483/4572 743/484/4572 806/546/4572
f 743/484/4573 744/485/4573 807/547/4573
f 744/485/4574 745/486/4574 808/548/4574
f 746/488/4575 809/549/4575 808/548/4575
f 747/487/4576 810/550/4576 809/549/4576
f 748/490/4577 811/551/4577 810/550/4577
f 749/489/4578 812/552/4578 811/551/4578
f 750/492/4579 813/554/4579 812/552/4579
f 750/492/4580 751/491/4580 814/553/4580
f 751/491/4581 752/494/4581 815/555/4581
f 752/494/4582 753/493/4582 816/556/4582
f 753/493/4583 754/495/4583 817/557/4583
f 755/496/4584 818/558/4584 817/557/4584
f 756/497/4585 819/559/4585 818/558/4585
f 757/498/4586 820/561/4586 819/559/4586
f 757/498/4587 758/500/4587 821/560/4587
f 758/500/4588 759/499/4588 822/562/4588
f 760/563/4589 823/625/4589 822/562/4589
f 762/501/4590 825/565/4590 824/564/4590
f 763/504/4591 826/567/4591 825/565/4591
f 763/504/4592 764/503/4592 827/566/4592
f 765/505/4593 828/568/4593 827/566/4593
f 766/506/4594 829/570/4594 828/568/4594
f 766/506/4595 767/507/4595 830/569/4595
f 767/507/4596 768/508/4596 831/571/4596
f 769/509/4597 832/572/4597 831/571/4597
f 770/511/4598 833/573/4598 832/572/4598
f 771/510/4599 834/574/4599 833/573/4599
f 772/512/4600 835/575/4600 834/574/4600
f 773/514/4601 836/577/4601 835/575/4601
f 773/514/4602 774/513/4602 837/576/4602
f 775/515/4603 838/578/4603 837/576/4603
f 776/517/4604 839/580/4604 838/578/4604
f 776/517/4605 777/516/4605 840/579/4605
f 778/518/4606 841/582/4606 840/579/4606
f 778/518/4607 779/519/4607 842/581/4607
f 779/519/4608 780/520/4608 843/583/4608
f 780/520/4609 781/521/4609 844/584/4609
f 781/521/4610 782/523/4610 845/585/4610
f 782/523/4611 783/522/4611 846/586/4611
f 783/522/4612 784/524/4612 847/587/4612
f 785/525/4613 848/588/4613 847/587/4613
f 786/526/4614 849/589/4614 848/588/4614
f 787/527/4615 850/590/4615 849/589/4615
f 788/529/4616 851/592/4616 850/590/4616
f 788/529/4617 789/528/4617 852/591/4617
f 790/531/4618 853/593/4618 852/591/4618
f 791/530/4619 854/594/4619 853/593/4619
f 792/532/4620 855/596/4620 854/594/4620
f 792/532/4621 793/534/4621 856/595/4621
f 794/533/4622 857/598/4622 856/595/4622
f 794/533/4623 795/535/4623 858/597/4623
f 796/536/4624 859/600/4624 858/597/4624
f 796/536/4625 797/537/4625 860/599/4625
f 797/537/4626 798/538/4626 861/601/4626
f 798/538/4627 799/540/4627 862/602/4627
f 799/540/4628 800/539/4628 863/603/4628
f 801/542/4629 864/604/4629 863/603/4629
f 802/541/4630 865/606/4630 864/604/4630
f 802/541/4631 803/543/4631 866/605/4631
f 804/545/4632 867/608/4632 866/605/4632
f 804/545/4633 805/544/4633 868/607/4633
f 806/546/4634 869/609/4634 868/607/4634
f 807/547/4635 870/611/4635 869/609/4635
f 807/547/4636 808/548/4636 871/610/4636
f 808/548/4637 809/549/4637 872/612/4637
f 809/549/4638 810/550/4638 873/613/4638
f 810/550/4639 811/551/4639 874/614/4639
f 811/551/4640 812/552/4640 875/615/4640
f 812/552/4641 813/554/4641 876/616/4641
f 814/553/4642 877/618/4642 876/616/4642
f 814/553/4643 815/555/4643 878/617/4643
f 815/555/4644 816/556/4644 879/619/4644
f 817/557/4645 880/620/4645 879/619/4645
f 818/558/4646 881/621/4646 880/620/4646
f 819/559/4647 882/622/4647 881/621/4647
f 820/561/4648 883/623/4648 882/622/4648
f 821/560/4649 884/624/4649 883/623/4649
f 822/562/4650 885/626/4650 884/624/4650
f 823/625/4651 886/4030/4651 885/626/4651
f 825/565/4652 888/628/4652 887/627/4652
f 826/567/4653 889/629/4653 888/628/4653
f 827/566/4654 890/631/4654 889/629/4654
f 827/566/4655 828/568/4655 891/630/4655
f 829/570/4656 892/632/4656 891/630/4656
f 830/569/4657 893/634/4657 892/632/4657
f 830/569/4658 831/571/4658 894/633/4658
f 832/572/4659 895/636/4659 894/633/4659
f 832/572/4660 833/573/4660 896/635/4660
f 833/573/4661 834/574/4661 897/637/4661
f 835/575/4662 898/638/4662 897/637/4662
f 836/577/4663 899/640/4663 898/638/4663
f 836/577/4664 837/576/4664 900/639/4664
f 837/576/4665 838/578/4665 901/641/4665
f 839/580/4666 902/643/4666 901/641/4666
f 839/580/4667 840/579/4667 903/642/4667
f 841/582/4668 904/644/4668 903/642/4668
f 842/581/4669 905/646/4669 904/644/4669
f 842/581/4670 843/583/4670 906/645/4670
f 844/584/4671 907/648/4671 906/645/4671
f 844/584/4672 845/585/4672 908/647/4672
f 846/586/4673 909/650/4673 908/647/4673
f 846/586/4674 847/587/4674 910/649/4674
f 848/588/4675 911/652/4675 910/649/4675
f 848/588/4676 849/589/4676 912/651/4676
f 849/589/4677 850/590/4677 913/653/4677
f 851/592/4678 914/655/4678 913/653/4678
f 851/592/4679 852/591/4679 915/654/4679
f 853/593/4680 916/657/4680 915/654/4680
f 853/593/4681 854/594/4681 917/656/4681
f 854/594/4682 855/596/4682 918/658/4682
f 856/595/4683 919/659/4683 918/658/4683
f 857/598/4684 920/661/4684 919/659/4684
f 857/598/4685 858/597/4685 921/660/4685
f 859/600/4686 922/663/4686 921/660/4686
f 859/600/4687 860/599/4687 923/662/4687
f 861/601/4688 924/664/4688 923/662/4688
f 862/602/4689 925/666/4689 924/664/4689
f 862/602/4690 863/603/4690 926/665/4690
f 864/604/4691 927/668/4691 926/665/4691
f 864/604/4692 865/606/4692 928/667/4692
f 866/605/4693 929/669/4693 928/667/4693
f 867/608/4694 930/671/4694 929/669/4694
f 867/608/4695 868/607/4695 931/670/4695
f 869/609/4696 932/672/4696 931/670/4696
f 870/611/4697 933/673/4697 932/672/4697
f 871/610/4698 934/675/4698 933/673/4698
f 871/610/4699 872/612/4699 935/674/4699
f 873/613/4700 936/676/4700 935/674/4700
f 874/614/4701 937/677/4701 936/676/4701
f 875/615/4702 938/678/4702 937/677/4702
f 876/616/4703 939/679/4703 938/678/4703
f 877/618/4704 940/680/4704 939/679/4704
f 878/617/4705 941/682/4705 940/680/4705
f 878/617/4706 879/619/4706 942/681/4706
f 880/620/4707 943/683/4707 942/681/4707
f 881/621/4708 944/684/4708 943/683/4708
f 882/622/4709 945/686/4709 944/684/4709
f 882/622/4710 883/623/4710 946/685/4710
f 884/624/4711 947/688/4711 946/685/4711
f 884/624/4712 885/626/4712 948/687/4712
f 885/626/4713 886/4030/4713 949/689/4713
f 888/628/4714 951/692/4714 950/690/4714
f 888/628/4715 889/629/4715 952/691/4715
f 889/629/4716 890/631/4716 953/693/4716
f 890/631/4717 891/630/4717 954/694/4717
f 892/632/4718 955/695/4718 954/694/4718
f 893/634/4719 956/697/4719 955/695/4719
f 893/634/4720 894/633/4720 957/696/4720
f 895/636/4721 958/698/4721 957/696/4721
f 896/635/4722 959/699/4722 958/698/4722
f 897/637/4723 960/701/4723 959/699/4723
f 897/637/4724 898/638/4724 961/700/4724
f 898/638/4725 899/640/4725 962/702/4725
f 899/640/4726 900/639/4726 963/703/4726
f 901/641/4727 964/704/4727 963/703/4727
f 902/643/4728 965/706/4728 964/704/4728
f 902/643/4729 903/642/4729 966/705/4729
f 903/642/4730 904/644/4730 967/707/4730
f 905/646/4731 968/709/4731 967/707/4731
f 905/646/4732 906/645/4732 969/708/4732
f 906/645/4733 907/648/4733 970/710/4733
f 908/647/4734 971/711/4734 970/710/4734
f 909/650/4735 972/713/4735 971/711/4735
f 909/650/4736 910/649/4736 973/712/4736
f 911/652/4737 974/715/4737 973/712/4737
f 911/652/4738 912/651/4738 975/714/4738
f 912/651/4739 913/653/4739 976/716/4739
f 914/655/4740 977/717/4740 976/716/4740
f 915/654/4741 978/718/4741 977/717/4741
f 916/657/4742 979/719/4742 978/718/4742
f 917/656/4743 980/721/4743 979/719/4743
f 917/656/4744 918/658/4744 981/720/4744
f 919/659/4745 982/722/4745 981/720/4745
f 920/661/4746 983/723/4746 982/722/4746
f 921/660/4747 984/725/4747 983/723/4747
f 921/660/4748 922/663/4748 985/724/4748
f 923/662/4749 986/726/4749 985/724/4749
f 924/664/4750 987/728/4750 986/726/4750
f 924/664/4751 925/666/4751 988/727/4751
f 925/666/4752 926/665/4752 989/729/4752
f 927/668/4753 990/731/4753 989/729/4753
f 927/668/4754 928/667/4754 991/730/4754
f 929/669/4755 992/733/4755 991/730/4755
f 929/669/4756 930/671/4756 993/732/4756
f 931/670/4757 994/734/4757 993/732/4757
f 932/672/4758 995/736/4758 994/734/4758
f 932/672/4759 933/673/4759 996/735/4759
f 934/675/4760 997/738/4760 996/735/4760
f 934/675/4761 935/674/4761 998/737/4761
f 935/674/4762 936/676/4762 999/739/4762
f 936/676/4763 937/677/4763 1000/740/4763
f 937/677/4764 938/678/4764 1001/741/4764
f 938/678/4765 939/679/4765 1002/742/4765
f 940/680/4766 1003/743/4766 1002/742/4766
f 941/682/4767 1004/744/4767 1003/743/4767
f 942/681/4768 1005/745/4768 1004/744/4768
f 943/683/4769 1006/746/4769 1005/745/4769
f 944/684/4770 1007/748/4770 1006/746/4770
f 944/684/4771 945/686/4771 1008/747/4771
f 946/685/4772 1009/750/4772 1008/747/4772
f 946/685/4773 947/688/4773 1010/749/4773
f 948/687/4774 1011/751/4774 1010/749/4774
f 949/689/4775 1012/813/4775 1011/751/4775
f 950/690/4776 951/692/4776 1014/752/4776
f 951/692/4777 952/691/4777 1015/754/4777
f 953/693/4778 1016/755/4778 1015/754/4778
f 954/694/4779 1017/756/4779 1016/755/4779
f 955/695/4780 1018/757/4780 1017/756/4780
f 956/697/4781 1019/758/4781 1018/757/4781
f 957/696/4782 1020/759/4782 1019/758/4782
f 958/698/4783 1021/761/4783 1020/759/4783
f 958/698/4784 959/699/4784 1022/760/4784
f 960/701/4785 1023/762/4785 1022/760/4785
f 961/700/4786 1024/763/4786 1023/762/4786
f 962/702/4787 1025/764/4787 1024/763/4787
f 963/703/4788 1026/765/4788 1025/764/4788
f 964/704/4789 1027/766/4789 1026/765/4789
f 965/706/4790 1028/768/4790 1027/766/4790
f 965/706/4791 966/705/4791 1029/767/4791
f 967/707/4792 1030/769/4792 1029/767/4792
f 968/709/4793 1031/771/4793 1030/769/4793
f 968/709/4794 969/708/4794 1032/770/4794
f 970/710/4795 1033/772/4795 1032/770/4795
f 971/711/4796 1034/774/4796 1033/772/4796
f 971/711/4797 972/713/4797 1035/773/4797
f 972/713/4798 973/712/4798 1036/775/4798
f 974/715/4799 1037/776/4799 1036/775/4799
f 975/714/4800 1038/778/4800 1037/776/4800
f 975/714/4801 976/716/4801 1039/777/4801
f 977/717/4802 1040/780/4802 1039/777/4802
f 977/717/4803 978/718/4803 1041/779/4803
f 979/719/4804 1042/782/4804 1041/779/4804
f 979/719/4805 980/721/4805 1043/781/4805
f 981/720/4806 1044/784/4806 1043/781/4806
f 981/720/4807 982/722/4807 1045/783/4807
f 983/723/4808 1046/786/4808 1045/783/4808
f 983/723/4809 984/725/4809 1047/785/4809
f 984/725/4810 985/724/4810 1048/787/4810
f 986/726/4811 1049/789/4811 1048/787/4811
f 986/726/4812 987/728/4812 1050/788/4812
f 988/727/4813 1051/791/4813 1050/788/4813
f 988/727/4814 989/729/4814 1052/790/4814
f 990/731/4815 1053/792/4815 1052/790/4815
f 991/730/4816 1054/793/4816 1053/792/4816
f 992/733/4817 1055/795/4817 1054/793/4817
f 992/733/4818 993/732/4818 1056/794/4818
f 993/732/4819 994/734/4819 1057/796/4819
f 994/734/4820 995/736/4820 1058/797/4820
f 996/735/4821 1059/799/4821 1058/797/4821
f 996/735/4822 997/738/4822 1060/798/4822
f 998/737/4823 1061/801/4823 1060/798/4823
f 998/737/4824 999/739/4824 1062/800/4824
f 1000/740/4825 1063/803/4825 1062/800/4825
f 1000/740/4826 1001/741/4826 1064/802/4826
f 1002/742/4827 1065/804/4827 1064/802/4827
f 1003/743/4828 1066/805/4828 1065/804/4828
f 1004/744/4829 1067/806/4829 1066/805/4829
f 1005/745/4830 1068/807/4830 1067/806/4830
f 1006/746/4831 1069/809/4831 1068/807/4831
f 1006/746/4832 1007/748/4832 1070/808/4832
f 1007/748/4833 1008/747/4833 1071/810/4833
f 1008/747/4834 1009/750/4834 1072/811/4834
f 1010/749/4835 1073/812/4835 1072/811/4835
f 1011/751/4836 1074/814/4836 1073/812/4836
f 1012/813/4837 1075/4033/4837 1074/814/4837
f 1014/752/4838 1077/816/4838 1076/815/4838
f 1015/754/4839 1078/817/4839 1077/816/4839
f 1016/755/4840 1079/818/4840 1078/817/4840
f 1017/756/4841 1080/820/4841 1079/818/4841
f 1017/756/4842 1018/757/4842 1081/819/4842
f 1019/758/4843 1082/821/4843 1081/819/4843
f 1020/759/4844 1083/822/4844 1082/821/4844
f 1021/761/4845 1084/823/4845 1083/822/4845
f 1022/760/4846 1085/825/4846 1084/823/4846
f 1022/760/4847 1023/762/4847 1086/824/4847
f 1024/763/4848 1087/827/4848 1086/824/4848
f 1024/763/4849 1025/764/4849 1088/826/4849
f 1025/764/4850 1026/765/4850 1089/828/4850
f 1027/766/4851 1090/829/4851 1089/828/4851
f 1028/768/4852 1091/831/4852 1090/829/4852
f 1028/768/4853 1029/767/4853 1092/830/4853
f 1029/767/4854 1030/769/4854 1093/832/4854
f 1031/771/4855 1094/834/4855 1093/832/4855
f 1031/771/4856 1032/770/4856 1095/833/4856
f 1033/772/4857 1096/836/4857 1095/833/4857
f 1033/772/4858 1034/774/4858 1097/835/4858
f 1034/774/4859 1035/773/4859 1098/837/4859
f 1036/775/4860 1099/838/4860 1098/837/4860
f 1037/776/4861 1100/840/4861 1099/838/4861
f 1037/776/4862 1038/778/4862 1101/839/4862
f 1039/777/4863 1102/842/4863 1101/839/4863
f 1039/777/4864 1040/780/4864 1103/841/4864
f 1040/780/4865 1041/779/4865 1104/843/4865
f 1042/782/4866 1105/845/4866 1104/843/4866
f 1042/782/4867 1043/781/4867 1106/844/4867
f 1044/784/4868 1107/846/4868 1106/844/4868
f 1045/783/4869 1108/847/4869 1107/846/4869
f 1046/786/4870 1109/849/4870 1108/847/4870
f 1046/786/4871 1047/785/4871 1110/848/4871
f 1048/787/4872 1111/851/4872 1110/848/4872
f 1048/787/4873 1049/789/4873 1112/850/4873
f 1049/789/4874 1050/788/4874 1113/852/4874
f 1051/791/4875 1114/853/4875 1113/852/4875
f 1052/790/4876 1115/854/4876 1114/853/4876
f 1053/792/4877 1116/855/4877 1115/854/4877
f 1054/793/4878 1117/856/4878 1116/855/4878
f 1055/795/4879 1118/858/4879 1117/856/4879
f 1055/795/4880 1056/794/4880 1119/857/4880
f 1057/796/4881 1120/860/4881 1119/857/4881
f 1057/796/4882 1058/797/4882 1121/859/4882
f 1059/799/4883 1122/861/4883 1121/859/4883
f 1060/798/4884 1123/862/4884 1122/861/4884
f 1061/801/4885 1124/864/4885 1123/862/4885
f 1061/801/4886 1062/800/4886 1125/863/4886
f 1062/800/4887 1063/803/4887 1126/865/4887
f 1063/803/4888 1064/802/4888 1127/866/4888
f 1065/804/4889 1128/867/4889 1127/866/4889
f 1066/805/4890 1129/868/4890 1128/867/4890
f 1067/806/4891 1130/870/4891 1129/868/4891
f 1067/806/4892 1068/807/4892 1131/869/4892
f 1069/809/4893 1132/871/4893 1131/869/4893
f 1070/808/4894 1133/872/4894 1132/871/4894
f 1071/810/4895 1134/873/4895 1133/872/4895
f 1072/811/4896 1135/874/4896 1134/873/4896
f 1073/812/4897 1136/876/4897 1135/874/4897
f 1073/812/4898 1074/814/4898 1137/875/4898
f 1074/814/4899 1075/4033/4899 1138/877/4899
f 1076/815/4900 1077/816/4900 1140/878/4900
f 1077/816/4901 1078/817/4901 1141/880/4901
f 1078/817/4902 1079/818/4902 1142/881/4902
f 1080/820/4903 1143/883/4903 1142/881/4903
f 1080/820/4904 1081/819/4904 1144/882/4904
f 1081/819/4905 1082/821/4905 1145/884/4905
f 1082/821/4906 1083/822/4906 1146/885/4906
f 1083/822/4907 1084/823/4907 1147/886/4907
f 1084/823/4908 1085/825/4908 1148/887/4908
f 1085/825/4909 1086/824/4909 1149/888/4909
f 1087/827/4910 1150/889/4910 1149/888/4910
f 1088/826/4911 1151/890/4911 1150/889/4911
f 1089/828/4912 1152/891/4912 1151/890/4912
f 1090/829/4913 1153/893/4913 1152/891/4913
f 1090/829/4914 1091/831/4914 1154/892/4914
f 1092/830/4915 1155/894/4915 1154/892/4915
f 1093/832/4916 1156/895/4916 1155/894/4916
f 1094/834/4917 1157/897/4917 1156/895/4917
f 1094/834/4918 1095/833/4918 1158/896/4918
f 1096/836/4919 1159/899/4919 1158/896/4919
f 1096/836/4920 1097/835/4920 1160/898/4920
f 1098/837/4921 1161/900/4921 1160/898/4921
f 1099/838/4922 1162/902/4922 1161/900/4922
f 1099/838/4923 1100/840/4923 1163/901/4923
f 1100/840/4924 1101/839/4924 1164/903/4924
f 1102/842/4925 1165/904/4925 1164/903/4925
f 1103/841/4926 1166/905/4926 1165/904/4926
f 1104/843/4927 1167/906/4927 1166/905/4927
f 1105/845/4928 1168/907/4928 1167/906/4928
f 1106/844/4929 1169/908/4929 1168/907/4929
f 1107/846/4930 1170/909/4930 1169/908/4930
f 1108/847/4931 1171/911/4931 1170/909/4931
f 1108/847/4932 1109/849/4932 1172/910/4932
f 1109/849/4933 1110/848/4933 1173/912/4933
f 1110/848/4934 1111/851/4934 1174/913/4934
f 1111/851/4935 1112/850/4935 1175/914/4935
f 1113/852/4936 1176/915/4936 1175/914/4936
f 1114/853/4937 1177/916/4937 1176/915/4937
f 1115/854/4938 1178/918/4938 1177/916/4938
f 1115/854/4939 1116/855/4939 1179/917/4939
f 1116/855/4940 1117/856/4940 1180/919/4940
f 1118/858/4941 1181/920/4941 1180/919/4941
f 1119/857/4942 1182/921/4942 1181/920/4942
f 1120/860/4943 1183/922/4943 1182/921/4943
f 1121/859/4944 1184/923/4944 1183/922/4944
f 1122/861/4945 1185/924/4945 1184/923/4945
f 1123/862/4946 1186/926/4946 1185/924/4946
f 1123/862/4947 1124/864/4947 1187/925/4947
f 1124/864/4948 1125/863/4948 1188/927/4948
f 1126/865/4949 1189/928/4949 1188/927/4949
f 1127/866/4950 1190/930/4950 1189/928/4950
f 1127/866/4951 1128/867/4951 1191/929/4951
f 1129/868/4952 1192/931/4952 1191/929/4952
f 1130/870/4953 1193/932/4953 1192/931/4953
f 1131/869/4954 1194/934/4954 1193/932/4954
f 1131/869/4955 1132/871/4955 1195/933/4955
f 1133/872/4956 1196/936/4956 1195/933/4956
f 1133/872/4957 1134/873/4957 1197/935/4957
f 1135/874/4958 1198/938/4958 1197/935/4958
f 1135/874/4959 1136/876/4959 1199/937/4959
f 1136/876/4960 1137/875/4960 1200/939/4960
f 1138/877/4961 1201/1001/4961 1200/939/4961
f 1140/878/4962 1203/941/4962 1202/940/4962
f 1141/880/4963 1204/942/4963 1203/941/4963
f 1142/881/4964 1205/943/4964 1204/942/4964
f 1143/883/4965 1206/945/4965 1205/943/4965
f 1143/883/4966 1144/882/4966 1207/944/4966
f 1145/884/4967 1208/946/4967 1207/944/4967
f 1146/885/4968 1209/947/4968 1208/946/4968
f 1147/886/4969 1210/948/4969 1209/947/4969
f 1148/887/4970 1211/950/4970 1210/948/4970
f 1148/887/4971 1149/888/4971 1212/949/4971
f 1150/889/4972 1213/951/4972 1212/949/4972
f 1151/890/4973 1214/952/4973 1213/951/4973
f 1152/891/4974 1215/953/4974 1214/952/4974
f 1153/893/4975 1216/954/4975 1215/953/4975
f 1154/892/4976 1217/955/4976 1216/954/4976
f 1155/894/4977 1218/957/4977 1217/955/4977
f 1155/894/4978 1156/895/4978 1219/956/4978
f 1156/895/4979 1157/897/4979 1220/958/4979
f 1158/896/4980 1221/959/4980 1220/958/4980
f 1159/899/4981 1222/961/4981 1221/959/4981
f 1159/899/4982 1160/898/4982 1223/960/4982
f 1160/898/4983 1161/900/4983 1224/962/4983
f 1161/900/4984 1162/902/4984 1225/963/4984
f 1162/902/4985 1163/901/4985 1226/964/4985
f 1163/901/4986 1164/903/4986 1227/965/4986
f 1165/904/4987 1228/966/4987 1227/965/4987
f 1166/905/4988 1229/967/4988 1228/966/4988
f 1167/906/4989 1230/969/4989 1229/967/4989
f 1167/906/4990 1168/907/4990 1231/968/4990
f 1168/907/4991 1169/908/4991 1232/970/4991
f 1169/908/4992 1170/909/4992 1233/971/4992
f 1170/909/4993 1171/911/4993 1234/972/4993
f 1172/910/4994 1235/973/4994 1234/972/4994
f 1173/912/4995 1236/975/4995 1235/973/4995
f 1173/912/4996 1174/913/4996 1237/974/4996
f 1174/913/4997 1175/914/4997 1238/976/4997
f 1176/915/4998 1239/978/4998 1238/976/4998
f 1176/915/4999 1177/916/4999 1240/977/4999
f 1178/918/5000 1241/979/5000 1240/977/5000
f 1179/917/5001 1242/980/5001 1241/979/5001
f 1180/919/5002 1243/982/5002 1242/980/5002
f 1180/919/5003 1181/920/5003 1244/981/5003
f 1181/920/5004 1182/921/5004 1245/983/5004
f 1182/921/5005 1183/922/5005 1246/984/5005
f 1183/922/5006 1184/923/5006 1247/985/5006
f 1184/923/5007 1185/924/5007 1248/986/5007
f 1185/924/5008 1186/926/5008 1249/987/5008
f 1186/926/5009 1187/925/5009 1250/988/5009
f 1187/925/5010 1188/927/5010 1251/989/5010
f 1188/927/5011 1189/928/5011 1252/990/5011
f 1190/930/5012 1253/992/5012 1252/990/5012
f 1190/930/5013 1191/929/5013 1254/991/5013
f 1192/931/5014 1255/994/5014 1254/991/5014
f 1192/931/5015 1193/932/5015 1256/993/5015
f 1194/934/5016 1257/996/5016 1256/993/5016
f 1194/934/5017 1195/933/5017 1258/995/5017
f 1195/933/5018 1196/936/5018 1259/997/5018
f 1196/936/5019 1197/935/5019 1260/998/5019
f 1198/938/5020 1261/1000/5020 1260/998/5020
f 1198/938/5021 1199/937/5021 1262/999/5021
f 1200/939/5022 1263/1002/5022 1262/999/5022
f 1201/1001/5023 1264/4036/5023 1263/1002/5023
f 1203/941/5024 1266/1004/5024 1265/1003/5024
f 1204/942/5025 1267/1005/5025 1266/1004/5025
f 1205/943/5026 1268/1007/5026 1267/1005/5026
f 1205/943/5027 1206/945/5027 1269/1006/5027
f 1207/944/5028 1270/1008/5028 1269/1006/5028
f 1208/946/5029 1271/1010/5029 1270/1008/5029
f 1208/946/5030 1209/947/5030 1272/1009/5030
f 1210/948/5031 1273/1012/5031 1272/1009/5031
f 1210/948/5032 1211/950/5032 1274/1011/5032
f 1212/949/5033 1275/1014/5033 1274/1011/5033
f 1212/949/5034 1213/951/5034 1276/1013/5034
f 1214/952/5035 1277/1015/5035 1276/1013/5035
f 1215/953/5036 1278/1016/5036 1277/1015/5036
f 1216/954/5037 1279/1017/5037 1278/1016/5037
f 1217/955/5038 1280/1019/5038 1279/1017/5038
f 1217/955/5039 1218/957/5039 1281/1018/5039
f 1219/956/5040 1282/1020/5040 1281/1018/5040
f 1220/958/5041 1283/1021/5041 1282/1020/5041
f 1221/959/5042 1284/1023/5042 1283/1021/5042
f 1221/959/5043 1222/961/5043 1285/1022/5043
f 1223/960/5044 1286/1025/5044 1285/1022/5044
f 1223/960/5045 1224/962/5045 1287/1024/5045
f 1224/962/5046 1225/963/5046 1288/1026/5046
f 1225/963/5047 1226/964/5047 1289/1027/5047
f 1226/964/5048 1227/965/5048 1290/1028/5048
f 1228/966/5049 1291/1029/5049 1290/1028/5049
f 1229/967/5050 1292/1031/5050 1291/1029/5050
f 1229/967/5051 1230/969/5051 1293/1030/5051
f 1231/968/5052 1294/1032/5052 1293/1030/5052
f 1232/970/5053 1295/1034/5053 1294/1032/5053
f 1232/970/5054 1233/971/5054 1296/1033/5054
f 1234/972/5055 1297/1035/5055 1296/1033/5055
f 1235/973/5056 1298/1037/5056 1297/1035/5056
f 1235/973/5057 1236/975/5057 1299/1036/5057
f 1237/974/5058 1300/1038/5058 1299/1036/5058
f 1238/976/5059 1301/1039/5059 1300/1038/5059
f 1239/978/5060 1302/1040/5060 1301/1039/5060
f 1240/977/5061 1303/1041/5061 1302/1040/5061
f 1241/979/5062 1304/1043/5062 1303/1041/5062
f 1241/979/5063 1242/980/5063 1305/1042/5063
f 1243/982/5064 1306/1045/5064 1305/1042/5064
f 1243/982/5065 1244/981/5065 1307/1044/5065
f 1245/983/5066 1308/1047/5066 1307/1044/5066
f 1245/983/5067 1246/984/5067 1309/1046/5067
f 1247/985/5068 1310/1049/5068 1309/1046/5068
f 1247/985/5069 1248/986/5069 1311/1048/5069
f 1249/987/5070 1312/1050/5070 1311/1048/5070
f 1250/988/5071 1313/1051/5071 1312/1050/5071
f 1251/989/5072 1314/1053/5072 1313/1051/5072
f 1251/989/5073 1252/990/5073 1315/1052/5073
f 1253/992/5074 1316/1054/5074 1315/1052/5074
f 1254/991/5075 1317/1055/5075 1316/1054/5075
f 1255/994/5076 1318/1056/5076 1317/1055/5076
f 1256/993/5077 1319/1057/5077 1318/1056/5077
f 1257/996/5078 1320/1058/5078 1319/1057/5078
f 1258/995/5079 1321/1059/5079 1320/1058/5079
f 1259/997/5080 1322/1061/5080 1321/1059/5080
f 1259/997/5081 1260/998/5081 1323/1060/5081
f 1261/1000/5082 1324/1063/5082 1323/1060/5082
f 1261/1000/5083 1262/999/5083 1325/1062/5083
f 1262/999/5084 1263/1002/5084 1326/1064/5084
f 1263/1002/5085 1264/4036/5085 1327/1065/5085
f 1266/1004/5086 1329/1068/5086 1328/1066/5086
f 1266/1004/5087 1267/1005/5087 1330/1067/5087
f 1267/1005/5088 1268/1007/5088 1331/1069/5088
f 1269/1006/5089 1332/1070/5089 1331/1069/5089
f 1270/1008/5090 1333/1072/5090 1332/1070/5090
f 1270/1008/5091 1271/1010/5091 1334/1071/5091
f 1271/1010/5092 1272/1009/5092 1335/1073/5092
f 1273/1012/5093 1336/1074/5093 1335/1073/5093
f 1274/1011/5094 1337/1075/5094 1336/1074/5094
f 1275/1014/5095 1338/1077/5095 1337/1075/5095
f 1275/1014/5096 1276/1013/5096 1339/1076/5096
f 1277/1015/5097 1340/1078/5097 1339/1076/5097
f 1278/1016/5098 1341/1079/5098 1340/1078/5098
f 1279/1017/5099 1342/1080/5099 1341/1079/5099
f 1280/1019/5100 1343/1081/5100 1342/1080/5100
f 1281/1018/5101 1344/1082/5101 1343/1081/5101
f 1282/1020/5102 1345/1083/5102 1344/1082/5102
f 1283/1021/5103 1346/1084/5103 1345/1083/5103
f 1284/1023/5104 1347/1086/5104 1346/1084/5104
f 1284/1023/5105 1285/1022/5105 1348/1085/5105
f 1286/1025/5106 1349/1087/5106 1348/1085/5106
f 1287/1024/5107 1350/1088/5107 1349/1087/5107
f 1288/1026/5108 1351/1089/5108 1350/1088/5108
f 1289/1027/5109 1352/1090/5109 1351/1089/5109
f 1290/1028/5110 1353/1091/5110 1352/1090/5110
f 1291/1029/5111 1354/1092/5111 1353/1091/5111
f 1292/1031/5112 1355/1094/5112 1354/1092/5112
f 1292/1031/5113 1293/1030/5113 1356/1093/5113
f 1293/1030/5114 1294/1032/5114 1357/1095/5114
f 1295/1034/5115 1358/1097/5115 1357/1095/5115
f 1295/1034/5116 1296/1033/5116 1359/1096/5116
f 1297/1035/5117 1360/1099/5117 1359/1096/5117
f 1297/1035/5118 1298/1037/5118 1361/1098/5118
f 1299/1036/5119 1362/1100/5119 1361/1098/5119
f 1300/1038/5120 1363/1101/5120 1362/1100/5120
f 1301/1039/5121 1364/1103/5121 1363/1101/5121
f 1301/1039/5122 1302/1040/5122 1365/1102/5122
f 1302/1040/5123 1303/1041/5123 1366/1104/5123
f 1304/1043/5124 1367/1106/5124 1366/1104/5124
f 1304/1043/5125 1305/1042/5125 1368/1105/5125
f 1306/1045/5126 1369/1107/5126 1368/1105/5126
f 1307/1044/5127 1370/1108/5127 1369/1107/5127
f 1308/1047/5128 1371/1110/5128 1370/1108/5128
f 1308/1047/5129 1309/1046/5129 1372/1109/5129
f 1310/1049/5130 1373/1112/5130 1372/1109/5130
f 1310/1049/5131 1311/1048/5131 1374/1111/5131
f 1312/1050/5132 1375/1114/5132 1374/1111/5132
f 1312/1050/5133 1313/1051/5133 1376/1113/5133
f 1314/1053/5134 1377/1115/5134 1376/1113/5134
f 1315/1052/5135 1378/1117/5135 1377/1115/5135
f 1315/1052/5136 1316/1054/5136 1379/1116/5136
f 1317/1055/5137 1380/1119/5137 1379/1116/5137
f 1317/1055/5138 1318/1056/5138 1381/1118/5138
f 1318/1056/5139 1319/1057/5139 1382/1120/5139
f 1320/1058/5140 1383/1121/5140 1382/1120/5140
f 1321/1059/5141 1384/1122/5141 1383/1121/5141
f 1322/1061/5142 1385/1124/5142 1384/1122/5142
f 1322/1061/5143 1323/1060/5143 1386/1123/5143
f 1324/1063/5144 1387/1126/5144 1386/1123/5144
f 1324/1063/5145 1325/1062/5145 1388/1125/5145
f 1326/1064/5146 1389/1127/5146 1388/1125/5146
f 1327/1065/5147 1390/4038/5147 1389/1127/5147
f 1329/1068/5148 1392/1129/5148 1391/1128/5148
f 1330/1067/5149 1393/1130/5149 1392/1129/5149
f 1331/1069/5150 1394/1131/5150 1393/1130/5150
f 1332/1070/5151 1395/1133/5151 1394/1131/5151
f 1332/1070/5152 1333/1072/5152 1396/1132/5152
f 1334/1071/5153 1397/1134/5153 1396/1132/5153
f 1335/1073/5154 1398/1135/5154 1397/1134/5154
f 1336/1074/5155 1399/1136/5155 1398/1135/5155
f 1337/1075/5156 1400/1138/5156 1399/1136/5156
f 1337/1075/5157 1338/1077/5157 1401/1137/5157
f 1339/1076/5158 1402/1139/5158 1401/1137/5158
f 1340/1078/5159 1403/1140/5159 1402/1139/5159
f 1341/1079/5160 1404/1142/5160 1403/1140/5160
f 1341/1079/5161 1342/1080/5161 1405/1141/5161
f 1343/1081/5162 1406/1144/5162 1405/1141/5162
f 1343/1081/5163 1344/1082/5163 1407/1143/5163
f 1345/1083/5164 1408/1145/5164 1407/1143/5164
f 1346/1084/5165 1409/1147/5165 1408/1145/5165
f 1346/1084/5166 1347/1086/5166 1410/1146/5166
f 1348/1085/5167 1411/1148/5167 1410/1146/5167
f 1349/1087/5168 1412/1149/5168 1411/1148/5168
f 1350/1088/5169 1413/1151/5169 1412/1149/5169
f 1350/1088/5170 1351/1089/5170 1414/1150/5170
f 1351/1089/5171 1352/1090/5171 1415/1152/5171
f 1353/1091/5172 1416/1154/5172 1415/1152/5172
f 1353/1091/5173 1354/1092/5173 1417/1153/5173
f 1354/1092/5174 1355/1094/5174 1418/1155/5174
f 1355/1094/5175 1356/1093/5175 1419/1156/5175
f 1356/1093/5176 1357/1095/5176 1420/1157/5176
f 1358/1097/5177 1421/1159/5177 1420/1157/5177
f 1358/1097/5178 1359/1096/5178 1422/1158/5178
f 1360/1099/5179 1423/1161/5179 1422/1158/5179
f 1360/1099/5180 1361/1098/5180 1424/1160/5180
f 1362/1100/5181 1425/1163/5181 1424/1160/5181
f 1362/1100/5182 1363/1101/5182 1426/1162/5182
f 1364/1103/5183 1427/1164/5183 1426/1162/5183
f 1365/1102/5184 1428/1166/5184 1427/1164/5184
f 1365/1102/5185 1366/1104/5185 1429/1165/5185
f 1367/1106/5186 1430/1167/5186 1429/1165/5186
f 1368/1105/5187 1431/1168/5187 1430/1167/5187
f 1369/1107/5188 1432/1169/5188 1431/1168/5188
f 1370/1108/5189 1433/1170/5189 1432/1169/5189
f 1371/1110/5190 1434/1171/5190 1433/1170/5190
f 1372/1109/5191 1435/1172/5191 1434/1171/5191
f 1373/1112/5192 1436/1174/5192 1435/1172/5192
f 1373/1112/5193 1374/1111/5193 1437/1173/5193
f 1375/1114/5194 1438/1176/5194 1437/1173/5194
f 1375/1114/5195 1376/1113/5195 1439/1175/5195
f 1377/1115/5196 1440/1177/5196 1439/1175/5196
f 1378/1117/5197 1441/1179/5197 1440/1177/5197
f 1378/1117/5198 1379/1116/5198 1442/1178/5198
f 1380/1119/5199 1443/1180/5199 1442/1178/5199
f 1381/1118/5200 1444/1182/5200 1443/1180/5200
f 1381/1118/5201 1382/1120/5201 1445/1181/5201
f 1382/1120/5202 1383/1121/5202 1446/1183/5202
f 1384/1122/5203 1447/1184/5203 1446/1183/5203
f 1385/1124/5204 1448/1186/5204 1447/1184/5204
f 1385/1124/5205 1386/1123/5205 1449/1185/5205
f 1386/1123/5206 1387/1126/5206 1450/1187/5206
f 1387/1126/5207 1388/1125/5207 1451/1188/5207
f 1389/1127/5208 1452/1190/5208 1451/1188/5208
f 1389/1127/5209 1390/4038/5209 1453/1189/5209
f 1391/1128/5210 1392/1129/5210 1455/1191/5210
f 1392/1129/5211 1393/1130/5211 1456/1193/5211
f 1394/1131/5212 1457/1195/5212 1456/1193/5212
f 1394/1131/5213 1395/1133/5213 1458/1194/5213
f 1395/1133/5214 1396/1132/5214 1459/1196/5214
f 1397/1134/5215 1460/1198/5215 1459/1196/5215
f 1397/1134/5216 1398/1135/5216 1461/1197/5216
f 1399/1136/5217 1462/1199/5217 1461/1197/5217
f 1400/1138/5218 1463/1200/5218 1462/1199/5218
f 1401/1137/5219 1464/1201/5219 1463/1200/5219
f 1402/1139/5220 1465/1203/5220 1464/1201/5220
f 1402/1139/5221 1403/1140/5221 1466/1202/5221
f 1404/1142/5222 1467/1205/5222 1466/1202/5222
f 1404/1142/5223 1405/1141/5223 1468/1204/5223
f 1406/1144/5224 1469/1207/5224 1468/1204/5224
f 1406/1144/5225 1407/1143/5225 1470/1206/5225
f 1407/1143/5226 1408/1145/5226 1471/1208/5226
f 1409/1147/5227 1472/1210/5227 1471/1208/5227
f 1409/1147/5228 1410/1146/5228 1473/1209/5228
f 1411/1148/5229 1474/1211/5229 1473/1209/5229
f 1412/1149/5230 1475/1213/5230 1474/1211/5230
f 1412/1149/5231 1413/1151/5231 1476/1212/5231
f 1414/1150/5232 1477/1214/5232 1476/1212/5232
f 1415/1152/5233 1478/1216/5233 1477/1214/5233
f 1415/1152/5234 1416/1154/5234 1479/1215/5234
f 1416/1154/5235 1417/1153/5235 1480/1217/5235
f 1418/1155/5236 1481/1218/5236 1480/1217/5236
f 1419/1156/5237 1482/1220/5237 1481/1218/5237
f 1419/1156/5238 1420/1157/5238 1483/1219/5238
f 1421/1159/5239 1484/1222/5239 1483/1219/5239
f 1421/1159/5240 1422/1158/5240 1485/1221/5240
f 1423/1161/5241 1486/1224/5241 1485/1221/5241
f 1423/1161/5242 1424/1160/5242 1487/1223/5242
f 1425/1163/5243 1488/1226/5243 1487/1223/5243
f 1425/1163/5244 1426/1162/5244 1489/1225/5244
f 1427/1164/5245 1490/1227/5245 1489/1225/5245
f 1428/1166/5246 1491/1228/5246 1490/1227/5246
f 1429/1165/5247 1492/1230/5247 1491/1228/5247
f 1429/1165/5248 1430/1167/5248 1493/1229/5248
f 1430/1167/5249 1431/1168/5249 1494/1231/5249
f 1432/1169/5250 1495/1233/5250 1494/1231/5250
f 1432/1169/5251 1433/1170/5251 1496/1232/5251
f 1433/1170/5252 1434/1171/5252 1497/1234/5252
f 1435/1172/5253 1498/1235/5253 1497/1234/5253
f 1436/1174/5254 1499/1237/5254 1498/1235/5254
f 1436/1174/5255 1437/1173/5255 1500/1236/5255
f 1438/1176/5256 1501/1238/5256 1500/1236/5256
f 1439/1175/5257 1502/1239/5257 1501/1238/5257
f 1440/1177/5258 1503/1240/5258 1502/1239/5258
f 1441/1179/5259 1504/1242/5259 1503/1240/5259
f 1441/1179/5260 1442/1178/5260 1505/1241/5260
f 1443/1180/5261 1506/1244/5261 1505/1241/5261
f 1443/1180/5262 1444/1182/5262 1507/1243/5262
f 1445/1181/5263 1508/1245/5263 1507/1243/5263
f 1446/1183/5264 1509/1246/5264 1508/1245/5264
f 1447/1184/5265 1510/1247/5265 1509/1246/5265
f 1448/1186/5266 1511/1248/5266 1510/1247/5266
f 1449/1185/5267 1512/1249/5267 1511/1248/5267
f 1450/1187/5268 1513/1250/5268 1512/1249/5268
f 1451/1188/5269 1514/1251/5269 1513/1250/5269
f 1452/1190/5270 1515/1252/5270 1514/1251/5270
f 1453/1189/5271 1516/4041/5271 1515/1252/5271
f 1455/1191/5272 1518/1254/5272 1517/1253/5272
f 1456/1193/5273 1519/1256/5273 1518/1254/5273
f 1456/1193/5274 1457/1195/5274 1520/1255/5274
f 1458/1194/5275 1521/1257/5275 1520/1255/5275
f 1459/1196/5276 1522/1258/5276 1521/1257/5276
f 1460/1198/5277 1523/1260/5277 1522/1258/5277
f 1460/1198/5278 1461/1197/5278 1524/1259/5278
f 1461/1197/5279 1462/1199/5279 1525/1261/5279
f 1462/1199/5280 1463/1200/5280 1526/1262/5280
f 1464/1201/5281 1527/1264/5281 1526/1262/5281
f 1464/1201/5282 1465/1203/5282 1528/1263/5282
f 1466/1202/5283 1529/1266/5283 1528/1263/5283
f 1466/1202/5284 1467/1205/5284 1530/1265/5284
f 1467/1205/5285 1468/1204/5285 1531/1267/5285
f 1469/1207/5286 1532/1268/5286 1531/1267/5286
f 1470/1206/5287 1533/1269/5287 1532/1268/5287
f 1471/1208/5288 1534/1270/5288 1533/1269/5288
f 1472/1210/5289 1535/1271/5289 1534/1270/5289
f 1473/1209/5290 1536/1273/5290 1535/1271/5290
f 1473/1209/5291 1474/1211/5291 1537/1272/5291
f 1475/1213/5292 1538/1274/5292 1537/1272/5292
f 1476/1212/5293 1539/1276/5293 1538/1274/5293
f 1476/1212/5294 1477/1214/5294 1540/1275/5294
f 1478/1216/5295 1541/1278/5295 1540/1275/5295
f 1478/1216/5296 1479/1215/5296 1542/1277/5296
f 1480/1217/5297 1543/1279/5297 1542/1277/5297
f 1481/1218/5298 1544/1280/5298 1543/1279/5298
f 1482/1220/5299 1545/1282/5299 1544/1280/5299
f 1482/1220/5300 1483/1219/5300 1546/1281/5300
f 1484/1222/5301 1547/1283/5301 1546/1281/5301
f 1485/1221/5302 1548/1284/5302 1547/1283/5302
f 1486/1224/5303 1549/1286/5303 1548/1284/5303
f 1486/1224/5304 1487/1223/5304 1550/1285/5304
f 1488/1226/5305 1551/1288/5305 1550/1285/5305
f 1488/1226/5306 1489/1225/5306 1552/1287/5306
f 1489/1225/5307 1490/1227/5307 1553/1289/5307
f 1490/1227/5308 1491/1228/5308 1554/1290/5308
f 1492/1230/5309 1555/1292/5309 1554/1290/5309
f 1492/1230/5310 1493/1229/5310 1556/1291/5310
f 1494/1231/5311 1557/1293/5311 1556/1291/5311
f 1495/1233/5312 1558/1294/5312 1557/1293/5312
f 1496/1232/5313 1559/1295/5313 1558/1294/5313
f 1497/1234/5314 1560/1297/5314 1559/1295/5314
f 1497/1234/5315 1498/1235/5315 1561/1296/5315
f 1498/1235/5316 1499/1237/5316 1562/1298/5316
f 1500/1236/5317 1563/1300/5317 1562/1298/5317
f 1500/1236/5318 1501/1238/5318 1564/1299/5318
f 1501/1238/5319 1502/1239/5319 1565/1301/5319
f 1503/1240/5320 1566/1302/5320 1565/1301/5320
f 1504/1242/5321 1567/1304/5321 1566/1302/5321
f 1504/1242/5322 1505/1241/5322 1568/1303/5322
f 1506/1244/5323 1569/1306/5323 1568/1303/5323
f 1506/1244/5324 1507/1243/5324 1570/1305/5324
f 1507/1243/5325 1508/1245/5325 1571/1307/5325
f 1509/1246/5326 1572/1308/5326 1571/1307/5326
f 1510/1247/5327 1573/1309/5327 1572/1308/5327
f 1511/1248/5328 1574/1311/5328 1573/1309/5328
f 1511/1248/5329 1512/1249/5329 1575/1310/5329
f 1512/1249/5330 1513/1250/5330 1576/1312/5330
f 1513/1250/5331 1514/1251/5331 1577/1313/5331
f 1514/1251/5332 1515/1252/5332 1578/1314/5332
f 1515/1252/5333 1516/4041/5333 1579/1315/5333
f 1518/1254/5334 1581/1318/5334 1580/1316/5334
f 1518/1254/5335 1519/1256/5335 1582/1317/5335
f 1519/1256/5336 1520/1255/5336 1583/1319/5336
f 1520/1255/5337 1521/1257/5337 1584/1320/5337
f 1521/1257/5338 1522/1258/5338 1585/1321/5338
f 1522/1258/5339 1523/1260/5339 1586/1322/5339
f 1524/1259/5340 1587/1323/5340 1586/1322/5340
f 1525/1261/5341 1588/1324/5341 1587/1323/5341
f 1526/1262/5342 1589/1326/5342 1588/1324/5342
f 1526/1262/5343 1527/1264/5343 1590/1325/5343
f 1527/1264/5344 1528/1263/5344 1591/1327/5344
f 1529/1266/5345 1592/1329/5345 1591/1327/5345
f 1529/1266/5346 1530/1265/5346 1593/1328/5346
f 1531/1267/5347 1594/1330/5347 1593/1328/5347
f 1532/1268/5348 1595/1332/5348 1594/1330/5348
f 1532/1268/5349 1533/1269/5349 1596/1331/5349
f 1533/1269/5350 1534/1270/5350 1597/1333/5350
f 1535/1271/5351 1598/1335/5351 1597/1333/5351
f 1535/1271/5352 1536/1273/5352 1599/1334/5352
f 1536/1273/5353 1537/1272/5353 1600/1336/5353
f 1537/1272/5354 1538/1274/5354 1601/1337/5354
f 1539/1276/5355 1602/1339/5355 1601/1337/5355
f 1539/1276/4892 1540/1275/4892 1603/1338/4892
f 1541/1278/5356 1604/1341/5356 1603/1338/5356
f 1541/1278/5357 1542/1277/5357 1605/1340/5357
f 1543/1279/5358 1606/1343/5358 1605/1340/5358
f 1543/1279/5359 1544/1280/5359 1607/1342/5359
f 1544/1280/5360 1545/1282/5360 1608/1344/5360
f 1545/1282/5361 1546/1281/5361 1609/1345/5361
f 1547/1283/5362 1610/1346/5362 1609/1345/5362
f 1548/1284/5363 1611/1348/5363 1610/1346/5363
f 1548/1284/5364 1549/1286/5364 1612/1347/5364
f 1549/1286/5365 1550/1285/5365 1613/1349/5365
f 1551/1288/5366 1614/1351/5366 1613/1349/5366
f 1551/1288/5367 1552/1287/5367 1615/1350/5367
f 1553/1289/5368 1616/1352/5368 1615/1350/5368
f 1554/1290/5369 1617/1354/5369 1616/1352/5369
f 1554/1290/5370 1555/1292/5370 1618/1353/5370
f 1555/1292/5371 1556/1291/5371 1619/1355/5371
f 1556/1291/5372 1557/1293/5372 1620/1356/5372
f 1558/1294/5373 1621/1357/5373 1620/1356/5373
f 1559/1295/5374 1622/1358/5374 1621/1357/5374
f 1560/1297/5375 1623/1360/5375 1622/1358/5375
f 1560/1297/5376 1561/1296/5376 1624/1359/5376
f 1562/1298/5377 1625/1362/5377 1624/1359/5377
f 1562/1298/5378 1563/1300/5378 1626/1361/5378
f 1564/1299/5379 1627/1364/5379 1626/1361/5379
f 1564/1299/5380 1565/1301/5380 1628/1363/5380
f 1566/1302/5381 1629/1365/5381 1628/1363/5381
f 1567/1304/5382 1630/1366/5382 1629/1365/5382
f 1568/1303/5383 1631/1367/5383 1630/1366/5383
f 1569/1306/5384 1632/1368/5384 1631/1367/5384
f 1570/1305/5385 1633/1370/5385 1632/1368/5385
f 1570/1305/5386 1571/1307/5386 1634/1369/5386
f 1571/1307/5387 1572/1308/5387 1635/1371/5387
f 1572/1308/5388 1573/1309/5388 1636/1372/5388
f 1574/1311/5389 1637/1373/5389 1636/1372/5389
f 1575/1310/5390 1638/1374/5390 1637/1373/5390
f 1576/1312/5391 1639/1376/5391 1638/1374/5391
f 1576/1312/5392 1577/1313/5392 1640/1375/5392
f 1577/1313/5393 1578/1314/5393 1641/1377/5393
f 1578/1314/5394 1579/1315/5394 1642/1378/5394
f 1581/1318/5395 1644/1381/5395 1643/1379/5395
f 1581/1318/5396 1582/1317/5396 1645/1380/5396
f 1583/1319/5397 1646/1382/5397 1645/1380/5397
f 1584/1320/5398 1647/1383/5398 1646/1382/5398
f 1585/1321/5399 1648/1384/5399 1647/1383/5399
f 1586/1322/5400 1649/1386/5400 1648/1384/5400
f 1586/1322/5401 1587/1323/5401 1650/1385/5401
f 1587/1323/5402 1588/1324/5402 1651/1387/5402
f 1589/1326/5403 1652/1389/5403 1651/1387/5403
f 1589/1326/5404 1590/1325/5404 1653/1388/5404
f 1591/1327/5405 1654/1391/5405 1653/1388/5405
f 1591/1327/5406 1592/1329/5406 1655/1390/5406
f 1592/1329/5407 1593/1328/5407 1656/1392/5407
f 1593/1328/5408 1594/1330/5408 1657/1393/5408
f 1594/1330/5409 1595/1332/5409 1658/1394/5409
f 1595/1332/5410 1596/1331/5410 1659/1395/5410
f 1596/1331/5411 1597/1333/5411 1660/1396/5411
f 1598/1335/5412 1661/1398/5412 1660/1396/5412
f 1598/1335/5413 1599/1334/5413 1662/1397/5413
f 1600/1336/5414 1663/1400/5414 1662/1397/5414
f 1600/1336/5415 1601/1337/5415 1664/1399/5415
f 1601/1337/5416 1602/1339/5416 1665/1401/5416
f 1602/1339/5417 1603/1338/5417 1666/1402/5417
f 1604/1341/5418 1667/1404/5418 1666/1402/5418
f 1604/1341/5419 1605/1340/5419 1668/1403/5419
f 1606/1343/5420 1669/1405/5420 1668/1403/5420
f 1607/1342/5421 1670/1406/5421 1669/1405/5421
f 1608/1344/5422 1671/1407/5422 1670/1406/5422
f 1609/1345/5423 1672/1409/5423 1671/1407/5423
f 1609/1345/5424 1610/1346/5424 1673/1408/5424
f 1610/1346/5425 1611/1348/5425 1674/1410/5425
f 1612/1347/5426 1675/1411/5426 1674/1410/5426
f 1613/1349/5427 1676/1412/5427 1675/1411/5427
f 1614/1351/5428 1677/1413/5428 1676/1412/5428
f 1615/1350/5429 1678/1414/5429 1677/1413/5429
f 1616/1352/5430 1679/1415/5430 1678/1414/5430
f 1617/1354/5431 1680/1416/5431 1679/1415/5431
f 1618/1353/5432 1681/1418/5432 1680/1416/5432
f 1618/1353/5433 1619/1355/5433 1682/1417/5433
f 1619/1355/5434 1620/1356/5434 1683/1419/5434
f 1621/1357/5435 1684/1420/5435 1683/1419/5435
f 1622/1358/5436 1685/1422/5436 1684/1420/5436
f 1622/1358/5437 1623/1360/5437 1686/1421/5437
f 1624/1359/5438 1687/1423/5438 1686/1421/5438
f 1625/1362/5439 1688/1425/5439 1687/1423/5439
f 1625/1362/5440 1626/1361/5440 1689/1424/5440
f 1627/1364/5441 1690/1427/5441 1689/1424/5441
f 1627/1364/5442 1628/1363/5442 1691/1426/5442
f 1628/1363/5443 1629/1365/5443 1692/1428/5443
f 1630/1366/5444 1693/1430/5444 1692/1428/5444
f 1630/1366/5445 1631/1367/5445 1694/1429/5445
f 1631/1367/5446 1632/1368/5446 1695/1431/5446
f 1632/1368/5447 1633/1370/5447 1696/1432/5447
f 1633/1370/5448 1634/1369/5448 1697/1433/5448
f 1634/1369/5449 1635/1371/5449 1698/1434/5449
f 1636/1372/5450 1699/1436/5450 1698/1434/5450
f 1636/1372/5451 1637/1373/5451 1700/1435/5451
f 1638/1374/5452 1701/1437/5452 1700/1435/5452
f 1639/1376/5453 1702/1438/5453 1701/1437/5453
f 1640/1375/5454 1703/1439/5454 1702/1438/5454
f 1641/1377/5455 1704/1441/5455 1703/1439/5455
f 1641/1377/5456 1642/1378/5456 1705/1440/5456
f 1643/1379/5457 1644/1381/5457 1707/1442/5457
f 1645/1380/5458 1708/1444/5458 1707/1442/5458
f 1646/1382/5459 1709/1446/5459 1708/1444/5459
f 1646/1382/5460 1647/1383/5460 1710/1445/5460
f 1648/1384/5461 1711/1447/5461 1710/1445/5461
f 1649/1386/5462 1712/1448/5462 1711/1447/5462
f 1650/1385/5463 1713/1450/5463 1712/1448/5463
f 1650/1385/5464 1651/1387/5464 1714/1449/5464
f 1652/1389/5465 1715/1452/5465 1714/1449/5465
f 1652/1389/5466 1653/1388/5466 1716/1451/5466
f 1654/1391/5467 1717/1454/5467 1716/1451/5467
f 1654/1391/5468 1655/1390/5468 1718/1453/5468
f 1656/1392/5469 1719/1455/5469 1718/1453/5469
f 1657/1393/5470 1720/1456/5470 1719/1455/5470
f 1658/1394/5471 1721/1457/5471 1720/1456/5471
f 1659/1395/5472 1722/1458/5472 1721/1457/5472
f 1660/1396/5473 1723/1460/5473 1722/1458/5473
f 1660/1396/5474 1661/1398/5474 1724/1459/5474
f 1662/1397/5475 1725/1462/5475 1724/1459/5475
f 1662/1397/5476 1663/1400/5476 1726/1461/5476
f 1664/1399/5477 1727/1463/5477 1726/1461/5477
f 1665/1401/5478 1728/1464/5478 1727/1463/5478
f 1666/1402/5479 1729/1465/5479 1728/1464/5479
f 1667/1404/5480 1730/1466/5480 1729/1465/5480
f 1668/1403/5481 1731/1468/5481 1730/1466/5481
f 1668/1403/5482 1669/1405/5482 1732/1467/5482
f 1670/1406/5483 1733/1469/5483 1732/1467/5483
f 1671/1407/5484 1734/1471/5484 1733/1469/5484
f 1671/1407/5485 1672/1409/5485 1735/1470/5485
f 1672/1409/5486 1673/1408/5486 1736/1472/5486
f 1673/1408/5487 1674/1410/5487 1737/1473/5487
f 1675/1411/5488 1738/1475/5488 1737/1473/5488
f 1675/1411/5489 1676/1412/5489 1739/1474/5489
f 1676/1412/5490 1677/1413/5490 1740/1476/5490
f 1678/1414/5491 1741/1478/5491 1740/1476/5491
f 1678/1414/5492 1679/1415/5492 1742/1477/5492
f 1679/1415/5493 1680/1416/5493 1743/1479/5493
f 1681/1418/5494 1744/1480/5494 1743/1479/5494
f 1682/1417/5495 1745/1482/5495 1744/1480/5495
f 1682/1417/5496 1683/1419/5496 1746/1481/5496
f 1684/1420/5497 1747/1484/5497 1746/1481/5497
f 1684/1420/5498 1685/1422/5498 1748/1483/5498
f 1686/1421/5499 1749/1485/5499 1748/1483/5499
f 1687/1423/5500 1750/1486/5500 1749/1485/5500
f 1688/1425/5501 1751/1488/5501 1750/1486/5501
f 1688/1425/5502 1689/1424/5502 1752/1487/5502
f 1689/1424/5503 1690/1427/5503 1753/1489/5503
f 1691/1426/5504 1754/1491/5504 1753/1489/5504
f 1691/1426/5505 1692/1428/5505 1755/1490/5505
f 1692/1428/5506 1693/1430/5506 1756/1492/5506
f 1694/1429/5507 1757/1494/5507 1756/1492/5507
f 1694/1429/5508 1695/1431/5508 1758/1493/5508
f 1696/1432/5509 1759/1495/5509 1758/1493/5509
f 1697/1433/5510 1760/1496/5510 1759/1495/5510
f 1698/1434/5511 1761/1497/5511 1760/1496/5511
f 1699/1436/5512 1762/1498/5512 1761/1497/5512
f 1700/1435/5513 1763/1500/5513 1762/1498/5513
f 1700/1435/5514 1701/1437/5514 1764/1499/5514
f 1701/1437/5515 1702/1438/5515 1765/1501/5515
f 1702/1438/5516 1703/1439/5516 1766/1502/5516
f 1703/1439/5517 1704/1441/5517 1767/1503/5517
f 1704/1441/5518 1705/1440/5518 1768/1504/5518
f 1706/1443/5519 1707/1442/5519 1770/1505/5519
f 1707/1442/5520 1708/1444/5520 1771/1507/5520
f 1708/1444/5521 1709/1446/5521 1772/1508/5521
f 1709/1446/5522 1710/1445/5522 1773/1509/5522
f 1711/1447/5523 1774/1510/5523 1773/1509/5523
f 1712/1448/5524 1775/1512/5524 1774/1510/5524
f 1712/1448/5525 1713/1450/5525 1776/1511/5525
f 1713/1450/5526 1714/1449/5526 1777/1513/5526
f 1715/1452/5527 1778/1515/5527 1777/1513/5527
f 1715/1452/5528 1716/1451/5528 1779/1514/5528
f 1717/1454/5529 1780/1517/5529 1779/1514/5529
f 1717/1454/5530 1718/1453/5530 1781/1516/5530
f 1719/1455/5531 1782/1519/5531 1781/1516/5531
f 1719/1455/5532 1720/1456/5532 1783/1518/5532
f 1720/1456/5533 1721/1457/5533 1784/1520/5533
f 1722/1458/5534 1785/1521/5534 1784/1520/5534
f 1723/1460/5535 1786/1523/5535 1785/1521/5535
f 1723/1460/5536 1724/1459/5536 1787/1522/5536
f 1724/1459/5537 1725/1462/5537 1788/1524/5537
f 1726/1461/5538 1789/1525/5538 1788/1524/5538
f 1727/1463/5539 1790/1526/5539 1789/1525/5539
f 1728/1464/5540 1791/1527/5540 1790/1526/5540
f 1729/1465/5541 1792/1529/5541 1791/1527/5541
f 1729/1465/5542 1730/1466/5542 1793/1528/5542
f 1731/1468/5543 1794/1531/5543 1793/1528/5543
f 1731/1468/5544 1732/1467/5544 1795/1530/5544
f 1733/1469/5545 1796/1532/5545 1795/1530/5545
f 1734/1471/5546 1797/1534/5546 1796/1532/5546
f 1734/1471/5547 1735/1470/5547 1798/1533/5547
f 1736/1472/5548 1799/1536/5548 1798/1533/5548
f 1736/1472/5549 1737/1473/5549 1800/1535/5549
f 1738/1475/5550 1801/1538/5550 1800/1535/5550
f 1738/1475/5551 1739/1474/5551 1802/1537/5551
f 1739/1474/5552 1740/1476/5552 1803/1539/5552
f 1740/1476/5553 1741/1478/5553 1804/1540/5553
f 1742/1477/5554 1805/1541/5554 1804/1540/5554
f 1743/1479/5555 1806/1543/5555 1805/1541/5555
f 1743/1479/5556 1744/1480/5556 1807/1542/5556
f 1745/1482/5557 1808/1544/5557 1807/1542/5557
f 1746/1481/5558 1809/1545/5558 1808/1544/5558
f 1747/1484/5559 1810/1547/5559 1809/1545/5559
f 1747/1484/5560 1748/1483/5560 1811/1546/5560
f 1748/1483/5561 1749/1485/5561 1812/1548/5561
f 1750/1486/5562 1813/1549/5562 1812/1548/5562
f 1751/1488/5563 1814/1550/5563 1813/1549/5563
f 1752/1487/5564 1815/1551/5564 1814/1550/5564
f 1753/1489/5565 1816/1552/5565 1815/1551/5565
f 1754/1491/5566 1817/1554/5566 1816/1552/5566
f 1754/1491/5567 1755/1490/5567 1818/1553/5567
f 1756/1492/5568 1819/1555/5568 1818/1553/5568
f 1757/1494/5569 1820/1557/5569 1819/1555/5569
f 1757/1494/5570 1758/1493/5570 1821/1556/5570
f 1759/1495/5571 1822/1558/5571 1821/1556/5571
f 1760/1496/5572 1823/1560/5572 1822/1558/5572
f 1760/1496/5573 1761/1497/5573 1824/1559/5573
f 1761/1497/5574 1762/1498/5574 1825/1561/5574
f 1762/1498/5575 1763/1500/5575 1826/1562/5575
f 1763/1500/5576 1764/1499/5576 1827/1563/5576
f 1765/1501/5577 1828/1564/5577 1827/1563/5577
f 1766/1502/5578 1829/1565/5578 1828/1564/5578
f 1767/1503/5579 1830/1566/5579 1829/1565/5579
f 1768/1504/5580 1831/1629/5580 1830/1566/5580
f 1770/1505/5581 1833/1568/5581 1832/1567/5581
f 1771/1507/5582 1834/1569/5582 1833/1568/5582
f 1772/1508/5583 1835/1570/5583 1834/1569/5583
f 1773/1509/5584 1836/1572/5584 1835/1570/5584
f 1773/1509/5585 1774/1510/5585 1837/1571/5585
f 1774/1510/5586 1775/1512/5586 1838/1573/5586
f 1775/1512/5587 1776/1511/5587 1839/1574/5587
f 1776/1511/5588 1777/1513/5588 1840/1575/5588
f 1777/1513/5589 1778/1515/5589 1841/1576/5589
f 1779/1514/5590 1842/1577/5590 1841/1576/5590
f 1780/1517/5591 1843/1578/5591 1842/1577/5591
f 1781/1516/5592 1844/1580/5592 1843/1578/5592
f 1781/1516/5593 1782/1519/5593 1845/1579/5593
f 1783/1518/5594 1846/1581/5594 1845/1579/5594
f 1784/1520/5595 1847/1582/5595 1846/1581/5595
f 1785/1521/5596 1848/1583/5596 1847/1582/5596
f 1786/1523/5597 1849/1584/5597 1848/1583/5597
f 1787/1522/5598 1850/1586/5598 1849/1584/5598
f 1787/1522/5599 1788/1524/5599 1851/1585/5599
f 1789/1525/5600 1852/1588/5600 1851/1585/5600
f 1789/1525/5601 1790/1526/5601 1853/1587/5601
f 1791/1527/5602 1854/1589/5602 1853/1587/5602
f 1792/1529/5603 1855/1591/5603 1854/1589/5603
f 1792/1529/5604 1793/1528/5604 1856/1590/5604
f 1794/1531/5605 1857/1592/5605 1856/1590/5605
f 1795/1530/5606 1858/1594/5606 1857/1592/5606
f 1795/1530/5607 1796/1532/5607 1859/1593/5607
f 1797/1534/5608 1860/1595/5608 1859/1593/5608
f 1798/1533/5609 1861/1596/5609 1860/1595/5609
f 1799/1536/5610 1862/1598/5610 1861/1596/5610
f 1799/1536/5611 1800/1535/5611 1863/1597/5611
f 1801/1538/5612 1864/1600/5612 1863/1597/5612
f 1801/1538/5613 1802/1537/5613 1865/1599/5613
f 1802/1537/5614 1803/1539/5614 1866/1601/5614
f 1804/1540/5615 1867/1602/5615 1866/1601/5615
f 1805/1541/5616 1868/1604/5616 1867/1602/5616
f 1805/1541/5617 1806/1543/5617 1869/1603/5617
f 1807/1542/5618 1870/1606/5618 1869/1603/5618
f 1807/1542/5619 1808/1544/5619 1871/1605/5619
f 1809/1545/5620 1872/1607/5620 1871/1605/5620
f 1810/1547/5621 1873/1608/5621 1872/1607/5621
f 1811/1546/5622 1874/1610/5622 1873/1608/5622
f 1811/1546/5623 1812/1548/5623 1875/1609/5623
f 1813/1549/5624 1876/1612/5624 1875/1609/5624
f 1813/1549/5625 1814/1550/5625 1877/1611/5625
f 1815/1551/5626 1878/1614/5626 1877/1611/5626
f 1815/1551/5627 1816/1552/5627 1879/1613/5627
f 1816/1552/5628 1817/1554/5628 1880/1615/5628
f 1818/1553/5629 1881/1616/5629 1880/1615/5629
f 1819/1555/5630 1882/1617/5630 1881/1616/5630
f 1820/1557/5631 1883/1619/5631 1882/1617/5631
f 1820/1557/5632 1821/1556/5632 1884/1618/5632
f 1822/1558/5633 1885/1621/5633 1884/1618/5633
f 1822/1558/5634 1823/1560/5634 1886/1620/5634
f 1824/1559/5635 1887/1622/5635 1886/1620/5635
f 1825/1561/5636 1888/1623/5636 1887/1622/5636
f 1826/1562/5637 1889/1624/5637 1888/1623/5637
f 1827/1563/5638 1890/1626/5638 1889/1624/5638
f 1827/1563/5639 1828/1564/5639 1891/1625/5639
f 1829/1565/5640 1892/1628/5640 1891/1625/5640
f 1829/1565/5641 1830/1566/5641 1893/1627/5641
f 1831/1629/5642 1894/1691/5642 1893/1627/5642
f 1832/1567/5643 1833/1568/5643 1896/1630/5643
f 1834/1569/5644 1897/1632/5644 1896/1630/5644
f 1835/1570/5645 1898/1634/5645 1897/1632/5645
f 1835/1570/5646 1836/1572/5646 1899/1633/5646
f 1836/1572/5647 1837/1571/5647 1900/1635/5647
f 1838/1573/5648 1901/1636/5648 1900/1635/5648
f 1839/1574/5649 1902/1637/5649 1901/1636/5649
f 1840/1575/5650 1903/1638/5650 1902/1637/5650
f 1841/1576/5651 1904/1640/5651 1903/1638/5651
f 1841/1576/5652 1842/1577/5652 1905/1639/5652
f 1842/1577/5653 1843/1578/5653 1906/1641/5653
f 1843/1578/5654 1844/1580/5654 1907/1642/5654
f 1845/1579/5655 1908/1643/5655 1907/1642/5655
f 1846/1581/5656 1909/1645/5656 1908/1643/5656
f 1846/1581/5657 1847/1582/5657 1910/1644/5657
f 1847/1582/5658 1848/1583/5658 1911/1646/5658
f 1848/1583/5659 1849/1584/5659 1912/1647/5659
f 1850/1586/5660 1913/1649/5660 1912/1647/5660
f 1850/1586/5661 1851/1585/5661 1914/1648/5661
f 1852/1588/5662 1915/1651/5662 1914/1648/5662
f 1852/1588/5663 1853/1587/5663 1916/1650/5663
f 1854/1589/5664 1917/1653/5664 1916/1650/5664
f 1854/1589/5665 1855/1591/5665 1918/1652/5665
f 1855/1591/5666 1856/1590/5666 1919/1654/5666
f 1856/1590/5667 1857/1592/5667 1920/1655/5667
f 1857/1592/5668 1858/1594/5668 1921/1656/5668
f 1859/1593/5669 1922/1657/5669 1921/1656/5669
f 1860/1595/5670 1923/1658/5670 1922/1657/5670
f 1861/1596/5671 1924/1659/5671 1923/1658/5671
f 1862/1598/5672 1925/1661/5672 1924/1659/5672
f 1862/1598/5673 1863/1597/5673 1926/1660/5673
f 1864/1600/5674 1927/1663/5674 1926/1660/5674
f 1864/1600/5675 1865/1599/5675 1928/1662/5675
f 1866/1601/5676 1929/1664/5676 1928/1662/5676
f 1867/1602/5677 1930/1666/5677 1929/1664/5677
f 1867/1602/5678 1868/1604/5678 1931/1665/5678
f 1868/1604/5679 1869/1603/5679 1932/1667/5679
f 1870/1606/5680 1933/1668/5680 1932/1667/5680
f 1871/1605/5681 1934/1669/5681 1933/1668/5681
f 1872/1607/5682 1935/1670/5682 1934/1669/5682
f 1873/1608/5683 1936/1671/5683 1935/1670/5683
f 1874/1610/5684 1937/1673/5684 1936/1671/5684
f 1874/1610/5685 1875/1609/5685 1938/1672/5685
f 1876/1612/5686 1939/1674/5686 1938/1672/5686
f 1877/1611/5687 1940/1676/5687 1939/1674/5687
f 1877/1611/5688 1878/1614/5688 1941/1675/5688
f 1878/1614/5689 1879/1613/5689 1942/1677/5689
f 1880/1615/5690 1943/1678/5690 1942/1677/5690
f 1881/1616/5691 1944/1680/5691 1943/1678/5691
f 1881/1616/5692 1882/1617/5692 1945/1679/5692
f 1882/1617/5693 1883/1619/5693 1946/1681/5693
f 1883/1619/5694 1884/1618/5694 1947/1682/5694
f 1884/1618/5695 1885/1621/5695 1948/1683/5695
f 1885/1621/5696 1886/1620/5696 1949/1684/5696
f 1887/1622/5697 1950/1686/5697 1949/1684/5697
f 1887/1622/5698 1888/1623/5698 1951/1685/5698
f 1888/1623/5699 1889/1624/5699 1952/1687/5699
f 1890/1626/5700 1953/1688/5700 1952/1687/5700
f 1891/1625/5701 1954/1690/5701 1953/1688/5701
f 1891/1625/5702 1892/1628/5702 1955/1689/5702
f 1893/1627/5703 1956/1692/5703 1955/1689/5703
f 1894/1691/5704 1957/1755/5704 1956/1692/5704
f 1895/1631/5705 1896/1630/5705 1959/1693/5705
f 1897/1632/5706 1960/1695/5706 1959/1693/5706
f 1898/1634/5707 1961/1696/5707 1960/1695/5707
f 1899/1633/5708 1962/1698/5708 1961/1696/5708
f 1899/1633/5709 1900/1635/5709 1963/1697/5709
f 1900/1635/5710 1901/1636/5710 1964/1699/5710
f 1901/1636/5711 1902/1637/5711 1965/1700/5711
f 1903/1638/5712 1966/1701/5712 1965/1700/5712
f 1904/1640/5713 1967/1702/5713 1966/1701/5713
f 1905/1639/5714 1968/1703/5714 1967/1702/5714
f 1906/1641/1685 1969/1705/1685 1968/1703/1685
f 1906/1641/5715 1907/1642/5715 1970/1704/5715
f 1907/1642/5716 1908/1643/5716 1971/1706/5716
f 1909/1645/5717 1972/1707/5717 1971/1706/5717
f 1910/1644/5718 1973/1709/5718 1972/1707/5718
f 1910/1644/5719 1911/1646/5719 1974/1708/5719
f 1912/1647/5720 1975/1711/5720 1974/1708/5720
f 1912/1647/5721 1913/1649/5721 1976/1710/5721
f 1913/1649/5722 1914/1648/5722 1977/1712/5722
f 1915/1651/5723 1978/1713/5723 1977/1712/5723
f 1916/1650/5724 1979/1714/5724 1978/1713/5724
f 1917/1653/5725 1980/1716/5725 1979/1714/5725
f 1917/1653/5726 1918/1652/5726 1981/1715/5726
f 1918/1652/5727 1919/1654/5727 1982/1717/5727
f 1920/1655/5728 1983/1719/5728 1982/1717/5728
f 1920/1655/5729 1921/1656/5729 1984/1718/5729
f 1921/1656/5730 1922/1657/5730 1985/1720/5730
f 1922/1657/5731 1923/1658/5731 1986/1721/5731
f 1923/1658/5732 1924/1659/5732 1987/1722/5732
f 1925/1661/5733 1988/1723/5733 1987/1722/5733
f 1926/1660/5734 1989/1725/5734 1988/1723/5734
f 1926/1660/5735 1927/1663/5735 1990/1724/5735
f 1928/1662/5736 1991/1727/5736 1990/1724/5736
f 1928/1662/5737 1929/1664/5737 1992/1726/5737
f 1929/1664/5738 1930/1666/5738 1993/1728/5738
f 1931/1665/5739 1994/1729/5739 1993/1728/5739
f 1932/1667/5740 1995/1731/5740 1994/1729/5740
f 1932/1667/5741 1933/1668/5741 1996/1730/5741
f 1933/1668/5742 1934/1669/5742 1997/1732/5742
f 1934/1669/5743 1935/1670/5743 1998/1733/5743
f 1936/1671/5744 1999/1734/5744 1998/1733/5744
f 1937/1673/5745 2000/1736/5745 1999/1734/5745
f 1937/1673/5746 1938/1672/5746 2001/1735/5746
f 1939/1674/5747 2002/1737/5747 2001/1735/5747
f 1940/1676/5748 2003/1739/5748 2002/1737/5748
f 1940/1676/5749 1941/1675/5749 2004/1738/5749
f 1942/1677/5750 2005/1741/5750 2004/1738/5750
f 1942/1677/5751 1943/1678/5751 2006/1740/5751
f 1944/1680/5752 2007/1742/5752 2006/1740/5752
f 1945/1679/5753 2008/1743/5753 2007/1742/5753
f 1946/1681/5754 2009/1745/5754 2008/1743/5754
f 1946/1681/5755 1947/1682/5755 2010/1744/5755
f 1948/1683/5756 2011/1746/5756 2010/1744/5756
f 1949/1684/5757 2012/1748/5757 2011/1746/5757
f 1949/1684/5758 1950/1686/5758 2013/1747/5758
f 1950/1686/5759 1951/1685/5759 2014/1749/5759
f 1952/1687/5760 2015/1750/5760 2014/1749/5760
f 1953/1688/5761 2016/1751/5761 2015/1750/5761
f 1954/1690/5762 2017/1752/5762 2016/1751/5762
f 1955/1689/5763 2018/1754/5763 2017/1752/5763
f 1955/1689/5764 1956/1692/5764 2019/1753/5764
f 1957/1755/5765 2020/4049/5765 2019/1753/5765
f 1959/1693/5766 2022/1758/5766 2021/1756/5766
f 1959/1693/5767 1960/1695/5767 2023/1757/5767
f 1960/1695/5768 1961/1696/5768 2024/1759/5768
f 1962/1698/5769 2025/1760/5769 2024/1759/5769
f 1963/1697/5770 2026/1761/5770 2025/1760/5770
f 1964/1699/5771 2027/1762/5771 2026/1761/5771
f 1965/1700/5772 2028/1763/5772 2027/1762/5772
f 1966/1701/5773 2029/1765/5773 2028/1763/5773
f 1966/1701/5774 1967/1702/5774 2030/1764/5774
f 1968/1703/5775 2031/1766/5775 2030/1764/5775
f 1969/1705/5776 2032/1768/5776 2031/1766/5776
f 1969/1705/5777 1970/1704/5777 2033/1767/5777
f 1971/1706/5778 2034/1769/5778 2033/1767/5778
f 1972/1707/5779 2035/1771/5779 2034/1769/5779
f 1972/1707/5780 1973/1709/5780 2036/1770/5780
f 1974/1708/5781 2037/1772/5781 2036/1770/5781
f 1975/1711/5782 2038/1774/5782 2037/1772/5782
f 1975/1711/5783 1976/1710/5783 2039/1773/5783
f 1976/1710/5784 1977/1712/5784 2040/1775/5784
f 1977/1712/5785 1978/1713/5785 2041/1776/5785
f 1978/1713/5786 1979/1714/5786 2042/1777/5786
f 1980/1716/5787 2043/1778/5787 2042/1777/5787
f 1981/1715/5788 2044/1779/5788 2043/1778/5788
f 1982/1717/5789 2045/1780/5789 2044/1779/5789
f 1983/1719/5790 2046/1781/5790 2045/1780/5790
f 1984/1718/5791 2047/1783/5791 2046/1781/5791
f 1984/1718/5792 1985/1720/5792 2048/1782/5792
f 1985/1720/5793 1986/1721/5793 2049/1784/5793
f 1987/1722/5794 2050/1786/5794 2049/1784/5794
f 1987/1722/5795 1988/1723/5795 2051/1785/5795
f 1988/1723/5796 1989/1725/5796 2052/1787/5796
f 1990/1724/5797 2053/1788/5797 2052/1787/5797
f 1991/1727/5798 2054/1790/5798 2053/1788/5798
f 1991/1727/5799 1992/1726/5799 2055/1789/5799
f 1993/1728/5800 2056/1791/5800 2055/1789/5800
f 1994/1729/5801 2057/1792/5801 2056/1791/5801
f 1995/1731/5802 2058/1794/5802 2057/1792/5802
f 1995/1731/5803 1996/1730/5803 2059/1793/5803
f 1996/1730/5804 1997/1732/5804 2060/1795/5804
f 1997/1732/5805 1998/1733/5805 2061/1796/5805
f 1998/1733/5806 1999/1734/5806 2062/1797/5806
f 1999/1734/5807 2000/1736/5807 2063/1798/5807
f 2001/1735/5808 2064/1800/5808 2063/1798/5808
f 2001/1735/5809 2002/1737/5809 2065/1799/5809
f 2003/1739/5810 2066/1802/5810 2065/1799/5810
f 2003/1739/5811 2004/1738/5811 2067/1801/5811
f 2005/1741/5812 2068/1803/5812 2067/1801/5812
f 2006/1740/5813 2069/1804/5813 2068/1803/5813
f 2007/1742/5814 2070/1805/5814 2069/1804/5814
f 2008/1743/5815 2071/1806/5815 2070/1805/5815
f 2009/1745/5816 2072/1808/5816 2071/1806/5816
f 2009/1745/5817 2010/1744/5817 2073/1807/5817
f 2011/1746/5818 2074/1809/5818 2073/1807/5818
f 2012/1748/5819 2075/1811/5819 2074/1809/5819
f 2012/1748/5820 2013/1747/5820 2076/1810/5820
f 2014/1749/5821 2077/1813/5821 2076/1810/5821
f 2014/1749/5822 2015/1750/5822 2078/1812/5822
f 2016/1751/5823 2079/1814/5823 2078/1812/5823
f 2017/1752/5824 2080/1815/5824 2079/1814/5824
f 2018/1754/5825 2081/1816/5825 2080/1815/5825
f 2019/1753/5826 2082/1818/5826 2081/1816/5826
f 2019/1753/5827 2020/4049/5827 2083/1817/5827
f 2022/1758/5828 2085/1820/5828 2084/1819/5828
f 2023/1757/5829 2086/1822/5829 2085/1820/5829
f 2023/1757/5830 2024/1759/5830 2087/1821/5830
f 2024/1759/5831 2025/1760/5831 2088/1823/5831
f 2025/1760/5832 2026/1761/5832 2089/1824/5832
f 2027/1762/5833 2090/1825/5833 2089/1824/5833
f 2028/1763/5834 2091/1826/5834 2090/1825/5834
f 2029/1765/5835 2092/1828/5835 2091/1826/5835
f 2029/1765/5836 2030/1764/5836 2093/1827/5836
f 2031/1766/5837 2094/1830/5837 2093/1827/5837
f 2031/1766/5838 2032/1768/5838 2095/1829/5838
f 2032/1768/5839 2033/1767/5839 2096/1831/5839
f 2033/1767/5840 2034/1769/5840 2097/1832/5840
f 2035/1771/5841 2098/1834/5841 2097/1832/5841
f 2035/1771/5842 2036/1770/5842 2099/1833/5842
f 2037/1772/5843 2100/1836/5843 2099/1833/5843
f 2037/1772/5844 2038/1774/5844 2101/1835/5844
f 2039/1773/5845 2102/1838/5845 2101/1835/5845
f 2039/1773/5846 2040/1775/5846 2103/1837/5846
f 2040/1775/5847 2041/1776/5847 2104/1839/5847
f 2041/1776/5848 2042/1777/5848 2105/1840/5848
f 2043/1778/5849 2106/1842/5849 2105/1840/5849
f 2043/1778/5850 2044/1779/5850 2107/1841/5850
f 2044/1779/5851 2045/1780/5851 2108/1843/5851
f 2046/1781/5852 2109/1844/5852 2108/1843/5852
f 2047/1783/5853 2110/1846/5853 2109/1844/5853
f 2047/1783/5854 2048/1782/5854 2111/1845/5854
f 2049/1784/5855 2112/1847/5855 2111/1845/5855
f 2050/1786/5856 2113/1849/5856 2112/1847/5856
f 2050/1786/5857 2051/1785/5857 2114/1848/5857
f 2052/1787/5858 2115/1851/5858 2114/1848/5858
f 2052/1787/5859 2053/1788/5859 2116/1850/5859
f 2054/1790/5860 2117/1853/5860 2116/1850/5860
f 2054/1790/5861 2055/1789/5861 2118/1852/5861
f 2056/1791/5862 2119/1855/5862 2118/1852/5862
f 2056/1791/5863 2057/1792/5863 2120/1854/5863
f 2057/1792/5864 2058/1794/5864 2121/1856/5864
f 2058/1794/5865 2059/1793/5865 2122/1857/5865
f 2060/1795/5866 2123/1858/5866 2122/1857/5866
f 2061/1796/5867 2124/1860/5867 2123/1858/5867
f 2061/1796/5868 2062/1797/5868 2125/1859/5868
f 2063/1798/5869 2126/1861/5869 2125/1859/5869
f 2064/1800/5870 2127/1863/5870 2126/1861/5870
f 2064/1800/5871 2065/1799/5871 2128/1862/5871
f 2066/1802/5872 2129/1864/5872 2128/1862/5872
f 2067/1801/5873 2130/1866/5873 2129/1864/5873
f 2067/1801/5874 2068/1803/5874 2131/1865/5874
f 2069/1804/5875 2132/1868/5875 2131/1865/5875
f 2069/1804/5876 2070/1805/5876 2133/1867/5876
f 2070/1805/5877 2071/1806/5877 2134/1869/5877
f 2072/1808/5878 2135/1870/5878 2134/1869/5878
f 2073/1807/5879 2136/1871/5879 2135/1870/5879
f 2074/1809/5880 2137/1872/5880 2136/1871/5880
f 2075/1811/5881 2138/1874/5881 2137/1872/5881
f 2075/1811/5882 2076/1810/5882 2139/1873/5882
f 2076/1810/5883 2077/1813/5883 2140/1875/5883
f 2078/1812/5884 2141/1877/5884 2140/1875/5884
f 2078/1812/5885 2079/1814/5885 2142/1876/5885
f 2080/1815/5886 2143/1878/5886 2142/1876/5886
f 2081/1816/5887 2144/1879/5887 2143/1878/5887
f 2082/1818/5888 2145/1880/5888 2144/1879/5888
f 2083/1817/5889 2146/1943/5889 2145/1880/5889
f 2084/1819/5890 2085/1820/5890 2148/1881/5890
f 2086/1822/5891 2149/1884/5891 2148/1881/5891
f 2086/1822/5892 2087/1821/5892 2150/1883/5892
f 2088/1823/5893 2151/1886/5893 2150/1883/5893
f 2088/1823/5894 2089/1824/5894 2152/1885/5894
f 2089/1824/5895 2090/1825/5895 2153/1887/5895
f 2091/1826/5896 2154/1888/5896 2153/1887/5896
f 2092/1828/5897 2155/1890/5897 2154/1888/5897
f 2092/1828/5898 2093/1827/5898 2156/1889/5898
f 2093/1827/5899 2094/1830/5899 2157/1891/5899
f 2095/1829/5900 2158/1892/5900 2157/1891/5900
f 2096/1831/5901 2159/1893/5901 2158/1892/5901
f 2097/1832/5902 2160/1894/5902 2159/1893/5902
f 2098/1834/5903 2161/1895/5903 2160/1894/5903
f 2099/1833/5904 2162/1896/5904 2161/1895/5904
f 2100/1836/5905 2163/1898/5905 2162/1896/5905
f 2100/1836/5906 2101/1835/5906 2164/1897/5906
f 2101/1835/5907 2102/1838/5907 2165/1899/5907
f 2103/1837/5908 2166/1900/5908 2165/1899/5908
f 2104/1839/5909 2167/1901/5909 2166/1900/5909
f 2105/1840/5910 2168/1902/5910 2167/1901/5910
f 2106/1842/5911 2169/1903/5911 2168/1902/5911
f 2107/1841/5912 2170/1904/5912 2169/1903/5912
f 2108/1843/5913 2171/1905/5913 2170/1904/5913
f 2109/1844/5914 2172/1907/5914 2171/1905/5914
f 2109/1844/5915 2110/1846/5915 2173/1906/5915
f 2110/1846/5916 2111/1845/5916 2174/1908/5916
f 2111/1845/5917 2112/1847/5917 2175/1909/5917
f 2113/1849/5918 2176/1910/5918 2175/1909/5918
f 2114/1848/5919 2177/1911/5919 2176/1910/5919
f 2115/1851/5920 2178/1913/5920 2177/1911/5920
f 2115/1851/5921 2116/1850/5921 2179/1912/5921
f 2116/1850/5922 2117/1853/5922 2180/1914/5922
f 2118/1852/5923 2181/1915/5923 2180/1914/5923
f 2119/1855/5924 2182/1916/5924 2181/1915/5924
f 2120/1854/5925 2183/1917/5925 2182/1916/5925
f 2121/1856/5926 2184/1919/5926 2183/1917/5926
f 2121/1856/5927 2122/1857/5927 2185/1918/5927
f 2122/1857/5928 2123/1858/5928 2186/1920/5928
f 2124/1860/5929 2187/1922/5929 2186/1920/5929
f 2124/1860/5930 2125/1859/5930 2188/1921/5930
f 2125/1859/5931 2126/1861/5931 2189/1923/5931
f 2126/1861/5932 2127/1863/5932 2190/1924/5932
f 2127/1863/5933 2128/1862/5933 2191/1925/5933
f 2128/1862/5934 2129/1864/5934 2192/1926/5934
f 2130/1866/5935 2193/1927/5935 2192/1926/5935
f 2131/1865/5936 2194/1928/5936 2193/1927/5936
f 2132/1868/5937 2195/1930/5937 2194/1928/5937
f 2132/1868/5938 2133/1867/5938 2196/1929/5938
f 2134/1869/5939 2197/1932/5939 2196/1929/5939
f 2134/1869/5940 2135/1870/5940 2198/1931/5940
f 2135/1870/5941 2136/1871/5941 2199/1933/5941
f 2136/1871/5942 2137/1872/5942 2200/1934/5942
f 2138/1874/5943 2201/1936/5943 2200/1934/5943
f 2138/1874/5944 2139/1873/5944 2202/1935/5944
f 2139/1873/5945 2140/1875/5945 2203/1937/5945
f 2141/1877/5946 2204/1939/5946 2203/1937/5946
f 2141/1877/5947 2142/1876/5947 2205/1938/5947
f 2142/1876/5948 2143/1878/5948 2206/1940/5948
f 2144/1879/5949 2207/1942/5949 2206/1940/5949
f 2144/1879/5950 2145/1880/5950 2208/1941/5950
f 2146/1943/5951 2209/2005/5951 2208/1941/5951
f 2147/1882/5952 2148/1881/5952 2211/1944/5952
f 2149/1884/5953 2212/1947/5953 2211/1944/5953
f 2149/1884/5954 2150/1883/5954 2213/1946/5954
f 2150/1883/5955 2151/1886/5955 2214/1948/5955
f 2152/1885/5956 2215/1949/5956 2214/1948/5956
f 2153/1887/5957 2216/1951/5957 2215/1949/5957
f 2153/1887/5958 2154/1888/5958 2217/1950/5958
f 2154/1888/5959 2155/1890/5959 2218/1952/5959
f 2156/1889/5960 2219/1954/5960 2218/1952/5960
f 2156/1889/5961 2157/1891/5961 2220/1953/5961
f 2157/1891/5962 2158/1892/5962 2221/1955/5962
f 2158/1892/5963 2159/1893/5963 2222/1956/5963
f 2159/1893/5964 2160/1894/5964 2223/1957/5964
f 2160/1894/5965 2161/1895/5965 2224/1958/5965
f 2161/1895/5966 2162/1896/5966 2225/1959/5966
f 2162/1896/5967 2163/1898/5967 2226/1960/5967
f 2164/1897/5968 2227/1962/5968 2226/1960/5968
f 2164/1897/5969 2165/1899/5969 2228/1961/5969
f 2166/1900/5970 2229/1964/5970 2228/1961/5970
f 2166/1900/5971 2167/1901/5971 2230/1963/5971
f 2168/1902/5972 2231/1966/5972 2230/1963/5972
f 2168/1902/5973 2169/1903/5973 2232/1965/5973
f 2169/1903/5974 2170/1904/5974 2233/1967/5974
f 2170/1904/5975 2171/1905/5975 2234/1968/5975
f 2171/1905/5976 2172/1907/5976 2235/1969/5976
f 2172/1907/5977 2173/1906/5977 2236/1970/5977
f 2174/1908/5978 2237/1972/5978 2236/1970/5978
f 2174/1908/5979 2175/1909/5979 2238/1971/5979
f 2176/1910/5980 2239/1973/5980 2238/1971/5980
f 2177/1911/5981 2240/1975/5981 2239/1973/5981
f 2177/1911/5982 2178/1913/5982 2241/1974/5982
f 2179/1912/5983 2242/1977/5983 2241/1974/5983
f 2179/1912/5984 2180/1914/5984 2243/1976/5984
f 2180/1914/5985 2181/1915/5985 2244/1978/5985
f 2182/1916/5986 2245/1979/5986 2244/1978/5986
f 2183/1917/5987 2246/1980/5987 2245/1979/5987
f 2184/1919/5988 2247/1981/5988 2246/1980/5988
f 2185/1918/5989 2248/1983/5989 2247/1981/5989
f 2185/1918/5990 2186/1920/5990 2249/1982/5990
f 2187/1922/5991 2250/1984/5991 2249/1982/5991
f 2188/1921/5992 2251/1985/5992 2250/1984/5992
f 2189/1923/5993 2252/1986/5993 2251/1985/5993
f 2190/1924/5994 2253/1987/5994 2252/1986/5994
f 2191/1925/5995 2254/1989/5995 2253/1987/5995
f 2191/1925/5996 2192/1926/5996 2255/1988/5996
f 2193/1927/5997 2256/1990/5997 2255/1988/5997
f 2194/1928/5998 2257/1991/5998 2256/1990/5998
f 2195/1930/5999 2258/1992/5999 2257/1991/5999
f 2196/1929/6000 2259/1993/6000 2258/1992/6000
f 2197/1932/6001 2260/1994/6001 2259/1993/6001
f 2198/1931/6002 2261/1995/6002 2260/1994/6002
f 2199/1933/6003 2262/1996/6003 2261/1995/6003
f 2200/1934/6004 2263/1997/6004 2262/1996/6004
f 2201/1936/6005 2264/1998/6005 2263/1997/6005
f 2202/1935/6006 2265/1999/6006 2264/1998/6006
f 2203/1937/6007 2266/2000/6007 2265/1999/6007
f 2204/1939/6008 2267/2001/6008 2266/2000/6008
f 2205/1938/6009 2268/2002/6009 2267/2001/6009
f 2206/1940/6010 2269/2003/6010 2268/2002/6010
f 2207/1942/6011 2270/2004/6011 2269/2003/6011
f 2208/1941/6012 2271/2006/6012 2270/2004/6012
f 2209/2005/6013 2272/4053/6013 2271/2006/6013
f 2210/1945/6014 2211/1944/6014 2274/2007/6014
f 2212/1947/6015 2275/2009/6015 2274/2007/6015
f 2213/1946/6016 2276/2010/6016 2275/2009/6016
f 2214/1948/6017 2277/2011/6017 2276/2010/6017
f 2215/1949/6018 2278/2012/6018 2277/2011/6018
f 2216/1951/6019 2279/2014/6019 2278/2012/6019
f 2216/1951/6020 2217/1950/6020 2280/2013/6020
f 2218/1952/6021 2281/2015/6021 2280/2013/6021
f 2219/1954/6022 2282/2016/6022 2281/2015/6022
f 2220/1953/6023 2283/2017/6023 2282/2016/6023
f 2221/1955/6024 2284/2018/6024 2283/2017/6024
f 2222/1956/6025 2285/2020/6025 2284/2018/6025
f 2222/1956/6026 2223/1957/6026 2286/2019/6026
f 2224/1958/6027 2287/2021/6027 2286/2019/6027
f 2225/1959/6028 2288/2022/6028 2287/2021/6028
f 2226/1960/6029 2289/2023/6029 2288/2022/6029
f 2227/1962/6030 2290/2024/6030 2289/2023/6030
f 2228/1961/6031 2291/2026/6031 2290/2024/6031
f 2228/1961/6032 2229/1964/6032 2292/2025/6032
f 2229/1964/6033 2230/1963/6033 2293/2027/6033
f 2230/1963/6034 2231/1966/6034 2294/2028/6034
f 2232/1965/6035 2295/2029/6035 2294/2028/6035
f 2233/1967/6036 2296/2030/6036 2295/2029/6036
f 2234/1968/6037 2297/2031/6037 2296/2030/6037
f 2235/1969/6038 2298/2032/6038 2297/2031/6038
f 2236/1970/6039 2299/2033/6039 2298/2032/6039
f 2237/1972/6040 2300/2034/6040 2299/2033/6040
f 2238/1971/6041 2301/2035/6041 2300/2034/6041
f 2239/1973/6042 2302/2036/6042 2301/2035/6042
f 2240/1975/6043 2303/2038/6043 2302/2036/6043
f 2240/1975/6044 2241/1974/6044 2304/2037/6044
f 2241/1974/6045 2242/1977/6045 2305/2039/6045
f 2243/1976/6046 2306/2041/6046 2305/2039/6046
f 2243/1976/6047 2244/1978/6047 2307/2040/6047
f 2244/1978/6048 2245/1979/6048 2308/2042/6048
f 2246/1980/6049 2309/2044/6049 2308/2042/6049
f 2246/1980/6050 2247/1981/6050 2310/2043/6050
f 2247/1981/6051 2248/1983/6051 2311/2045/6051
f 2248/1983/6052 2249/1982/6052 2312/2046/6052
f 2249/1982/6053 2250/1984/6053 2313/2047/6053
f 2250/1984/6054 2251/1985/6054 2314/2048/6054
f 2251/1985/6055 2252/1986/6055 2315/2049/6055
f 2252/1986/6056 2253/1987/6056 2316/2050/6056
f 2253/1987/6057 2254/1989/6057 2317/2051/6057
f 2255/1988/6058 2318/2053/6058 2317/2051/6058
f 2255/1988/6059 2256/1990/6059 2319/2052/6059
f 2256/1990/6060 2257/1991/6060 2320/2054/6060
f 2257/1991/6061 2258/1992/6061 2321/2055/6061
f 2258/1992/6062 2259/1993/6062 2322/2056/6062
f 2259/1993/6063 2260/1994/6063 2323/2057/6063
f 2260/1994/6064 2261/1995/6064 2324/2058/6064
f 2262/1996/6065 2325/2060/6065 2324/2058/6065
f 2262/1996/6066 2263/1997/6066 2326/2059/6066
f 2264/1998/6067 2327/2062/6067 2326/2059/6067
f 2264/1998/6068 2265/1999/6068 2328/2061/6068
f 2266/2000/6069 2329/2063/6069 2328/2061/6069
f 2267/2001/6070 2330/2065/6070 2329/2063/6070
f 2267/2001/6071 2268/2002/6071 2331/2064/6071
f 2268/2002/6072 2269/2003/6072 2332/2066/6072
f 2269/2003/6073 2270/2004/6073 2333/2067/6073
f 2270/2004/6074 2271/2006/6074 2334/2068/6074
f 2271/2006/6075 2272/4053/6075 2335/2069/6075
f 2274/2007/6076 2337/2072/6076 2336/2070/6076
f 2274/2007/6077 2275/2009/6077 2338/2071/6077
f 2276/2010/6078 2339/2074/6078 2338/2071/6078
f 2276/2010/6079 2277/2011/6079 2340/2073/6079
f 2277/2011/6080 2278/2012/6080 2341/2075/6080
f 2279/2014/6081 2342/2077/6081 2341/2075/6081
f 2279/2014/6082 2280/2013/6082 2343/2076/6082
f 2280/2013/6083 2281/2015/6083 2344/2078/6083
f 2282/2016/6084 2345/2079/6084 2344/2078/6084
f 2283/2017/6085 2346/2081/6085 2345/2079/6085
f 2283/2017/6086 2284/2018/6086 2347/2080/6086
f 2285/2020/6087 2348/2082/6087 2347/2080/6087
f 2286/2019/6088 2349/2084/6088 2348/2082/6088
f 2286/2019/6089 2287/2021/6089 2350/2083/6089
f 2288/2022/6090 2351/2086/6090 2350/2083/6090
f 2288/2022/6091 2289/2023/6091 2352/2085/6091
f 2289/2023/6092 2290/2024/6092 2353/2087/6092
f 2291/2026/6093 2354/2088/6093 2353/2087/6093
f 2292/2025/6094 2355/2089/6094 2354/2088/6094
f 2293/2027/6095 2356/2091/6095 2355/2089/6095
f 2293/2027/6096 2294/2028/6096 2357/2090/6096
f 2294/2028/6097 2295/2029/6097 2358/2092/6097
f 2295/2029/6098 2296/2030/6098 2359/2093/6098
f 2297/2031/6099 2360/2094/6099 2359/2093/6099
f 2298/2032/6100 2361/2096/6100 2360/2094/6100
f 2298/2032/6101 2299/2033/6101 2362/2095/6101
f 2299/2033/6102 2300/2034/6102 2363/2097/6102
f 2301/2035/6103 2364/2098/6103 2363/2097/6103
f 2302/2036/6104 2365/2100/6104 2364/2098/6104
f 2302/2036/6105 2303/2038/6105 2366/2099/6105
f 2304/2037/6106 2367/2101/6106 2366/2099/6106
f 2305/2039/6107 2368/2102/6107 2367/2101/6107
f 2306/2041/6108 2369/2103/6108 2368/2102/6108
f 2307/2040/6109 2370/2104/6109 2369/2103/6109
f 2308/2042/6110 2371/2106/6110 2370/2104/6110
f 2308/2042/6111 2309/2044/6111 2372/2105/6111
f 2309/2044/6112 2310/2043/6112 2373/2107/6112
f 2310/2043/6113 2311/2045/6113 2374/2108/6113
f 2312/2046/6114 2375/2109/6114 2374/2108/6114
f 2313/2047/6115 2376/2110/6115 2375/2109/6115
f 2314/2048/6116 2377/2111/6116 2376/2110/6116
f 2315/2049/6117 2378/2113/6117 2377/2111/6117
f 2315/2049/6118 2316/2050/6118 2379/2112/6118
f 2316/2050/6119 2317/2051/6119 2380/2114/6119
f 2318/2053/6120 2381/2115/6120 2380/2114/6120
f 2319/2052/6121 2382/2116/6121 2381/2115/6121
f 2320/2054/6122 2383/2117/6122 2382/2116/6122
f 2321/2055/6123 2384/2118/6123 2383/2117/6123
f 2322/2056/6124 2385/2119/6124 2384/2118/6124
f 2323/2057/6125 2386/2121/6125 2385/2119/6125
f 2323/2057/6126 2324/2058/6126 2387/2120/6126
f 2324/2058/6127 2325/2060/6127 2388/2122/6127
f 2326/2059/6128 2389/2123/6128 2388/2122/6128
f 2327/2062/6129 2390/2124/6129 2389/2123/6129
f 2328/2061/6130 2391/2126/6130 2390/2124/6130
f 2328/2061/6131 2329/2063/6131 2392/2125/6131
f 2329/2063/6132 2330/2065/6132 2393/2127/6132
f 2331/2064/6133 2394/2128/6133 2393/2127/6133
f 2332/2066/6134 2395/2129/6134 2394/2128/6134
f 2333/2067/6135 2396/2130/6135 2395/2129/6135
f 2334/2068/6136 2397/2132/6136 2396/2130/6136
f 2334/2068/6137 2335/2069/6137 2398/2131/6137
f 2337/2072/6138 2400/2134/6138 2399/2133/6138
f 2338/2071/6139 2401/2135/6139 2400/2134/6139
f 2339/2074/6140 2402/2136/6140 2401/2135/6140
f 2340/2073/6141 2403/2137/6141 2402/2136/6141
f 2341/2075/6142 2404/2139/6142 2403/2137/6142
f 2341/2075/6143 2342/2077/6143 2405/2138/6143
f 2343/2076/6144 2406/2141/6144 2405/2138/6144
f 2343/2076/6145 2344/2078/6145 2407/2140/6145
f 2345/2079/6146 2408/2143/6146 2407/2140/6146
f 2345/2079/6147 2346/2081/6147 2409/2142/6147
f 2346/2081/6148 2347/2080/6148 2410/2144/6148
f 2347/2080/6149 2348/2082/6149 2411/2145/6149
f 2349/2084/6150 2412/2147/6150 2411/2145/6150
f 2349/2084/6151 2350/2083/6151 2413/2146/6151
f 2351/2086/6152 2414/2149/6152 2413/2146/6152
f 2351/2086/6153 2352/2085/6153 2415/2148/6153
f 2352/2085/6154 2353/2087/6154 2416/2150/6154
f 2353/2087/6155 2354/2088/6155 2417/2151/6155
f 2354/2088/6156 2355/2089/6156 2418/2152/6156
f 2356/2091/6157 2419/2153/6157 2418/2152/6157
f 2357/2090/6158 2420/2154/6158 2419/2153/6158
f 2358/2092/6159 2421/2155/6159 2420/2154/6159
f 2359/2093/6160 2422/2156/6160 2421/2155/6160
f 2360/2094/6161 2423/2158/6161 2422/2156/6161
f 2360/2094/6162 2361/2096/6162 2424/2157/6162
f 2361/2096/6163 2362/2095/6163 2425/2159/6163
f 2363/2097/6164 2426/2161/6164 2425/2159/6164
f 2363/2097/6165 2364/2098/6165 2427/2160/6165
f 2365/2100/6166 2428/2163/6166 2427/2160/6166
f 2365/2100/6167 2366/2099/6167 2429/2162/6167
f 2366/2099/6168 2367/2101/6168 2430/2164/6168
f 2368/2102/6169 2431/2166/6169 2430/2164/6169
f 2368/2102/6170 2369/2103/6170 2432/2165/6170
f 2370/2104/6171 2433/2167/6171 2432/2165/6171
f 2371/2106/6172 2434/2169/6172 2433/2167/6172
f 2371/2106/6173 2372/2105/6173 2435/2168/6173
f 2373/2107/6174 2436/2170/6174 2435/2168/6174
f 2374/2108/6175 2437/2171/6175 2436/2170/6175
f 2375/2109/6176 2438/2172/6176 2437/2171/6176
f 2376/2110/6177 2439/2174/6177 2438/2172/6177
f 2376/2110/6178 2377/2111/6178 2440/2173/6178
f 2377/2111/6179 2378/2113/6179 2441/2175/6179
f 2379/2112/6180 2442/2176/6180 2441/2175/6180
f 2380/2114/6181 2443/2178/6181 2442/2176/6181
f 2380/2114/6182 2381/2115/6182 2444/2177/6182
f 2382/2116/6183 2445/2179/6183 2444/2177/6183
f 2383/2117/6184 2446/2181/6184 2445/2179/6184
f 2383/2117/6185 2384/2118/6185 2447/2180/6185
f 2385/2119/6186 2448/2182/6186 2447/2180/6186
f 2386/2121/6187 2449/2183/6187 2448/2182/6187
f 2387/2120/6188 2450/2185/6188 2449/2183/6188
f 2387/2120/6189 2388/2122/6189 2451/2184/6189
f 2389/2123/6190 2452/2187/6190 2451/2184/6190
f 2389/2123/6191 2390/2124/6191 2453/2186/6191
f 2391/2126/6192 2454/2188/6192 2453/2186/6192
f 2392/2125/6193 2455/2189/6193 2454/2188/6193
f 2393/2127/6194 2456/2190/6194 2455/2189/6194
f 2394/2128/6195 2457/2192/6195 2456/2190/6195
f 2394/2128/6196 2395/2129/6196 2458/2191/6196
f 2395/2129/6197 2396/2130/6197 2459/2193/6197
f 2396/2130/6198 2397/2132/6198 2460/2194/6198
f 2398/2131/6199 2461/2256/6199 2460/2194/6199
f 2399/2133/6200 2400/2134/6200 2463/2195/6200
f 2401/2135/6201 2464/2197/6201 2463/2195/6201
f 2402/2136/6202 2465/2199/6202 2464/2197/6202
f 2402/2136/6203 2403/2137/6203 2466/2198/6203
f 2404/2139/6204 2467/2201/6204 2466/2198/6204
f 2404/2139/6205 2405/2138/6205 2468/2200/6205
f 2405/2138/6206 2406/2141/6206 2469/2202/6206
f 2407/2140/6207 2470/2203/6207 2469/2202/6207
f 2408/2143/6208 2471/2204/6208 2470/2203/6208
f 2409/2142/6209 2472/2205/6209 2471/2204/6209
f 2410/2144/6210 2473/2206/6210 2472/2205/6210
f 2411/2145/6211 2474/2208/6211 2473/2206/6211
f 2411/2145/6212 2412/2147/6212 2475/2207/6212
f 2412/2147/6213 2413/2146/6213 2476/2209/6213
f 2414/2149/6214 2477/2210/6214 2476/2209/6214
f 2415/2148/6215 2478/2211/6215 2477/2210/6215
f 2416/2150/6216 2479/2212/6216 2478/2211/6216
f 2417/2151/6217 2480/2213/6217 2479/2212/6217
f 2418/2152/6218 2481/2214/6218 2480/2213/6218
f 2419/2153/6219 2482/2215/6219 2481/2214/6219
f 2420/2154/6220 2483/2216/6220 2482/2215/6220
f 2421/2155/6221 2484/2218/6221 2483/2216/6221
f 2421/2155/6222 2422/2156/6222 2485/2217/6222
f 2422/2156/6223 2423/2158/6223 2486/2219/6223
f 2424/2157/6224 2487/2221/6224 2486/2219/6224
f 2424/2157/6225 2425/2159/6225 2488/2220/6225
f 2426/2161/6226 2489/2223/6226 2488/2220/6226
f 2426/2161/6227 2427/2160/6227 2490/2222/6227
f 2427/2160/6228 2428/2163/6228 2491/2224/6228
f 2429/2162/6229 2492/2225/6229 2491/2224/6229
f 2430/2164/6230 2493/2226/6230 2492/2225/6230
f 2431/2166/6231 2494/2228/6231 2493/2226/6231
f 2431/2166/6232 2432/2165/6232 2495/2227/6232
f 2433/2167/6233 2496/2229/6233 2495/2227/6233
f 2434/2169/6234 2497/2231/6234 2496/2229/6234
f 2434/2169/6235 2435/2168/6235 2498/2230/6235
f 2435/2168/6236 2436/2170/6236 2499/2232/6236
f 2436/2170/6237 2437/2171/6237 2500/2233/6237
f 2438/2172/6238 2501/2234/6238 2500/2233/6238
f 2439/2174/6239 2502/2235/6239 2501/2234/6239
f 2440/2173/6240 2503/2237/6240 2502/2235/6240
f 2440/2173/6241 2441/2175/6241 2504/2236/6241
f 2441/2175/6242 2442/2176/6242 2505/2238/6242
f 2443/2178/6243 2506/2240/6243 2505/2238/6243
f 2443/2178/6244 2444/2177/6244 2507/2239/6244
f 2444/2177/6245 2445/2179/6245 2508/2241/6245
f 2445/2179/6246 2446/2181/6246 2509/2242/6246
f 2446/2181/6247 2447/2180/6247 2510/2243/6247
f 2447/2180/6248 2448/2182/6248 2511/2244/6248
f 2449/2183/6249 2512/2245/6249 2511/2244/6249
f 2450/2185/6250 2513/2247/6250 2512/2245/6250
f 2450/2185/6251 2451/2184/6251 2514/2246/6251
f 2452/2187/6252 2515/2249/6252 2514/2246/6252
f 2452/2187/6253 2453/2186/6253 2516/2248/6253
f 2454/2188/6254 2517/2251/6254 2516/2248/6254
f 2454/2188/6255 2455/2189/6255 2518/2250/6255
f 2456/2190/6256 2519/2252/6256 2518/2250/6256
f 2457/2192/6257 2520/2254/6257 2519/2252/6257
f 2457/2192/6258 2458/2191/6258 2521/2253/6258
f 2459/2193/6259 2522/2255/6259 2521/2253/6259
f 2460/2194/6260 2523/2257/6260 2522/2255/6260
f 2461/2256/6261 2524/2319/6261 2523/2257/6261
f 2462/2196/6262 2463/2195/6262 2526/2258/6262
f 2463/2195/6263 2464/2197/6263 2527/2260/6263
f 2464/2197/6264 2465/2199/6264 2528/2261/6264
f 2465/2199/6265 2466/2198/6265 2529/2262/6265
f 2467/2201/6266 2530/2263/6266 2529/2262/6266
f 2468/2200/6267 2531/2264/6267 2530/2263/6267
f 2469/2202/6268 2532/2266/6268 2531/2264/6268
f 2469/2202/6269 2470/2203/6269 2533/2265/6269
f 2471/2204/6270 2534/2267/6270 2533/2265/6270
f 2472/2205/6271 2535/2268/6271 2534/2267/6271
f 2473/2206/6272 2536/2270/6272 2535/2268/6272
f 2473/2206/6273 2474/2208/6273 2537/2269/6273
f 2475/2207/6274 2538/2272/6274 2537/2269/6274
f 2475/2207/6275 2476/2209/6275 2539/2271/6275
f 2476/2209/6276 2477/2210/6276 2540/2273/6276
f 2478/2211/6277 2541/2275/6277 2540/2273/6277
f 2478/2211/6278 2479/2212/6278 2542/2274/6278
f 2479/2212/6279 2480/2213/6279 2543/2276/6279
f 2480/2213/6280 2481/2214/6280 2544/2277/6280
f 2482/2215/6281 2545/2278/6281 2544/2277/6281
f 2483/2216/6282 2546/2280/6282 2545/2278/6282
f 2483/2216/6283 2484/2218/6283 2547/2279/6283
f 2485/2217/6284 2548/2281/6284 2547/2279/6284
f 2486/2219/6285 2549/2283/6285 2548/2281/6285
f 2486/2219/6286 2487/2221/6286 2550/2282/6286
f 2487/2221/6287 2488/2220/6287 2551/2284/6287
f 2489/2223/6288 2552/2285/6288 2551/2284/6288
f 2490/2222/6289 2553/2286/6289 2552/2285/6289
f 2491/2224/6290 2554/2287/6290 2553/2286/6290
f 2492/2225/6291 2555/2288/6291 2554/2287/6291
f 2493/2226/6292 2556/2289/6292 2555/2288/6292
f 2494/2228/6293 2557/2291/6293 2556/2289/6293
f 2494/2228/6294 2495/2227/6294 2558/2290/6294
f 2496/2229/6295 2559/2292/6295 2558/2290/6295
f 2497/2231/6296 2560/2294/6296 2559/2292/6296
f 2497/2231/6297 2498/2230/6297 2561/2293/6297
f 2499/2232/6298 2562/2295/6298 2561/2293/6298
f 2500/2233/6299 2563/2296/6299 2562/2295/6299
f 2501/2234/6300 2564/2298/6300 2563/2296/6300
f 2501/2234/6301 2502/2235/6301 2565/2297/6301
f 2503/2237/6302 2566/2300/6302 2565/2297/6302
f 2503/2237/6303 2504/2236/6303 2567/2299/6303
f 2504/2236/6304 2505/2238/6304 2568/2301/6304
f 2505/2238/6305 2506/2240/6305 2569/2302/6305
f 2506/2240/6306 2507/2239/6306 2570/2303/6306
f 2508/2241/6307 2571/2304/6307 2570/2303/6307
f 2509/2242/6308 2572/2306/6308 2571/2304/6308
f 2509/2242/6309 2510/2243/6309 2573/2305/6309
f 2511/2244/6310 2574/2308/6310 2573/2305/6310
f 2511/2244/6311 2512/2245/6311 2575/2307/6311
f 2513/2247/6312 2576/2310/6312 2575/2307/6312
f 2513/2247/6313 2514/2246/6313 2577/2309/6313
f 2515/2249/6314 2578/2311/6314 2577/2309/6314
f 2516/2248/6315 2579/2312/6315 2578/2311/6315
f 2517/2251/6316 2580/2313/6316 2579/2312/6316
f 2518/2250/6317 2581/2314/6317 2580/2313/6317
f 2519/2252/6318 2582/2315/6318 2581/2314/6318
f 2520/2254/6319 2583/2317/6319 2582/2315/6319
f 2520/2254/6320 2521/2253/6320 2584/2316/6320
f 2521/2253/6321 2522/2255/6321 2585/2318/6321
f 2523/2257/6322 2586/2320/6322 2585/2318/6322
f 2524/2319/6323 2587/4058/6323 2586/2320/6323
f 2526/2258/6324 2589/2322/6324 2588/2321/6324
f 2527/2260/6325 2590/2324/6325 2589/2322/6325
f 2527/2260/6326 2528/2261/6326 2591/2323/6326
f 2529/2262/6327 2592/2325/6327 2591/2323/6327
f 2530/2263/6328 2593/2327/6328 2592/2325/6328
f 2530/2263/6329 2531/2264/6329 2594/2326/6329
f 2532/2266/6330 2595/2329/6330 2594/2326/6330
f 2532/2266/6331 2533/2265/6331 2596/2328/6331
f 2533/2265/6332 2534/2267/6332 2597/2330/6332
f 2534/2267/6333 2535/2268/6333 2598/2331/6333
f 2536/2270/6334 2599/2333/6334 2598/2331/6334
f 2536/2270/6335 2537/2269/6335 2600/2332/6335
f 2538/2272/6336 2601/2334/6336 2600/2332/6336
f 2539/2271/6337 2602/2336/6337 2601/2334/6337
f 2539/2271/6338 2540/2273/6338 2603/2335/6338
f 2540/2273/6339 2541/2275/6339 2604/2337/6339
f 2541/2275/6340 2542/2274/6340 2605/2338/6340
f 2542/2274/6341 2543/2276/6341 2606/2339/6341
f 2544/2277/6342 2607/2341/6342 2606/2339/6342
f 2544/2277/6343 2545/2278/6343 2608/2340/6343
f 2546/2280/6344 2609/2342/6344 2608/2340/6344
f 2547/2279/6345 2610/2343/6345 2609/2342/6345
f 2548/2281/6346 2611/2344/6346 2610/2343/6346
f 2549/2283/6347 2612/2346/6347 2611/2344/6347
f 2549/2283/6348 2550/2282/6348 2613/2345/6348
f 2551/2284/6349 2614/2347/6349 2613/2345/6349
f 2552/2285/6350 2615/2348/6350 2614/2347/6350
f 2553/2286/6351 2616/2349/6351 2615/2348/6351
f 2554/2287/6352 2617/2350/6352 2616/2349/6352
f 2555/2288/6353 2618/2352/6353 2617/2350/6353
f 2555/2288/6354 2556/2289/6354 2619/2351/6354
f 2556/2289/6355 2557/2291/6355 2620/2353/6355
f 2558/2290/6356 2621/2354/6356 2620/2353/6356
f 2559/2292/6357 2622/2356/6357 2621/2354/6357
f 2559/2292/6358 2560/2294/6358 2623/2355/6358
f 2560/2294/6359 2561/2293/6359 2624/2357/6359
f 2561/2293/6360 2562/2295/6360 2625/2358/6360
f 2563/2296/6361 2626/2359/6361 2625/2358/6361
f 2564/2298/6362 2627/2361/6362 2626/2359/6362
f 2564/2298/6363 2565/2297/6363 2628/2360/6363
f 2566/2300/6364 2629/2363/6364 2628/2360/6364
f 2566/2300/6365 2567/2299/6365 2630/2362/6365
f 2568/2301/6366 2631/2365/6366 2630/2362/6366
f 2568/2301/6367 2569/2302/6367 2632/2364/6367
f 2569/2302/6368 2570/2303/6368 2633/2366/6368
f 2571/2304/6369 2634/2367/6369 2633/2366/6369
f 2572/2306/6370 2635/2368/6370 2634/2367/6370
f 2573/2305/6371 2636/2369/6371 2635/2368/6371
f 2574/2308/6372 2637/2370/6372 2636/2369/6372
f 2575/2307/6373 2638/2372/6373 2637/2370/6373
f 2575/2307/6374 2576/2310/6374 2639/2371/6374
f 2576/2310/6375 2577/2309/6375 2640/2373/6375
f 2577/2309/6376 2578/2311/6376 2641/2374/6376
f 2578/2311/6377 2579/2312/6377 2642/2375/6377
f 2580/2313/6378 2643/2377/6378 2642/2375/6378
f 2580/2313/6379 2581/2314/6379 2644/2376/6379
f 2581/2314/6380 2582/2315/6380 2645/2378/6380
f 2582/2315/6381 2583/2317/6381 2646/2379/6381
f 2584/2316/6382 2647/2380/6382 2646/2379/6382
f 2585/2318/6383 2648/2381/6383 2647/2380/6383
f 2586/2320/6384 2649/2383/6384 2648/2381/6384
f 2586/2320/6385 2587/4058/6385 2650/2382/6385
f 2588/2321/6386 2589/2322/6386 2652/2384/6386
f 2590/2324/6387 2653/2387/6387 2652/2384/6387
f 2590/2324/6388 2591/2323/6388 2654/2386/6388
f 2592/2325/6389 2655/2389/6389 2654/2386/6389
f 2592/2325/6390 2593/2327/6390 2656/2388/6390
f 2593/2327/6391 2594/2326/6391 2657/2390/6391
f 2595/2329/6392 2658/2391/6392 2657/2390/6392
f 2596/2328/6393 2659/2392/6393 2658/2391/6393
f 2597/2330/6394 2660/2393/6394 2659/2392/6394
f 2598/2331/6395 2661/2395/6395 2660/2393/6395
f 2598/2331/6396 2599/2333/6396 2662/2394/6396
f 2599/2333/6397 2600/2332/6397 2663/2396/6397
f 2600/2332/6398 2601/2334/6398 2664/2397/6398
f 2602/2336/6399 2665/2399/6399 2664/2397/6399
f 2602/2336/6400 2603/2335/6400 2666/2398/6400
f 2604/2337/6401 2667/2400/6401 2666/2398/6401
f 2605/2338/6402 2668/2401/6402 2667/2400/6402
f 2606/2339/6403 2669/2402/6403 2668/2401/6403
f 2607/2341/6404 2670/2403/6404 2669/2402/6404
f 2608/2340/6405 2671/2404/6405 2670/2403/6405
f 2609/2342/6406 2672/2406/6406 2671/2404/6406
f 2609/2342/6407 2610/2343/6407 2673/2405/6407
f 2610/2343/6408 2611/2344/6408 2674/2407/6408
f 2612/2346/6409 2675/2408/6409 2674/2407/6409
f 2613/2345/6410 2676/2409/6410 2675/2408/6410
f 2614/2347/6411 2677/2411/6411 2676/2409/6411
f 2614/2347/6412 2615/2348/6412 2678/2410/6412
f 2615/2348/6413 2616/2349/6413 2679/2412/6413
f 2616/2349/6414 2617/2350/6414 2680/2413/6414
f 2617/2350/6415 2618/2352/6415 2681/2414/6415
f 2619/2351/6416 2682/2415/6416 2681/2414/6416
f 2620/2353/6417 2683/2416/6417 2682/2415/6417
f 2621/2354/6418 2684/2417/6418 2683/2416/6418
f 2622/2356/6419 2685/2418/6419 2684/2417/6419
f 2623/2355/6420 2686/2419/6420 2685/2418/6420
f 2624/2357/6421 2687/2421/6421 2686/2419/6421
f 2624/2357/6422 2625/2358/6422 2688/2420/6422
f 2626/2359/6423 2689/2422/6423 2688/2420/6423
f 2627/2361/6424 2690/2424/6424 2689/2422/6424
f 2627/2361/6425 2628/2360/6425 2691/2423/6425
f 2629/2363/6426 2692/2425/6426 2691/2423/6426
f 2630/2362/6427 2693/2426/6427 2692/2425/6427
f 2631/2365/6428 2694/2428/6428 2693/2426/6428
f 2631/2365/6429 2632/2364/6429 2695/2427/6429
f 2632/2364/6430 2633/2366/6430 2696/2429/6430
f 2634/2367/6431 2697/2431/6431 2696/2429/6431
f 2634/2367/6432 2635/2368/6432 2698/2430/6432
f 2636/2369/6433 2699/2432/6433 2698/2430/6433
f 2637/2370/6434 2700/2434/6434 2699/2432/6434
f 2637/2370/6435 2638/2372/6435 2701/2433/6435
f 2639/2371/6436 2702/2436/6436 2701/2433/6436
f 2639/2371/6437 2640/2373/6437 2703/2435/6437
f 2641/2374/6438 2704/2438/6438 2703/2435/6438
f 2641/2374/6439 2642/2375/6439 2705/2437/6439
f 2642/2375/6440 2643/2377/6440 2706/2439/6440
f 2643/2377/6441 2644/2376/6441 2707/2440/6441
f 2645/2378/6442 2708/2441/6442 2707/2440/6442
f 2646/2379/6443 2709/2443/6443 2708/2441/6443
f 2646/2379/6444 2647/2380/6444 2710/2442/6444
f 2648/2381/6445 2711/2445/6445 2710/2442/6445
f 2648/2381/6446 2649/2383/6446 2712/2444/6446
f 2650/2382/6447 2713/4060/6447 2712/2444/6447
f 2652/2384/6448 2715/2447/6448 2714/2446/6448
f 2653/2387/6449 2716/2448/6449 2715/2447/6449
f 2654/2386/6450 2717/2449/6450 2716/2448/6450
f 2655/2389/6451 2718/2450/6451 2717/2449/6451
f 2656/2388/6452 2719/2451/6452 2718/2450/6452
f 2657/2390/6453 2720/2452/6453 2719/2451/6453
f 2658/2391/6454 2721/2453/6454 2720/2452/6454
f 2659/2392/6455 2722/2455/6455 2721/2453/6455
f 2659/2392/6456 2660/2393/6456 2723/2454/6456
f 2661/2395/6457 2724/2456/6457 2723/2454/6457
f 2662/2394/6458 2725/2458/6458 2724/2456/6458
f 2662/2394/6459 2663/2396/6459 2726/2457/6459
f 2664/2397/6460 2727/2459/6460 2726/2457/6460
f 2665/2399/6461 2728/2460/6461 2727/2459/6461
f 2666/2398/6462 2729/2461/6462 2728/2460/6462
f 2667/2400/6463 2730/2463/6463 2729/2461/6463
f 2667/2400/6464 2668/2401/6464 2731/2462/6464
f 2668/2401/6465 2669/2402/6465 2732/2464/6465
f 2669/2402/6466 2670/2403/6466 2733/2465/6466
f 2670/2403/6467 2671/2404/6467 2734/2466/6467
f 2672/2406/6468 2735/2468/6468 2734/2466/6468
f 2672/2406/6469 2673/2405/6469 2736/2467/6469
f 2674/2407/6470 2737/2469/6470 2736/2467/6470
f 2675/2408/6471 2738/2471/6471 2737/2469/6471
f 2675/2408/6472 2676/2409/6472 2739/2470/6472
f 2677/2411/6473 2740/2472/6473 2739/2470/6473
f 2678/2410/6474 2741/2474/6474 2740/2472/6474
f 2678/2410/6475 2679/2412/6475 2742/2473/6475
f 2680/2413/6476 2743/2476/6476 2742/2473/6476
f 2680/2413/6477 2681/2414/6477 2744/2475/6477
f 2682/2415/6478 2745/2477/6478 2744/2475/6478
f 2683/2416/6479 2746/2479/6479 2745/2477/6479
f 2683/2416/6480 2684/2417/6480 2747/2478/6480
f 2684/2417/6481 2685/2418/6481 2748/2480/6481
f 2686/2419/6482 2749/2482/6482 2748/2480/6482
f 2686/2419/6483 2687/2421/6483 2750/2481/6483
f 2687/2421/6484 2688/2420/6484 2751/2483/6484
f 2689/2422/6485 2752/2484/6485 2751/2483/6485
f 2690/2424/6486 2753/2486/6486 2752/2484/6486
f 2690/2424/6487 2691/2423/6487 2754/2485/6487
f 2692/2425/6488 2755/2487/6488 2754/2485/6488
f 2693/2426/6489 2756/2488/6489 2755/2487/6489
f 2694/2428/6490 2757/2490/6490 2756/2488/6490
f 2694/2428/6491 2695/2427/6491 2758/2489/6491
f 2695/2427/6492 2696/2429/6492 2759/2491/6492
f 2697/2431/6493 2760/2493/6493 2759/2491/6493
f 2697/2431/6494 2698/2430/6494 2761/2492/6494
f 2698/2430/6495 2699/2432/6495 2762/2494/6495
f 2699/2432/6496 2700/2434/6496 2763/2495/6496
f 2700/2434/6497 2701/2433/6497 2764/2496/6497
f 2702/2436/6498 2765/2497/6498 2764/2496/6498
f 2703/2435/6499 2766/2499/6499 2765/2497/6499
f 2703/2435/6500 2704/2438/6500 2767/2498/6500
f 2705/2437/6501 2768/2500/6501 2767/2498/6501
f 2706/2439/6502 2769/2502/6502 2768/2500/6502
f 2706/2439/6503 2707/2440/6503 2770/2501/6503
f 2707/2440/6504 2708/2441/6504 2771/2503/6504
f 2709/2443/6505 2772/2504/6505 2771/2503/6505
f 2710/2442/6506 2773/2505/6506 2772/2504/6506
f 2711/2445/6507 2774/2507/6507 2773/2505/6507
f 2711/2445/6508 2712/2444/6508 2775/2506/6508
f 2712/2444/6509 2713/4060/6509 2776/2508/6509
f 2714/2446/6510 2715/2447/6510 2778/2509/6510
f 2715/2447/6511 2716/2448/6511 2779/2511/6511
f 2717/2449/6512 2780/2512/6512 2779/2511/6512
f 2718/2450/6513 2781/2514/6513 2780/2512/6513
f 2718/2450/6514 2719/2451/6514 2782/2513/6514
f 2719/2451/6515 2720/2452/6515 2783/2515/6515
f 2720/2452/6516 2721/2453/6516 2784/2516/6516
f 2722/2455/6517 2785/2518/6517 2784/2516/6517
f 2722/2455/6518 2723/2454/6518 2786/2517/6518
f 2724/2456/6519 2787/2520/6519 2786/2517/6519
f 2724/2456/6520 2725/2458/6520 2788/2519/6520
f 2725/2458/6521 2726/2457/6521 2789/2521/6521
f 2726/2457/6522 2727/2459/6522 2790/2522/6522
f 2728/2460/6523 2791/2524/6523 2790/2522/6523
f 2728/2460/6524 2729/2461/6524 2792/2523/6524
f 2729/2461/6525 2730/2463/6525 2793/2525/6525
f 2731/2462/6526 2794/2526/6526 2793/2525/6526
f 2732/2464/6527 2795/2527/6527 2794/2526/6527
f 2733/2465/6528 2796/2528/6528 2795/2527/6528
f 2734/2466/6529 2797/2529/6529 2796/2528/6529
f 2735/2468/6530 2798/2531/6530 2797/2529/6530
f 2735/2468/6531 2736/2467/6531 2799/2530/6531
f 2737/2469/6532 2800/2532/6532 2799/2530/6532
f 2738/2471/6533 2801/2534/6533 2800/2532/6533
f 2738/2471/6534 2739/2470/6534 2802/2533/6534
f 2740/2472/6535 2803/2535/6535 2802/2533/6535
f 2741/2474/6536 2804/2537/6536 2803/2535/6536
f 2741/2474/6537 2742/2473/6537 2805/2536/6537
f 2742/2473/6538 2743/2476/6538 2806/2538/6538
f 2744/2475/6539 2807/2539/6539 2806/2538/6539
f 2745/2477/6540 2808/2541/6540 2807/2539/6540
f 2745/2477/6541 2746/2479/6541 2809/2540/6541
f 2746/2479/6542 2747/2478/6542 2810/2542/6542
f 2747/2478/6543 2748/2480/6543 2811/2543/6543
f 2749/2482/6544 2812/2545/6544 2811/2543/6544
f 2749/2482/6545 2750/2481/6545 2813/2544/6545
f 2751/2483/6546 2814/2547/6546 2813/2544/6546
f 2751/2483/6547 2752/2484/6547 2815/2546/6547
f 2752/2484/6548 2753/2486/6548 2816/2548/6548
f 2754/2485/6549 2817/2550/6549 2816/2548/6549
f 2754/2485/6550 2755/2487/6550 2818/2549/6550
f 2755/2487/6551 2756/2488/6551 2819/2551/6551
f 2756/2488/6552 2757/2490/6552 2820/2552/6552
f 2757/2490/6553 2758/2489/6553 2821/2553/6553
f 2758/2489/6554 2759/2491/6554 2822/2554/6554
f 2760/2493/6555 2823/2555/6555 2822/2554/6555
f 2761/2492/6556 2824/2556/6556 2823/2555/6556
f 2762/2494/6557 2825/2558/6557 2824/2556/6557
f 2762/2494/6558 2763/2495/6558 2826/2557/6558
f 2764/2496/6559 2827/2559/6559 2826/2557/6559
f 2765/2497/6560 2828/2560/6560 2827/2559/6560
f 2766/2499/6561 2829/2561/6561 2828/2560/6561
f 2767/2498/6562 2830/2563/6562 2829/2561/6562
f 2767/2498/6563 2768/2500/6563 2831/2562/6563
f 2768/2500/6564 2769/2502/6564 2832/2564/6564
f 2770/2501/6565 2833/2565/6565 2832/2564/6565
f 2771/2503/6566 2834/2566/6566 2833/2565/6566
f 2772/2504/6567 2835/2567/6567 2834/2566/6567
f 2773/2505/6568 2836/2569/6568 2835/2567/6568
f 2773/2505/6569 2774/2507/6569 2837/2568/6569
f 2774/2507/6570 2775/2506/6570 2838/2570/6570
f 2775/2506/6571 2776/2508/6571 2839/2571/6571
f 2778/2509/6572 2841/2574/6572 2840/2572/6572
f 2778/2509/6573 2779/2511/6573 2842/2573/6573
f 2780/2512/6574 2843/2575/6574 2842/2573/6574
f 2781/2514/6575 2844/2576/6575 2843/2575/6575
f 2782/2513/6576 2845/2577/6576 2844/2576/6576
f 2783/2515/6577 2846/2579/6577 2845/2577/6577
f 2783/2515/6578 2784/2516/6578 2847/2578/6578
f 2785/2518/6579 2848/2580/6579 2847/2578/6579
f 2786/2517/6580 2849/2581/6580 2848/2580/6580
f 2787/2520/6581 2850/2583/6581 2849/2581/6581
f 2787/2520/6582 2788/2519/6582 2851/2582/6582
f 2789/2521/6583 2852/2584/6583 2851/2582/6583
f 2790/2522/6584 2853/2585/6584 2852/2584/6584
f 2791/2524/6585 2854/2586/6585 2853/2585/6585
f 2792/2523/6586 2855/2587/6586 2854/2586/6586
f 2793/2525/6587 2856/2588/6587 2855/2587/6587
f 2794/2526/6588 2857/2589/6588 2856/2588/6588
f 2795/2527/6589 2858/2590/6589 2857/2589/6589
f 2796/2528/6590 2859/2591/6590 2858/2590/6590
f 2797/2529/6591 2860/2592/6591 2859/2591/6591
f 2798/2531/6592 2861/2594/6592 2860/2592/6592
f 2798/2531/6593 2799/2530/6593 2862/2593/6593
f 2799/2530/6594 2800/2532/6594 2863/2595/6594
f 2800/2532/6595 2801/2534/6595 2864/2596/6595
f 2802/2533/6596 2865/2597/6596 2864/2596/6596
f 2803/2535/6597 2866/2598/6597 2865/2597/6597
f 2804/2537/6598 2867/2600/6598 2866/2598/6598
f 2804/2537/6599 2805/2536/6599 2868/2599/6599
f 2806/2538/6600 2869/2601/6600 2868/2599/6600
f 2807/2539/6601 2870/2602/6601 2869/2601/6601
f 2808/2541/6602 2871/2604/6602 2870/2602/6602
f 2808/2541/6603 2809/2540/6603 2872/2603/6603
f 2810/2542/6604 2873/2606/6604 2872/2603/6604
f 2810/2542/6605 2811/2543/6605 2874/2605/6605
f 2812/2545/6606 2875/2607/6606 2874/2605/6606
f 2813/2544/6607 2876/2608/6607 2875/2607/6607
f 2814/2547/6608 2877/2610/6608 2876/2608/6608
f 2814/2547/6609 2815/2546/6609 2878/2609/6609
f 2816/2548/6610 2879/2611/6610 2878/2609/6610
f 2817/2550/6611 2880/2613/6611 2879/2611/6611
f 2817/2550/6612 2818/2549/6612 2881/2612/6612
f 2818/2549/6613 2819/2551/6613 2882/2614/6613
f 2819/2551/6614 2820/2552/6614 2883/2615/6614
f 2820/2552/6615 2821/2553/6615 2884/2616/6615
f 2821/2553/6616 2822/2554/6616 2885/2617/6616
f 2823/2555/6617 2886/2619/6617 2885/2617/6617
f 2823/2555/6618 2824/2556/6618 2887/2618/6618
f 2825/2558/6619 2888/2620/6619 2887/2618/6619
f 2826/2557/6620 2889/2622/6620 2888/2620/6620
f 2826/2557/6621 2827/2559/6621 2890/2621/6621
f 2827/2559/6622 2828/2560/6622 2891/2623/6622
f 2829/2561/6623 2892/2625/6623 2891/2623/6623
f 2829/2561/6624 2830/2563/6624 2893/2624/6624
f 2831/2562/6625 2894/2626/6625 2893/2624/6625
f 2832/2564/6626 2895/2627/6626 2894/2626/6626
f 2833/2565/6627 2896/2628/6627 2895/2627/6627
f 2834/2566/6628 2897/2629/6628 2896/2628/6628
f 2835/2567/6629 2898/2631/6629 2897/2629/6629
f 2835/2567/6630 2836/2569/6630 2899/2630/6630
f 2836/2569/6631 2837/2568/6631 2900/2632/6631
f 2837/2568/6632 2838/2570/6632 2901/2633/6632
f 2839/2571/6633 2902/2695/6633 2901/2633/6633
f 2840/2572/6634 2841/2574/6634 2904/2634/6634
f 2841/2574/6635 2842/2573/6635 2905/2636/6635
f 2843/2575/6636 2906/2638/6636 2905/2636/6636
f 2843/2575/6637 2844/2576/6637 2907/2637/6637
f 2845/2577/6638 2908/2639/6638 2907/2637/6638
f 2846/2579/6639 2909/2641/6639 2908/2639/6639
f 2846/2579/6640 2847/2578/6640 2910/2640/6640
f 2847/2578/6641 2848/2580/6641 2911/2642/6641
f 2848/2580/6642 2849/2581/6642 2912/2643/6642
f 2850/2583/6643 2913/2645/6643 2912/2643/6643
f 2850/2583/6644 2851/2582/6644 2914/2644/6644
f 2851/2582/6645 2852/2584/6645 2915/2646/6645
f 2853/2585/6646 2916/2648/6646 2915/2646/6646
f 2853/2585/6647 2854/2586/6647 2917/2647/6647
f 2855/2587/6648 2918/2649/6648 2917/2647/6648
f 2856/2588/6649 2919/2650/6649 2918/2649/6649
f 2857/2589/6650 2920/2651/6650 2919/2650/6650
f 2858/2590/6651 2921/2653/6651 2920/2651/6651
f 2858/2590/6652 2859/2591/6652 2922/2652/6652
f 2860/2592/6653 2923/2654/6653 2922/2652/6653
f 2861/2594/6654 2924/2655/6654 2923/2654/6654
f 2862/2593/6655 2925/2657/6655 2924/2655/6655
f 2862/2593/6656 2863/2595/6656 2926/2656/6656
f 2863/2595/6657 2864/2596/6657 2927/2658/6657
f 2864/2596/6658 2865/2597/6658 2928/2659/6658
f 2866/2598/6659 2929/2661/6659 2928/2659/6659
f 2866/2598/6660 2867/2600/6660 2930/2660/6660
f 2867/2600/6661 2868/2599/6661 2931/2662/6661
f 2869/2601/6662 2932/2664/6662 2931/2662/6662
f 2869/2601/6663 2870/2602/6663 2933/2663/6663
f 2871/2604/6664 2934/2665/6664 2933/2663/6664
f 2872/2603/6665 2935/2666/6665 2934/2665/6665
f 2873/2606/6666 2936/2668/6666 2935/2666/6666
f 2873/2606/6667 2874/2605/6667 2937/2667/6667
f 2875/2607/6668 2938/2670/6668 2937/2667/6668
f 2875/2607/6669 2876/2608/6669 2939/2669/6669
f 2876/2608/6670 2877/2610/6670 2940/2671/6670
f 2878/2609/6671 2941/2672/6671 2940/2671/6671
f 2879/2611/6672 2942/2673/6672 2941/2672/6672
f 2880/2613/6673 2943/2675/6673 2942/2673/6673
f 2880/2613/6674 2881/2612/6674 2944/2674/6674
f 2882/2614/6675 2945/2676/6675 2944/2674/6675
f 2883/2615/6676 2946/2677/6676 2945/2676/6676
f 2884/2616/6677 2947/2678/6677 2946/2677/6677
f 2885/2617/6678 2948/2680/6678 2947/2678/6678
f 2885/2617/6679 2886/2619/6679 2949/2679/6679
f 2886/2619/6680 2887/2618/6680 2950/2681/6680
f 2887/2618/6681 2888/2620/6681 2951/2682/6681
f 2888/2620/6682 2889/2622/6682 2952/2683/6682
f 2889/2622/6683 2890/2621/6683 2953/2684/6683
f 2891/2623/6684 2954/2685/6684 2953/2684/6684
f 2892/2625/6685 2955/2687/6685 2954/2685/6685
f 2892/2625/6686 2893/2624/6686 2956/2686/6686
f 2894/2626/6687 2957/2688/6687 2956/2686/6687
f 2895/2627/6688 2958/2689/6688 2957/2688/6688
f 2896/2628/6689 2959/2691/6689 2958/2689/6689
f 2896/2628/6690 2897/2629/6690 2960/2690/6690
f 2898/2631/6691 2961/2693/6691 2960/2690/6691
f 2898/2631/6692 2899/2630/6692 2962/2692/6692
f 2899/2630/6693 2900/2632/6693 2963/2694/6693
f 2901/2633/6694 2964/2696/6694 2963/2694/6694
f 2902/2695/6695 2965/2758/6695 2964/2696/6695
f 2903/2635/6696 2904/2634/6696 2967/2697/6696
f 2904/2634/6697 2905/2636/6697 2968/2699/6697
f 2906/2638/6698 2969/2700/6698 2968/2699/6698
f 2907/2637/6699 2970/2702/6699 2969/2700/6699
f 2907/2637/6700 2908/2639/6700 2971/2701/6700
f 2908/2639/6701 2909/2641/6701 2972/2703/6701
f 2910/2640/6702 2973/2705/6702 2972/2703/6702
f 2910/2640/6703 2911/2642/6703 2974/2704/6703
f 2911/2642/6704 2912/2643/6704 2975/2706/6704
f 2912/2643/6705 2913/2645/6705 2976/2707/6705
f 2914/2644/6706 2977/2708/6706 2976/2707/6706
f 2915/2646/6707 2978/2710/6707 2977/2708/6707
f 2915/2646/6708 2916/2648/6708 2979/2709/6708
f 2917/2647/6709 2980/2712/6709 2979/2709/6709
f 2917/2647/6710 2918/2649/6710 2981/2711/6710
f 2919/2650/6711 2982/2713/6711 2981/2711/6711
f 2920/2651/6712 2983/2714/6712 2982/2713/6712
f 2921/2653/6713 2984/2716/6713 2983/2714/6713
f 2921/2653/6714 2922/2652/6714 2985/2715/6714
f 2922/2652/6715 2923/2654/6715 2986/2717/6715
f 2923/2654/6716 2924/2655/6716 2987/2718/6716
f 2925/2657/6717 2988/2719/6717 2987/2718/6717
f 2926/2656/6718 2989/2721/6718 2988/2719/6718
f 2926/2656/6719 2927/2658/6719 2990/2720/6719
f 2927/2658/6720 2928/2659/6720 2991/2722/6720
f 2928/2659/6721 2929/2661/6721 2992/2723/6721
f 2929/2661/6722 2930/2660/6722 2993/2724/6722
f 2931/2662/6723 2994/2726/6723 2993/2724/6723
f 2931/2662/6724 2932/2664/6724 2995/2725/6724
f 2932/2664/6725 2933/2663/6725 2996/2727/6725
f 2934/2665/6726 2997/2729/6726 2996/2727/6726
f 2934/2665/6727 2935/2666/6727 2998/2728/6727
f 2936/2668/6728 2999/2731/6728 2998/2728/6728
f 2936/2668/6729 2937/2667/6729 3000/2730/6729
f 2937/2667/6730 2938/2670/6730 3001/2732/6730
f 2939/2669/6731 3002/2733/6731 3001/2732/6731
f 2940/2671/6732 3003/2734/6732 3002/2733/6732
f 2941/2672/6733 3004/2735/6733 3003/2734/6733
f 2942/2673/6734 3005/2737/6734 3004/2735/6734
f 2942/2673/6735 2943/2675/6735 3006/2736/6735
f 2943/2675/6736 2944/2674/6736 3007/2738/6736
f 2945/2676/6737 3008/2739/6737 3007/2738/6737
f 2946/2677/6738 3009/2741/6738 3008/2739/6738
f 2946/2677/6739 2947/2678/6739 3010/2740/6739
f 2947/2678/6740 2948/2680/6740 3011/2742/6740
f 2949/2679/6741 3012/2743/6741 3011/2742/6741
f 2950/2681/6742 3013/2744/6742 3012/2743/6742
f 2951/2682/6743 3014/2745/6743 3013/2744/6743
f 2952/2683/6744 3015/2746/6744 3014/2745/6744
f 2953/2684/6745 3016/2748/6745 3015/2746/6745
f 2953/2684/6746 2954/2685/6746 3017/2747/6746
f 2954/2685/6747 2955/2687/6747 3018/2749/6747
f 2956/2686/6748 3019/2750/6748 3018/2749/6748
f 2957/2688/6749 3020/2752/6749 3019/2750/6749
f 2957/2688/6750 2958/2689/6750 3021/2751/6750
f 2958/2689/6751 2959/2691/6751 3022/2753/6751
f 2959/2691/6752 2960/2690/6752 3023/2754/6752
f 2961/2693/6753 3024/2755/6753 3023/2754/6753
f 2962/2692/6754 3025/2756/6754 3024/2755/6754
f 2963/2694/6755 3026/2757/6755 3025/2756/6755
f 2964/2696/6756 3027/2759/6756 3026/2757/6756
f 2965/2758/6757 3028/4065/6757 3027/2759/6757
f 2967/2697/6758 3030/2762/6758 3029/2760/6758
f 2967/2697/6759 2968/2699/6759 3031/2761/6759
f 2968/2699/6760 2969/2700/6760 3032/2763/6760
f 2970/2702/6761 3033/2764/6761 3032/2763/6761
f 2971/2701/6762 3034/2766/6762 3033/2764/6762
f 2971/2701/6763 2972/2703/6763 3035/2765/6763
f 2973/2705/6764 3036/2767/6764 3035/2765/6764
f 2974/2704/6765 3037/2768/6765 3036/2767/6765
f 2975/2706/6766 3038/2769/6766 3037/2768/6766
f 2976/2707/6767 3039/2770/6767 3038/2769/6767
f 2977/2708/6768 3040/2771/6768 3039/2770/6768
f 2978/2710/6769 3041/2773/6769 3040/2771/6769
f 2978/2710/6770 2979/2709/6770 3042/2772/6770
f 2979/2709/6771 2980/2712/6771 3043/2774/6771
f 2980/2712/6772 2981/2711/6772 3044/2775/6772
f 2981/2711/6773 2982/2713/6773 3045/2776/6773
f 2982/2713/6774 2983/2714/6774 3046/2777/6774
f 2984/2716/6775 3047/2778/6775 3046/2777/6775
f 2985/2715/6776 3048/2779/6776 3047/2778/6776
f 2986/2717/6777 3049/2780/6777 3048/2779/6777
f 2987/2718/6778 3050/2781/6778 3049/2780/6778
f 2988/2719/6779 3051/2782/6779 3050/2781/6779
f 2989/2721/6780 3052/2783/6780 3051/2782/6780
f 2990/2720/6781 3053/2784/6781 3052/2783/6781
f 2991/2722/6782 3054/2786/6782 3053/2784/6782
f 2991/2722/6783 2992/2723/6783 3055/2785/6783
f 2993/2724/6784 3056/2787/6784 3055/2785/6784
f 2994/2726/6785 3057/2789/6785 3056/2787/6785
f 2994/2726/6786 2995/2725/6786 3058/2788/6786
f 2995/2725/6787 2996/2727/6787 3059/2790/6787
f 2997/2729/6788 3060/2791/6788 3059/2790/6788
f 2998/2728/6789 3061/2792/6789 3060/2791/6789
f 2999/2731/6790 3062/2793/6790 3061/2792/6790
f 3000/2730/6791 3063/2795/6791 3062/2793/6791
f 3000/2730/6792 3001/2732/6792 3064/2794/6792
f 3001/2732/6793 3002/2733/6793 3065/2796/6793
f 3002/2733/6794 3003/2734/6794 3066/2797/6794
f 3003/2734/6795 3004/2735/6795 3067/2798/6795
f 3004/2735/6796 3005/2737/6796 3068/2799/6796
f 3005/2737/6797 3006/2736/6797 3069/2800/6797
f 3006/2736/6798 3007/2738/6798 3070/2801/6798
f 3008/2739/6799 3071/2802/6799 3070/2801/6799
f 3009/2741/6800 3072/2804/6800 3071/2802/6800
f 3009/2741/6801 3010/2740/6801 3073/2803/6801
f 3011/2742/6802 3074/2806/6802 3073/2803/6802
f 3011/2742/6803 3012/2743/6803 3075/2805/6803
f 3013/2744/6804 3076/2808/6804 3075/2805/6804
f 3013/2744/6805 3014/2745/6805 3077/2807/6805
f 3014/2745/6806 3015/2746/6806 3078/2809/6806
f 3016/2748/6807 3079/2811/6807 3078/2809/6807
f 3016/2748/6808 3017/2747/6808 3080/2810/6808
f 3018/2749/6809 3081/2813/6809 3080/2810/6809
f 3018/2749/6810 3019/2750/6810 3082/2812/6810
f 3019/2750/6811 3020/2752/6811 3083/2814/6811
f 3020/2752/6812 3021/2751/6812 3084/2815/6812
f 3021/2751/6813 3022/2753/6813 3085/2816/6813
f 3023/2754/6814 3086/2817/6814 3085/2816/6814
f 3024/2755/6815 3087/2819/6815 3086/2817/6815
f 3024/2755/6816 3025/2756/6816 3088/2818/6816
f 3025/2756/6817 3026/2757/6817 3089/2820/6817
f 3026/2757/6818 3027/2759/6818 3090/2821/6818
f 3027/2759/6819 3028/4065/6819 3091/2822/6819
f 3030/2762/6820 3093/2824/6820 3092/2823/6820
f 3031/2761/6821 3094/2826/6821 3093/2824/6821
f 3031/2761/6822 3032/2763/6822 3095/2825/6822
f 3032/2763/6823 3033/2764/6823 3096/2827/6823
f 3033/2764/6824 3034/2766/6824 3097/2828/6824
f 3035/2765/6825 3098/2829/6825 3097/2828/6825
f 3036/2767/6826 3099/2831/6826 3098/2829/6826
f 3036/2767/6827 3037/2768/6827 3100/2830/6827
f 3037/2768/6828 3038/2769/6828 3101/2832/6828
f 3038/2769/6829 3039/2770/6829 3102/2833/6829
f 3039/2770/6830 3040/2771/6830 3103/2834/6830
f 3040/2771/6831 3041/2773/6831 3104/2835/6831
f 3042/2772/6832 3105/2836/6832 3104/2835/6832
f 3043/2774/6833 3106/2837/6833 3105/2836/6833
f 3044/2775/6834 3107/2838/6834 3106/2837/6834
f 3045/2776/6835 3108/2840/6835 3107/2838/6835
f 3045/2776/6836 3046/2777/6836 3109/2839/6836
f 3046/2777/6837 3047/2778/6837 3110/2841/6837
f 3047/2778/6838 3048/2779/6838 3111/2842/6838
f 3048/2779/6839 3049/2780/6839 3112/2843/6839
f 3049/2780/6840 3050/2781/6840 3113/2844/6840
f 3050/2781/6841 3051/2782/6841 3114/2845/6841
f 3052/2783/6842 3115/2846/6842 3114/2845/6842
f 3053/2784/6843 3116/2847/6843 3115/2846/6843
f 3054/2786/6844 3117/2849/6844 3116/2847/6844
f 3054/2786/6845 3055/2785/6845 3118/2848/6845
f 3056/2787/6846 3119/2850/6846 3118/2848/6846
f 3057/2789/6847 3120/2851/6847 3119/2850/6847
f 3058/2788/6848 3121/2852/6848 3120/2851/6848
f 3059/2790/6849 3122/2854/6849 3121/2852/6849
f 3059/2790/6850 3060/2791/6850 3123/2853/6850
f 3061/2792/6851 3124/2856/6851 3123/2853/6851
f 3061/2792/6852 3062/2793/6852 3125/2855/6852
f 3063/2795/6853 3126/2858/6853 3125/2855/6853
f 3063/2795/6854 3064/2794/6854 3127/2857/6854
f 3065/2796/6855 3128/2859/6855 3127/2857/6855
f 3066/2797/6856 3129/2860/6856 3128/2859/6856
f 3067/2798/6857 3130/2862/6857 3129/2860/6857
f 3067/2798/6858 3068/2799/6858 3131/2861/6858
f 3068/2799/6859 3069/2800/6859 3132/2863/6859
f 3070/2801/6860 3133/2864/6860 3132/2863/6860
f 3071/2802/6861 3134/2865/6861 3133/2864/6861
f 3072/2804/6862 3135/2867/6862 3134/2865/6862
f 3072/2804/6863 3073/2803/6863 3136/2866/6863
f 3074/2806/6864 3137/2869/6864 3136/2866/6864
f 3074/2806/6865 3075/2805/6865 3138/2868/6865
f 3076/2808/6866 3139/2870/6866 3138/2868/6866
f 3077/2807/6867 3140/2871/6867 3139/2870/6867
f 3078/2809/6868 3141/2872/6868 3140/2871/6868
f 3079/2811/6869 3142/2874/6869 3141/2872/6869
f 3079/2811/6870 3080/2810/6870 3143/2873/6870
f 3080/2810/6871 3081/2813/6871 3144/2875/6871
f 3081/2813/6872 3082/2812/6872 3145/2876/6872
f 3083/2814/6873 3146/2877/6873 3145/2876/6873
f 3084/2815/6874 3147/2878/6874 3146/2877/6874
f 3085/2816/6875 3148/2879/6875 3147/2878/6875
f 3086/2817/6876 3149/2880/6876 3148/2879/6876
f 3087/2819/6877 3150/2881/6877 3149/2880/6877
f 3088/2818/6878 3151/2882/6878 3150/2881/6878
f 3089/2820/6879 3152/2883/6879 3151/2882/6879
f 3090/2821/6880 3153/2885/6880 3152/2883/6880
f 3090/2821/6881 3091/2822/6881 3154/2884/6881
f 3092/2823/6882 3093/2824/6882 3156/2886/6882
f 3094/2826/6883 3157/2888/6883 3156/2886/6883
f 3095/2825/6884 3158/2889/6884 3157/2888/6884
f 3096/2827/6885 3159/2891/6885 3158/2889/6885
f 3096/2827/6886 3097/2828/6886 3160/2890/6886
f 3098/2829/6887 3161/2893/6887 3160/2890/6887
f 3098/2829/6888 3099/2831/6888 3162/2892/6888
f 3099/2831/6889 3100/2830/6889 3163/2894/6889
f 3101/2832/6890 3164/2896/6890 3163/2894/6890
f 3101/2832/6891 3102/2833/6891 3165/2895/6891
f 3103/2834/6892 3166/2897/6892 3165/2895/6892
f 3104/2835/6893 3167/2898/6893 3166/2897/6893
f 3105/2836/6894 3168/2900/6894 3167/2898/6894
f 3105/2836/6895 3106/2837/6895 3169/2899/6895
f 3107/2838/6896 3170/2901/6896 3169/2899/6896
f 3108/2840/6897 3171/2902/6897 3170/2901/6897
f 3109/2839/6898 3172/2904/6898 3171/2902/6898
f 3109/2839/6899 3110/2841/6899 3173/2903/6899
f 3111/2842/6900 3174/2905/6900 3173/2903/6900
f 3112/2843/6901 3175/2906/6901 3174/2905/6901
f 3113/2844/6902 3176/2908/6902 3175/2906/6902
f 3113/2844/6903 3114/2845/6903 3177/2907/6903
f 3115/2846/6904 3178/2910/6904 3177/2907/6904
f 3115/2846/6905 3116/2847/6905 3179/2909/6905
f 3117/2849/6906 3180/2911/6906 3179/2909/6906
f 3118/2848/6907 3181/2912/6907 3180/2911/6907
f 3119/2850/6908 3182/2913/6908 3181/2912/6908
f 3120/2851/6909 3183/2915/6909 3182/2913/6909
f 3120/2851/6910 3121/2852/6910 3184/2914/6910
f 3122/2854/6911 3185/2917/6911 3184/2914/6911
f 3122/2854/6912 3123/2853/6912 3186/2916/6912
f 3123/2853/6913 3124/2856/6913 3187/2918/6913
f 3125/2855/6914 3188/2919/6914 3187/2918/6914
f 3126/2858/6915 3189/2921/6915 3188/2919/6915
f 3126/2858/6916 3127/2857/6916 3190/2920/6916
f 3128/2859/6917 3191/2923/6917 3190/2920/6917
f 3128/2859/6918 3129/2860/6918 3192/2922/6918
f 3129/2860/6919 3130/2862/6919 3193/2924/6919
f 3131/2861/6920 3194/2925/6920 3193/2924/6920
f 3132/2863/6921 3195/2927/6921 3194/2925/6921
f 3132/2863/6922 3133/2864/6922 3196/2926/6922
f 3134/2865/6923 3197/2929/6923 3196/2926/6923
f 3134/2865/6924 3135/2867/6924 3198/2928/6924
f 3136/2866/6925 3199/2931/6925 3198/2928/6925
f 3136/2866/6926 3137/2869/6926 3200/2930/6926
f 3137/2869/6927 3138/2868/6927 3201/2932/6927
f 3139/2870/6928 3202/2933/6928 3201/2932/6928
f 3140/2871/6929 3203/2934/6929 3202/2933/6929
f 3141/2872/6930 3204/2935/6930 3203/2934/6930
f 3142/2874/6931 3205/2936/6931 3204/2935/6931
f 3143/2873/6932 3206/2937/6932 3205/2936/6932
f 3144/2875/6933 3207/2938/6933 3206/2937/6933
f 3145/2876/6934 3208/2940/6934 3207/2938/6934
f 3145/2876/6935 3146/2877/6935 3209/2939/6935
f 3146/2877/6936 3147/2878/6936 3210/2941/6936
f 3147/2878/6937 3148/2879/6937 3211/2942/6937
f 3148/2879/6938 3149/2880/6938 3212/2943/6938
f 3150/2881/6939 3213/2944/6939 3212/2943/6939
f 3151/2882/6940 3214/2946/6940 3213/2944/6940
f 3151/2882/6941 3152/2883/6941 3215/2945/6941
f 3152/2883/6942 3153/2885/6942 3216/2947/6942
f 3153/2885/6943 3154/2884/6943 3217/2948/6943
f 3155/2887/6944 3156/2886/6944 3219/2949/6944
f 3156/2886/6945 3157/2888/6945 3220/2951/6945
f 3157/2888/6946 3158/2889/6946 3221/2952/6946
f 3159/2891/6947 3222/2954/6947 3221/2952/6947
f 3159/2891/6948 3160/2890/6948 3223/2953/6948
f 3160/2890/6949 3161/2893/6949 3224/2955/6949
f 3162/2892/6950 3225/2957/6950 3224/2955/6950
f 3162/2892/6951 3163/2894/6951 3226/2956/6951
f 3164/2896/6952 3227/2959/6952 3226/2956/6952
f 3164/2896/6953 3165/2895/6953 3228/2958/6953
f 3165/2895/6954 3166/2897/6954 3229/2960/6954
f 3166/2897/6955 3167/2898/6955 3230/2961/6955
f 3168/2900/6956 3231/2963/6956 3230/2961/6956
f 3168/2900/6957 3169/2899/6957 3232/2962/6957
f 3169/2899/6958 3170/2901/6958 3233/2964/6958
f 3171/2902/6959 3234/2965/6959 3233/2964/6959
f 3172/2904/6960 3235/2967/6960 3234/2965/6960
f 3172/2904/6961 3173/2903/6961 3236/2966/6961
f 3174/2905/6962 3237/2968/6962 3236/2966/6962
f 3175/2906/6963 3238/2969/6963 3237/2968/6963
f 3176/2908/6964 3239/2971/6964 3238/2969/6964
f 3176/2908/6965 3177/2907/6965 3240/2970/6965
f 3178/2910/6966 3241/2973/6966 3240/2970/6966
f 3178/2910/6967 3179/2909/6967 3242/2972/6967
f 3180/2911/6968 3243/2974/6968 3242/2972/6968
f 3181/2912/6969 3244/2975/6969 3243/2974/6969
f 3182/2913/6970 3245/2977/6970 3244/2975/6970
f 3182/2913/6971 3183/2915/6971 3246/2976/6971
f 3183/2915/6972 3184/2914/6972 3247/2978/6972
f 3184/2914/6973 3185/2917/6973 3248/2979/6973
f 3186/2916/6974 3249/2981/6974 3248/2979/6974
f 3186/2916/6975 3187/2918/6975 3250/2980/6975
f 3188/2919/6976 3251/2982/6976 3250/2980/6976
f 3189/2921/6977 3252/2984/6977 3251/2982/6977
f 3189/2921/6978 3190/2920/6978 3253/2983/6978
f 3191/2923/6979 3254/2985/6979 3253/2983/6979
f 3192/2922/6980 3255/2986/6980 3254/2985/6980
f 3193/2924/5375 3256/2987/5375 3255/2986/5375
f 3194/2925/6981 3257/2988/6981 3256/2987/6981
f 3195/2927/6982 3258/2990/6982 3257/2988/6982
f 3195/2927/6983 3196/2926/6983 3259/2989/6983
f 3197/2929/6984 3260/2992/6984 3259/2989/6984
f 3197/2929/6985 3198/2928/6985 3261/2991/6985
f 3198/2928/6986 3199/2931/6986 3262/2993/6986
f 3199/2931/6987 3200/2930/6987 3263/2994/6987
f 3201/2932/6988 3264/2996/6988 3263/2994/6988
f 3201/2932/6989 3202/2933/6989 3265/2995/6989
f 3202/2933/6990 3203/2934/6990 3266/2997/6990
f 3204/2935/6991 3267/2998/6991 3266/2997/6991
f 3205/2936/6992 3268/2999/6992 3267/2998/6992
f 3206/2937/6993 3269/3001/6993 3268/2999/6993
f 3206/2937/6994 3207/2938/6994 3270/3000/6994
f 3207/2938/6995 3208/2940/6995 3271/3002/6995
f 3208/2940/6996 3209/2939/6996 3272/3003/6996
f 3209/2939/6997 3210/2941/6997 3273/3004/6997
f 3210/2941/6998 3211/2942/6998 3274/3005/6998
f 3212/2943/6999 3275/3007/6999 3274/3005/6999
f 3212/2943/7000 3213/2944/7000 3276/3006/7000
f 3213/2944/7001 3214/2946/7001 3277/3008/7001
f 3214/2946/7002 3215/2945/7002 3278/3009/7002
f 3216/2947/7003 3279/3010/7003 3278/3009/7003
f 3217/2948/7004 3280/4070/7004 3279/3010/7004
f 3219/2949/7005 3282/3013/7005 3281/3011/7005
f 3219/2949/7006 3220/2951/7006 3283/3012/7006
f 3220/2951/7007 3221/2952/7007 3284/3014/7007
f 3222/2954/7008 3285/3015/7008 3284/3014/7008
f 3223/2953/2918 3286/3016/2918 3285/3015/2918
f 3224/2955/7009 3287/3018/7009 3286/3016/7009
f 3224/2955/7010 3225/2957/7010 3288/3017/7010
f 3226/2956/5223 3289/3020/5223 3288/3017/5223
f 3226/2956/7011 3227/2959/7011 3290/3019/7011
f 3228/2958/7012 3291/3022/7012 3290/3019/7012
f 3228/2958/7013 3229/2960/7013 3292/3021/7013
f 3230/2961/7014 3293/3023/7014 3292/3021/7014
f 3231/2963/7015 3294/3024/7015 3293/3023/7015
f 3232/2962/7016 3295/3025/7016 3294/3024/7016
f 3233/2964/7017 3296/3027/7017 3295/3025/7017
f 3233/2964/7018 3234/2965/7018 3297/3026/7018
f 3235/2967/7019 3298/3029/7019 3297/3026/7019
f 3235/2967/7020 3236/2966/7020 3299/3028/7020
f 3236/2966/7021 3237/2968/7021 3300/3030/7021
f 3238/2969/7022 3301/3031/7022 3300/3030/7022
f 3239/2971/7023 3302/3032/7023 3301/3031/7023
f 3240/2970/7024 3303/3034/7024 3302/3032/7024
f 3240/2970/7025 3241/2973/7025 3304/3033/7025
f 3242/2972/7026 3305/3036/7026 3304/3033/7026
f 3242/2972/7027 3243/2974/7027 3306/3035/7027
f 3244/2975/7028 3307/3038/7028 3306/3035/7028
f 3244/2975/7029 3245/2977/7029 3308/3037/7029
f 3245/2977/7030 3246/2976/7030 3309/3039/7030
f 3247/2978/7031 3310/3040/7031 3309/3039/7031
f 3248/2979/7032 3311/3041/7032 3310/3040/7032
f 3249/2981/7033 3312/3042/7033 3311/3041/7033
f 3250/2980/7034 3313/3044/7034 3312/3042/7034
f 3250/2980/7035 3251/2982/7035 3314/3043/7035
f 3251/2982/7036 3252/2984/7036 3315/3045/7036
f 3253/2983/7037 3316/3046/7037 3315/3045/7037
f 3254/2985/7038 3317/3047/7038 3316/3046/7038
f 3255/2986/7039 3318/3048/7039 3317/3047/7039
f 3256/2987/7040 3319/3050/7040 3318/3048/7040
f 3256/2987/7041 3257/2988/7041 3320/3049/7041
f 3258/2990/7042 3321/3052/7042 3320/3049/7042
f 3258/2990/7043 3259/2989/7043 3322/3051/7043
f 3260/2992/7044 3323/3053/7044 3322/3051/7044
f 3261/2991/7045 3324/3054/7045 3323/3053/7045
f 3262/2993/7046 3325/3056/7046 3324/3054/7046
f 3262/2993/7047 3263/2994/7047 3326/3055/7047
f 3264/2996/7048 3327/3058/7048 3326/3055/7048
f 3264/2996/7049 3265/2995/7049 3328/3057/7049
f 3266/2997/7050 3329/3059/7050 3328/3057/7050
f 3267/2998/7051 3330/3060/7051 3329/3059/7051
f 3268/2999/7052 3331/3061/7052 3330/3060/7052
f 3269/3001/7053 3332/3063/7053 3331/3061/7053
f 3269/3001/7054 3270/3000/7054 3333/3062/7054
f 3270/3000/7055 3271/3002/7055 3334/3064/7055
f 3272/3003/7056 3335/3065/7056 3334/3064/7056
f 3273/3004/7057 3336/3066/7057 3335/3065/7057
f 3274/3005/7058 3337/3068/7058 3336/3066/7058
f 3274/3005/7059 3275/3007/7059 3338/3067/7059
f 3275/3007/7060 3276/3006/7060 3339/3069/7060
f 3276/3006/7061 3277/3008/7061 3340/3070/7061
f 3278/3009/7062 3341/3071/7062 3340/3070/7062
f 3279/3010/7063 3342/3073/7063 3341/3071/7063
f 3279/3010/7064 3280/4070/7064 3343/3072/7064
f 3282/3013/7065 3345/3075/7065 3344/3074/7065
f 3283/3012/7066 3346/3077/7066 3345/3075/7066
f 3283/3012/7067 3284/3014/7067 3347/3076/7067
f 3284/3014/7068 3285/3015/7068 3348/3078/7068
f 3285/3015/7069 3286/3016/7069 3349/3079/7069
f 3287/3018/7070 3350/3080/7070 3349/3079/7070
f 3288/3017/7071 3351/3081/7071 3350/3080/7071
f 3289/3020/7072 3352/3082/7072 3351/3081/7072
f 3290/3019/7073 3353/3083/7073 3352/3082/7073
f 3291/3022/7074 3354/3085/7074 3353/3083/7074
f 3291/3022/7075 3292/3021/7075 3355/3084/7075
f 3292/3021/7076 3293/3023/7076 3356/3086/7076
f 3293/3023/7077 3294/3024/7077 3357/3087/7077
f 3295/3025/7078 3358/3088/7078 3357/3087/7078
f 3296/3027/7079 3359/3090/7079 3358/3088/7079
f 3296/3027/7080 3297/3026/7080 3360/3089/7080
f 3297/3026/7081 3298/3029/7081 3361/3091/7081
f 3299/3028/7082 3362/3092/7082 3361/3091/7082
f 3300/3030/7083 3363/3093/7083 3362/3092/7083
f 3301/3031/7084 3364/3095/7084 3363/3093/7084
f 3301/3031/7085 3302/3032/7085 3365/3094/7085
f 3302/3032/7086 3303/3034/7086 3366/3096/7086
f 3304/3033/7087 3367/3097/7087 3366/3096/7087
f 3305/3036/7088 3368/3098/7088 3367/3097/7088
f 3306/3035/7089 3369/3099/7089 3368/3098/7089
f 3307/3038/7090 3370/3101/7090 3369/3099/7090
f 3307/3038/7091 3308/3037/7091 3371/3100/7091
f 3308/3037/7092 3309/3039/7092 3372/3102/7092
f 3310/3040/7093 3373/3104/7093 3372/3102/7093
f 3310/3040/7094 3311/3041/7094 3374/3103/7094
f 3312/3042/7095 3375/3106/7095 3374/3103/7095
f 3312/3042/7096 3313/3044/7096 3376/3105/7096
f 3314/3043/7097 3377/3107/7097 3376/3105/7097
f 3315/3045/7098 3378/3108/7098 3377/3107/7098
f 3316/3046/7099 3379/3109/7099 3378/3108/7099
f 3317/3047/7100 3380/3111/7100 3379/3109/7100
f 3317/3047/7101 3318/3048/7101 3381/3110/7101
f 3318/3048/7102 3319/3050/7102 3382/3112/7102
f 3319/3050/7103 3320/3049/7103 3383/3113/7103
f 3321/3052/7104 3384/3114/7104 3383/3113/7104
f 3322/3051/7105 3385/3115/7105 3384/3114/7105
f 3323/3053/7106 3386/3116/7106 3385/3115/7106
f 3324/3054/7107 3387/3118/7107 3386/3116/7107
f 3324/3054/7108 3325/3056/7108 3388/3117/7108
f 3325/3056/7109 3326/3055/7109 3389/3119/7109
f 3327/3058/7110 3390/3120/7110 3389/3119/7110
f 3328/3057/7111 3391/3121/7111 3390/3120/7111
f 3329/3059/7112 3392/3123/7112 3391/3121/7112
f 3329/3059/7113 3330/3060/7113 3393/3122/7113
f 3331/3061/7114 3394/3125/7114 3393/3122/7114
f 3331/3061/7115 3332/3063/7115 3395/3124/7115
f 3333/3062/7116 3396/3127/7116 3395/3124/7116
f 3333/3062/7117 3334/3064/7117 3397/3126/7117
f 3335/3065/7118 3398/3129/7118 3397/3126/7118
f 3335/3065/7119 3336/3066/7119 3399/3128/7119
f 3337/3068/7120 3400/3130/7120 3399/3128/7120
f 3338/3067/7121 3401/3131/7121 3400/3130/7121
f 3339/3069/7122 3402/3132/7122 3401/3131/7122
f 3340/3070/7123 3403/3133/7123 3402/3132/7123
f 3341/3071/7124 3404/3135/7124 3403/3133/7124
f 3341/3071/7125 3342/3073/7125 3405/3134/7125
f 3343/3072/7126 3406/3197/7126 3405/3134/7126
f 3344/3074/7127 3345/3075/7127 3408/3136/7127
f 3345/3075/7128 3346/3077/7128 3409/3138/7128
f 3347/3076/7129 3410/3139/7129 3409/3138/7129
f 3348/3078/7130 3411/3140/7130 3410/3139/7130
f 3349/3079/7131 3412/3141/7131 3411/3140/7131
f 3350/3080/7132 3413/3143/7132 3412/3141/7132
f 3350/3080/7133 3351/3081/7133 3414/3142/7133
f 3351/3081/7134 3352/3082/7134 3415/3144/7134
f 3353/3083/7135 3416/3145/7135 3415/3144/7135
f 3354/3085/7136 3417/3146/7136 3416/3145/7136
f 3355/3084/7137 3418/3147/7137 3417/3146/7137
f 3356/3086/7138 3419/3149/7138 3418/3147/7138
f 3356/3086/7139 3357/3087/7139 3420/3148/7139
f 3358/3088/7140 3421/3151/7140 3420/3148/7140
f 3358/3088/7141 3359/3090/7141 3422/3150/7141
f 3360/3089/7142 3423/3153/7142 3422/3150/7142
f 3360/3089/7143 3361/3091/7143 3424/3152/7143
f 3361/3091/7144 3362/3092/7144 3425/3154/7144
f 3362/3092/7145 3363/3093/7145 3426/3155/7145
f 3364/3095/7146 3427/3156/7146 3426/3155/7146
f 3365/3094/7147 3428/3157/7147 3427/3156/7147
f 3366/3096/7148 3429/3158/7148 3428/3157/7148
f 3367/3097/7149 3430/3160/7149 3429/3158/7149
f 3367/3097/7150 3368/3098/7150 3431/3159/7150
f 3368/3098/7151 3369/3099/7151 3432/3161/7151
f 3370/3101/7152 3433/3162/7152 3432/3161/7152
f 3371/3100/7153 3434/3164/7153 3433/3162/7153
f 3371/3100/7154 3372/3102/7154 3435/3163/7154
f 3372/3102/7155 3373/3104/7155 3436/3165/7155
f 3373/3104/7156 3374/3103/7156 3437/3166/7156
f 3375/3106/7157 3438/3167/7157 3437/3166/7157
f 3376/3105/7158 3439/3168/7158 3438/3167/7158
f 3377/3107/7159 3440/3170/7159 3439/3168/7159
f 3377/3107/7160 3378/3108/7160 3441/3169/7160
f 3379/3109/7161 3442/3171/7161 3441/3169/7161
f 3380/3111/7162 3443/3173/7162 3442/3171/7162
f 3380/3111/7163 3381/3110/7163 3444/3172/7163
f 3382/3112/7164 3445/3174/7164 3444/3172/7164
f 3383/3113/7165 3446/3176/7165 3445/3174/7165
f 3383/3113/7166 3384/3114/7166 3447/3175/7166
f 3384/3114/7167 3385/3115/7167 3448/3177/7167
f 3385/3115/7168 3386/3116/7168 3449/3178/7168
f 3387/3118/7169 3450/3179/7169 3449/3178/7169
f 3388/3117/7170 3451/3180/7170 3450/3179/7170
f 3389/3119/7171 3452/3181/7171 3451/3180/7171
f 3390/3120/7172 3453/3182/7172 3452/3181/7172
f 3391/3121/7173 3454/3184/7173 3453/3182/7173
f 3391/3121/7174 3392/3123/7174 3455/3183/7174
f 3393/3122/7175 3456/3185/7175 3455/3183/7175
f 3394/3125/7176 3457/3187/7176 3456/3185/7176
f 3394/3125/7177 3395/3124/7177 3458/3186/7177
f 3396/3127/7178 3459/3189/7178 3458/3186/7178
f 3396/3127/7179 3397/3126/7179 3460/3188/7179
f 3397/3126/7180 3398/3129/7180 3461/3190/7180
f 3398/3129/7181 3399/3128/7181 3462/3191/7181
f 3400/3130/7182 3463/3192/7182 3462/3191/7182
f 3401/3131/7183 3464/3194/7183 3463/3192/7183
f 3401/3131/7184 3402/3132/7184 3465/3193/7184
f 3402/3132/7185 3403/3133/7185 3466/3195/7185
f 3403/3133/7186 3404/3135/7186 3467/3196/7186
f 3405/3134/7187 3468/3198/7187 3467/3196/7187
f 3406/3197/7188 3469/4074/7188 3468/3198/7188
f 3408/3136/7189 3471/3201/7189 3470/3199/7189
f 3408/3136/7190 3409/3138/7190 3472/3200/7190
f 3410/3139/7191 3473/3202/7191 3472/3200/7191
f 3411/3140/7192 3474/3203/7192 3473/3202/7192
f 3412/3141/7193 3475/3204/7193 3474/3203/7193
f 3413/3143/7194 3476/3206/7194 3475/3204/7194
f 3413/3143/7195 3414/3142/7195 3477/3205/7195
f 3414/3142/7196 3415/3144/7196 3478/3207/7196
f 3415/3144/7197 3416/3145/7197 3479/3208/7197
f 3417/3146/7198 3480/3210/7198 3479/3208/7198
f 3417/3146/7199 3418/3147/7199 3481/3209/7199
f 3419/3149/7200 3482/3212/7200 3481/3209/7200
f 3419/3149/7201 3420/3148/7201 3483/3211/7201
f 3421/3151/7202 3484/3214/7202 3483/3211/7202
f 3421/3151/7203 3422/3150/7203 3485/3213/7203
f 3423/3153/7204 3486/3216/7204 3485/3213/7204
f 3423/3153/7205 3424/3152/7205 3487/3215/7205
f 3424/3152/7206 3425/3154/7206 3488/3217/7206
f 3425/3154/7207 3426/3155/7207 3489/3218/7207
f 3427/3156/7208 3490/3220/7208 3489/3218/7208
f 3427/3156/7209 3428/3157/7209 3491/3219/7209
f 3429/3158/7210 3492/3222/7210 3491/3219/7210
f 3429/3158/7211 3430/3160/7211 3493/3221/7211
f 3430/3160/7212 3431/3159/7212 3494/3223/7212
f 3431/3159/7213 3432/3161/7213 3495/3224/7213
f 3433/3162/7214 3496/3226/7214 3495/3224/7214
f 3433/3162/7215 3434/3164/7215 3497/3225/7215
f 3434/3164/7216 3435/3163/7216 3498/3227/7216
f 3435/3163/7217 3436/3165/7217 3499/3228/7217
f 3437/3166/7218 3500/3229/7218 3499/3228/7218
f 3438/3167/7219 3501/3231/7219 3500/3229/7219
f 3438/3167/7220 3439/3168/7220 3502/3230/7220
f 3440/3170/7221 3503/3233/7221 3502/3230/7221
f 3440/3170/7222 3441/3169/7222 3504/3232/7222
f 3442/3171/7223 3505/3234/7223 3504/3232/7223
f 3443/3173/7224 3506/3236/7224 3505/3234/7224
f 3443/3173/7225 3444/3172/7225 3507/3235/7225
f 3445/3174/7226 3508/3237/7226 3507/3235/7226
f 3446/3176/7227 3509/3238/7227 3508/3237/7227
f 3447/3175/7228 3510/3239/7228 3509/3238/7228
f 3448/3177/7229 3511/3240/7229 3510/3239/7229
f 3449/3178/7230 3512/3241/7230 3511/3240/7230
f 3450/3179/7231 3513/3243/7231 3512/3241/7231
f 3450/3179/7232 3451/3180/7232 3514/3242/7232
f 3452/3181/7233 3515/3244/7233 3514/3242/7233
f 3453/3182/7234 3516/3246/7234 3515/3244/7234
f 3453/3182/7235 3454/3184/7235 3517/3245/7235
f 3455/3183/7236 3518/3247/7236 3517/3245/7236
f 3456/3185/7237 3519/3248/7237 3518/3247/7237
f 3457/3187/7238 3520/3249/7238 3519/3248/7238
f 3458/3186/7239 3521/3250/7239 3520/3249/7239
f 3459/3189/7240 3522/3251/7240 3521/3250/7240
f 3460/3188/7241 3523/3252/7241 3522/3251/7241
f 3461/3190/7242 3524/3253/7242 3523/3252/7242
f 3462/3191/7243 3525/3254/7243 3524/3253/7243
f 3463/3192/7244 3526/3255/7244 3525/3254/7244
f 3464/3194/7245 3527/3256/7245 3526/3255/7245
f 3465/3193/7246 3528/3257/7246 3527/3256/7246
f 3466/3195/7247 3529/3258/7247 3528/3257/7247
f 3467/3196/7248 3530/3259/7248 3529/3258/7248
f 3468/3198/7249 3531/3261/7249 3530/3259/7249
f 3468/3198/7250 3469/4074/7250 3532/3260/7250
f 3471/3201/7251 3534/3264/7251 3533/3262/7251
f 3471/3201/7252 3472/3200/7252 3535/3263/7252
f 3473/3202/7253 3536/3266/7253 3535/3263/7253
f 3473/3202/7254 3474/3203/7254 3537/3265/7254
f 3474/3203/7255 3475/3204/7255 3538/3267/7255
f 3476/3206/7256 3539/3268/7256 3538/3267/7256
f 3477/3205/7257 3540/3269/7257 3539/3268/7257
f 3478/3207/7258 3541/3270/7258 3540/3269/7258
f 3479/3208/7259 3542/3271/7259 3541/3270/7259
f 3480/3210/7260 3543/3272/7260 3542/3271/7260
f 3481/3209/7261 3544/3273/7261 3543/3272/7261
f 3482/3212/7262 3545/3275/7262 3544/3273/7262
f 3482/3212/7263 3483/3211/7263 3546/3274/7263
f 3484/3214/7264 3547/3277/7264 3546/3274/7264
f 3484/3214/7265 3485/3213/7265 3548/3276/7265
f 3486/3216/7266 3549/3278/7266 3548/3276/7266
f 3487/3215/7267 3550/3279/7267 3549/3278/7267
f 3488/3217/7268 3551/3281/7268 3550/3279/7268
f 3488/3217/7269 3489/3218/7269 3552/3280/7269
f 3490/3220/7270 3553/3282/7270 3552/3280/7270
f 3491/3219/7271 3554/3283/7271 3553/3282/7271
f 3492/3222/7272 3555/3285/7272 3554/3283/7272
f 3492/3222/7273 3493/3221/7273 3556/3284/7273
f 3494/3223/7274 3557/3287/7274 3556/3284/7274
f 3494/3223/7275 3495/3224/7275 3558/3286/7275
f 3496/3226/7276 3559/3289/7276 3558/3286/7276
f 3496/3226/7277 3497/3225/7277 3560/3288/7277
f 3498/3227/7278 3561/3290/7278 3560/3288/7278
f 3499/3228/7279 3562/3291/7279 3561/3290/7279
f 3500/3229/7280 3563/3293/7280 3562/3291/7280
f 3500/3229/7281 3501/3231/7281 3564/3292/7281
f 3501/3231/7282 3502/3230/7282 3565/3294/7282
f 3502/3230/7283 3503/3233/7283 3566/3295/7283
f 3503/3233/7284 3504/3232/7284 3567/3296/7284
f 3505/3234/7285 3568/3297/7285 3567/3296/7285
f 3506/3236/7286 3569/3299/7286 3568/3297/7286
f 3506/3236/7287 3507/3235/7287 3570/3298/7287
f 3508/3237/7288 3571/3301/7288 3570/3298/7288
f 3508/3237/7289 3509/3238/7289 3572/3300/7289
f 3510/3239/7290 3573/3302/7290 3572/3300/7290
f 3511/3240/7291 3574/3304/7291 3573/3302/7291
f 3511/3240/7292 3512/3241/7292 3575/3303/7292
f 3513/3243/7293 3576/3306/7293 3575/3303/7293
f 3513/3243/7294 3514/3242/7294 3577/3305/7294
f 3514/3242/7295 3515/3244/7295 3578/3307/7295
f 3516/3246/7296 3579/3308/7296 3578/3307/7296
f 3517/3245/7297 3580/3310/7297 3579/3308/7297
f 3517/3245/7298 3518/3247/7298 3581/3309/7298
f 3519/3248/7299 3582/3311/7299 3581/3309/7299
f 3520/3249/7300 3583/3312/7300 3582/3311/7300
f 3521/3250/7301 3584/3313/7301 3583/3312/7301
f 3522/3251/7302 3585/3314/7302 3584/3313/7302
f 3523/3252/7303 3586/3315/7303 3585/3314/7303
f 3524/3253/7304 3587/3317/7304 3586/3315/7304
f 3524/3253/7305 3525/3254/7305 3588/3316/7305
f 3525/3254/7306 3526/3255/7306 3589/3318/7306
f 3527/3256/7307 3590/3319/7307 3589/3318/7307
f 3528/3257/7308 3591/3320/7308 3590/3319/7308
f 3529/3258/7309 3592/3322/7309 3591/3320/7309
f 3529/3258/7310 3530/3259/7310 3593/3321/7310
f 3530/3259/7311 3531/3261/7311 3594/3323/7311
f 3531/3261/7312 3532/3260/7312 3595/3324/7312
f 3534/3264/7313 3597/3327/7313 3596/3325/7313
f 3534/3264/7314 3535/3263/7314 3598/3326/7314
f 3536/3266/7315 3599/3328/7315 3598/3326/7315
f 3537/3265/7316 3600/3329/7316 3599/3328/7316
f 3538/3267/7317 3601/3330/7317 3600/3329/7317
f 3539/3268/7318 3602/3332/7318 3601/3330/7318
f 3539/3268/7319 3540/3269/7319 3603/3331/7319
f 3541/3270/7320 3604/3333/7320 3603/3331/7320
f 3542/3271/7321 3605/3334/7321 3604/3333/7321
f 3543/3272/7322 3606/3335/7322 3605/3334/7322
f 3544/3273/7229 3607/3337/7229 3606/3335/7229
f 3544/3273/7323 3545/3275/7323 3608/3336/7323
f 3545/3275/7324 3546/3274/7324 3609/3338/7324
f 3547/3277/7325 3610/3339/7325 3609/3338/7325
f 3548/3276/7326 3611/3340/7326 3610/3339/7326
f 3549/3278/7327 3612/3341/7327 3611/3340/7327
f 3550/3279/7328 3613/3343/7328 3612/3341/7328
f 3550/3279/7329 3551/3281/7329 3614/3342/7329
f 3551/3281/7330 3552/3280/7330 3615/3344/7330
f 3552/3280/7331 3553/3282/7331 3616/3345/7331
f 3554/3283/7332 3617/3347/7332 3616/3345/7332
f 3554/3283/7333 3555/3285/7333 3618/3346/7333
f 3556/3284/7334 3619/3348/7334 3618/3346/7334
f 3557/3287/7335 3620/3349/7335 3619/3348/7335
f 3558/3286/7336 3621/3350/7336 3620/3349/7336
f 3559/3289/7337 3622/3352/7337 3621/3350/7337
f 3559/3289/7338 3560/3288/7338 3623/3351/7338
f 3560/3288/7339 3561/3290/7339 3624/3353/7339
f 3561/3290/7340 3562/3291/7340 3625/3354/7340
f 3563/3293/7341 3626/3356/7341 3625/3354/7341
f 3563/3293/7342 3564/3292/7342 3627/3355/7342
f 3565/3294/7343 3628/3357/7343 3627/3355/7343
f 3566/3295/7344 3629/3358/7344 3628/3357/7344
f 3567/3296/7345 3630/3359/7345 3629/3358/7345
f 3568/3297/7346 3631/3361/7346 3630/3359/7346
f 3568/3297/7347 3569/3299/7347 3632/3360/7347
f 3569/3299/7348 3570/3298/7348 3633/3362/7348
f 3571/3301/7349 3634/3364/7349 3633/3362/7349
f 3571/3301/7350 3572/3300/7350 3635/3363/7350
f 3573/3302/7351 3636/3366/7351 3635/3363/7351
f 3573/3302/7352 3574/3304/7352 3637/3365/7352
f 3575/3303/7353 3638/3367/7353 3637/3365/7353
f 3576/3306/7354 3639/3368/7354 3638/3367/7354
f 3577/3305/7355 3640/3369/7355 3639/3368/7355
f 3578/3307/7356 3641/3370/7356 3640/3369/7356
f 3579/3308/7357 3642/3372/7357 3641/3370/7357
f 3579/3308/7358 3580/3310/7358 3643/3371/7358
f 3580/3310/7359 3581/3309/7359 3644/3373/7359
f 3582/3311/7360 3645/3375/7360 3644/3373/7360
f 3582/3311/7361 3583/3312/7361 3646/3374/7361
f 3584/3313/7362 3647/3376/7362 3646/3374/7362
f 3585/3314/7363 3648/3378/7363 3647/3376/7363
f 3585/3314/7364 3586/3315/7364 3649/3377/7364
f 3586/3315/7365 3587/3317/7365 3650/3379/7365
f 3588/3316/7366 3651/3380/7366 3650/3379/7366
f 3589/3318/7367 3652/3382/7367 3651/3380/7367
f 3589/3318/7368 3590/3319/7368 3653/3381/7368
f 3590/3319/7369 3591/3320/7369 3654/3383/7369
f 3592/3322/7370 3655/3384/7370 3654/3383/7370
f 3593/3321/7371 3656/3385/7371 3655/3384/7371
f 3594/3323/7372 3657/3387/7372 3656/3385/7372
f 3594/3323/7373 3595/3324/7373 3658/3386/7373
f 3596/3325/7374 3597/3327/7374 3660/3388/7374
f 3598/3326/7375 3661/3390/7375 3660/3388/7375
f 3599/3328/7376 3662/3392/7376 3661/3390/7376
f 3599/3328/7377 3600/3329/7377 3663/3391/7377
f 3600/3329/7378 3601/3330/7378 3664/3393/7378
f 3601/3330/7379 3602/3332/7379 3665/3394/7379
f 3602/3332/7380 3603/3331/7380 3666/3395/7380
f 3603/3331/7381 3604/3333/7381 3667/3396/7381
f 3604/3333/7382 3605/3334/7382 3668/3397/7382
f 3606/3335/7383 3669/3398/7383 3668/3397/7383
f 3607/3337/7384 3670/3399/7384 3669/3398/7384
f 3608/3336/7385 3671/3401/7385 3670/3399/7385
f 3608/3336/7386 3609/3338/7386 3672/3400/7386
f 3610/3339/7387 3673/3402/7387 3672/3400/7387
f 3611/3340/7388 3674/3404/7388 3673/3402/7388
f 3611/3340/7389 3612/3341/7389 3675/3403/7389
f 3612/3341/7390 3613/3343/7390 3676/3405/7390
f 3614/3342/7391 3677/3407/7391 3676/3405/7391
f 3614/3342/7392 3615/3344/7392 3678/3406/7392
f 3616/3345/7393 3679/3409/7393 3678/3406/7393
f 3616/3345/7394 3617/3347/7394 3680/3408/7394
f 3618/3346/7395 3681/3411/7395 3680/3408/7395
f 3618/3346/7396 3619/3348/7396 3682/3410/7396
f 3619/3348/7397 3620/3349/7397 3683/3412/7397
f 3621/3350/7398 3684/3414/7398 3683/3412/7398
f 3621/3350/7399 3622/3352/7399 3685/3413/7399
f 3622/3352/7400 3623/3351/7400 3686/3415/7400
f 3623/3351/7401 3624/3353/7401 3687/3416/7401
f 3625/3354/7402 3688/3417/7402 3687/3416/7402
f 3626/3356/7403 3689/3418/7403 3688/3417/7403
f 3627/3355/7404 3690/3420/7404 3689/3418/7404
f 3627/3355/7405 3628/3357/7405 3691/3419/7405
f 3629/3358/7406 3692/3422/7406 3691/3419/7406
f 3629/3358/7407 3630/3359/7407 3693/3421/7407
f 3631/3361/7408 3694/3423/7408 3693/3421/7408
f 3632/3360/7409 3695/3424/7409 3694/3423/7409
f 3633/3362/7410 3696/3425/7410 3695/3424/7410
f 3634/3364/7411 3697/3427/7411 3696/3425/7411
f 3634/3364/7412 3635/3363/7412 3698/3426/7412
f 3636/3366/7413 3699/3428/7413 3698/3426/7413
f 3637/3365/7414 3700/3429/7414 3699/3428/7414
f 3638/3367/7415 3701/3430/7415 3700/3429/7415
f 3639/3368/7416 3702/3432/7416 3701/3430/7416
f 3639/3368/7417 3640/3369/7417 3703/3431/7417
f 3641/3370/7418 3704/3434/7418 3703/3431/7418
f 3641/3370/7419 3642/3372/7419 3705/3433/7419
f 3642/3372/7420 3643/3371/7420 3706/3435/7420
f 3644/3373/7421 3707/3436/7421 3706/3435/7421
f 3645/3375/7422 3708/3437/7422 3707/3436/7422
f 3646/3374/7423 3709/3438/7423 3708/3437/7423
f 3647/3376/7424 3710/3440/7424 3709/3438/7424
f 3647/3376/7425 3648/3378/7425 3711/3439/7425
f 3648/3378/7426 3649/3377/7426 3712/3441/7426
f 3650/3379/7427 3713/3442/7427 3712/3441/7427
f 3651/3380/7428 3714/3443/7428 3713/3442/7428
f 3652/3382/7429 3715/3444/7429 3714/3443/7429
f 3653/3381/7430 3716/3445/7430 3715/3444/7430
f 3654/3383/7431 3717/3446/7431 3716/3445/7431
f 3655/3384/7432 3718/3448/7432 3717/3446/7432
f 3655/3384/7433 3656/3385/7433 3719/3447/7433
f 3657/3387/7434 3720/3450/7434 3719/3447/7434
f 3657/3387/7435 3658/3386/7435 3721/3449/7435
f 3660/3388/7436 3723/3453/7436 3722/3451/7436
f 3660/3388/7437 3661/3390/7437 3724/3452/7437
f 3661/3390/7438 3662/3392/7438 3725/3454/7438
f 3663/3391/7439 3726/3456/7439 3725/3454/7439
f 3663/3391/7440 3664/3393/7440 3727/3455/7440
f 3664/3393/7441 3665/3394/7441 3728/3457/7441
f 3665/3394/7442 3666/3395/7442 3729/3458/7442
f 3666/3395/7443 3667/3396/7443 3730/3459/7443
f 3667/3396/7444 3668/3397/7444 3731/3460/7444
f 3669/3398/7445 3732/3461/7445 3731/3460/7445
f 3670/3399/7446 3733/3462/7446 3732/3461/7446
f 3671/3401/7447 3734/3464/7447 3733/3462/7447
f 3671/3401/7448 3672/3400/7448 3735/3463/7448
f 3672/3400/7449 3673/3402/7449 3736/3465/7449
f 3673/3402/7450 3674/3404/7450 3737/3466/7450
f 3674/3404/7451 3675/3403/7451 3738/3467/7451
f 3675/3403/7452 3676/3405/7452 3739/3468/7452
f 3677/3407/7453 3740/3470/7453 3739/3468/7453
f 3677/3407/7454 3678/3406/7454 3741/3469/7454
f 3679/3409/7455 3742/3472/7455 3741/3469/7455
f 3679/3409/7456 3680/3408/7456 3743/3471/7456
f 3681/3411/7457 3744/3473/7457 3743/3471/7457
f 3682/3410/7458 3745/3475/7458 3744/3473/7458
f 3682/3410/7459 3683/3412/7459 3746/3474/7459
f 3684/3414/7460 3747/3476/7460 3746/3474/7460
f 3685/3413/7461 3748/3478/7461 3747/3476/7461
f 3685/3413/7462 3686/3415/7462 3749/3477/7462
f 3687/3416/7463 3750/3480/7463 3749/3477/7463
f 3687/3416/7464 3688/3417/7464 3751/3479/7464
f 3688/3417/7465 3689/3418/7465 3752/3481/7465
f 3690/3420/7466 3753/3483/7466 3752/3481/7466
f 3690/3420/7467 3691/3419/7467 3754/3482/7467
f 3691/3419/7468 3692/3422/7468 3755/3484/7468
f 3693/3421/7469 3756/3485/7469 3755/3484/7469
f 3694/3423/7470 3757/3487/7470 3756/3485/7470
f 3694/3423/7471 3695/3424/7471 3758/3486/7471
f 3696/3425/7472 3759/3488/7472 3758/3486/7472
f 3697/3427/7473 3760/3489/7473 3759/3488/7473
f 3698/3426/7474 3761/3491/7474 3760/3489/7474
f 3698/3426/7475 3699/3428/7475 3762/3490/7475
f 3700/3429/7476 3763/3492/7476 3762/3490/7476
f 3701/3430/7477 3764/3493/7477 3763/3492/7477
f 3702/3432/7478 3765/3495/7478 3764/3493/7478
f 3702/3432/7479 3703/3431/7479 3766/3494/7479
f 3704/3434/7480 3767/3496/7480 3766/3494/7480
f 3705/3433/7481 3768/3497/7481 3767/3496/7481
f 3706/3435/7482 3769/3498/7482 3768/3497/7482
f 3707/3436/7483 3770/3499/7483 3769/3498/7483
f 3708/3437/7484 3771/3501/7484 3770/3499/7484
f 3708/3437/7485 3709/3438/7485 3772/3500/7485
f 3709/3438/7486 3710/3440/7486 3773/3502/7486
f 3710/3440/7487 3711/3439/7487 3774/3503/7487
f 3712/3441/7488 3775/3504/7488 3774/3503/7488
f 3713/3442/7489 3776/3506/7489 3775/3504/7489
f 3713/3442/7490 3714/3443/7490 3777/3505/7490
f 3715/3444/7491 3778/3507/7491 3777/3505/7491
f 3716/3445/7492 3779/3509/7492 3778/3507/7492
f 3716/3445/7493 3717/3446/7493 3780/3508/7493
f 3718/3448/7494 3781/3510/7494 3780/3508/7494
f 3719/3447/7495 3782/3511/7495 3781/3510/7495
f 3720/3450/7496 3783/3513/7496 3782/3511/7496
f 3720/3450/7497 3721/3449/7497 3784/3512/7497
f 3723/3453/7498 3786/3516/7498 3785/3514/7498
f 3723/3453/7499 3724/3452/7499 3787/3515/7499
f 3724/3452/7500 3725/3454/7500 3788/3517/7500
f 3726/3456/7501 3789/3519/7501 3788/3517/7501
f 3726/3456/7502 3727/3455/7502 3790/3518/7502
f 3728/3457/7503 3791/3520/7503 3790/3518/7503
f 3729/3458/7504 3792/3521/7504 3791/3520/7504
f 3730/3459/7505 3793/3523/7505 3792/3521/7505
f 3730/3459/7506 3731/3460/7506 3794/3522/7506
f 3732/3461/7507 3795/3524/7507 3794/3522/7507
f 3733/3462/7508 3796/3526/7508 3795/3524/7508
f 3733/3462/7509 3734/3464/7509 3797/3525/7509
f 3735/3463/7510 3798/3527/7510 3797/3525/7510
f 3736/3465/7511 3799/3529/7511 3798/3527/7511
f 3736/3465/7512 3737/3466/7512 3800/3528/7512
f 3738/3467/7513 3801/3530/7513 3800/3528/7513
f 3739/3468/7514 3802/3531/7514 3801/3530/7514
f 3740/3470/7515 3803/3532/7515 3802/3531/7515
f 3741/3469/7516 3804/3533/7516 3803/3532/7516
f 3742/3472/7517 3805/3535/7517 3804/3533/7517
f 3742/3472/7518 3743/3471/7518 3806/3534/7518
f 3743/3471/7519 3744/3473/7519 3807/3536/7519
f 3745/3475/7520 3808/3538/7520 3807/3536/7520
f 3745/3475/7521 3746/3474/7521 3809/3537/7521
f 3747/3476/7522 3810/3539/7522 3809/3537/7522
f 3748/3478/7523 3811/3540/7523 3810/3539/7523
f 3749/3477/7524 3812/3542/7524 3811/3540/7524
f 3749/3477/7525 3750/3480/7525 3813/3541/7525
f 3750/3480/7526 3751/3479/7526 3814/3543/7526
f 3752/3481/7527 3815/3545/7527 3814/3543/7527
f 3752/3481/7528 3753/3483/7528 3816/3544/7528
f 3754/3482/7529 3817/3546/7529 3816/3544/7529
f 3755/3484/7530 3818/3547/7530 3817/3546/7530
f 3756/3485/7531 3819/3549/7531 3818/3547/7531
f 3756/3485/7532 3757/3487/7532 3820/3548/7532
f 3758/3486/7533 3821/3551/7533 3820/3548/7533
f 3758/3486/7534 3759/3488/7534 3822/3550/7534
f 3759/3488/7535 3760/3489/7535 3823/3552/7535
f 3761/3491/7536 3824/3554/7536 3823/3552/7536
f 3761/3491/7537 3762/3490/7537 3825/3553/7537
f 3763/3492/7538 3826/3556/7538 3825/3553/7538
f 3763/3492/7539 3764/3493/7539 3827/3555/7539
f 3765/3495/7540 3828/3558/7540 3827/3555/7540
f 3765/3495/7541 3766/3494/7541 3829/3557/7541
f 3766/3494/7542 3767/3496/7542 3830/3559/7542
f 3768/3497/7543 3831/3561/7543 3830/3559/7543
f 3768/3497/7544 3769/3498/7544 3832/3560/7544
f 3770/3499/7545 3833/3563/7545 3832/3560/7545
f 3770/3499/7546 3771/3501/7546 3834/3562/7546
f 3771/3501/7547 3772/3500/7547 3835/3564/7547
f 3773/3502/7548 3836/3566/7548 3835/3564/7548
f 3773/3502/7549 3774/3503/7549 3837/3565/7549
f 3774/3503/7550 3775/3504/7550 3838/3567/7550
f 3775/3504/7551 3776/3506/7551 3839/3568/7551
f 3777/3505/7552 3840/3569/7552 3839/3568/7552
f 3778/3507/7553 3841/3571/7553 3840/3569/7553
f 3778/3507/7554 3779/3509/7554 3842/3570/7554
f 3780/3508/7555 3843/3572/7555 3842/3570/7555
f 3781/3510/7556 3844/3574/7556 3843/3572/7556
f 3781/3510/7557 3782/3511/7557 3845/3573/7557
f 3783/3513/7558 3846/3576/7558 3845/3573/7558
f 3783/3513/7559 3784/3512/7559 3847/3575/7559
f 3786/3516/7560 3849/3579/7560 3848/3577/7560
f 3786/3516/7561 3787/3515/7561 3850/3578/7561
f 3787/3515/7562 3788/3517/7562 3851/3580/7562
f 3789/3519/7563 3852/3582/7563 3851/3580/7563
f 3789/3519/7564 3790/3518/7564 3853/3581/7564
f 3790/3518/7565 3791/3520/7565 3854/3583/7565
f 3792/3521/7566 3855/3585/7566 3854/3583/7566
f 3792/3521/7567 3793/3523/7567 3856/3584/7567
f 3793/3523/7568 3794/3522/7568 3857/3586/7568
f 3795/3524/7569 3858/3588/7569 3857/3586/7569
f 3795/3524/7570 3796/3526/7570 3859/3587/7570
f 3797/3525/7571 3860/3589/7571 3859/3587/7571
f 3798/3527/7572 3861/3591/7572 3860/3589/7572
f 3798/3527/7573 3799/3529/7573 3862/3590/7573
f 3799/3529/7574 3800/3528/7574 3863/3592/7574
f 3800/3528/7575 3801/3530/7575 3864/3593/7575
f 3801/3530/7576 3802/3531/7576 3865/3594/7576
f 3802/3531/7577 3803/3532/7577 3866/3595/7577
f 3803/3532/7578 3804/3533/7578 3867/3596/7578
f 3804/3533/7579 3805/3535/7579 3868/3597/7579
f 3806/3534/7580 3869/3598/7580 3868/3597/7580
f 3807/3536/7581 3870/3600/7581 3869/3598/7581
f 3807/3536/7582 3808/3538/7582 3871/3599/7582
f 3809/3537/7583 3872/3602/7583 3871/3599/7583
f 3809/3537/7584 3810/3539/7584 3873/3601/7584
f 3810/3539/7585 3811/3540/7585 3874/3603/7585
f 3812/3542/7586 3875/3604/7586 3874/3603/7586
f 3813/3541/7587 3876/3605/7587 3875/3604/7587
f 3814/3543/7588 3877/3607/7588 3876/3605/7588
f 3814/3543/7589 3815/3545/7589 3878/3606/7589
f 3816/3544/7590 3879/3609/7590 3878/3606/7590
f 3816/3544/7591 3817/3546/7591 3880/3608/7591
f 3818/3547/7592 3881/3611/7592 3880/3608/7592
f 3818/3547/7593 3819/3549/7593 3882/3610/7593
f 3820/3548/7594 3883/3612/7594 3882/3610/7594
f 3821/3551/7595 3884/3613/7595 3883/3612/7595
f 3822/3550/7596 3885/3614/7596 3884/3613/7596
f 3823/3552/7597 3886/3616/7597 3885/3614/7597
f 3823/3552/7598 3824/3554/7598 3887/3615/7598
f 3825/3553/7599 3888/3617/7599 3887/3615/7599
f 3826/3556/7600 3889/3619/7600 3888/3617/7600
f 3826/3556/7601 3827/3555/7601 3890/3618/7601
f 3828/3558/7602 3891/3621/7602 3890/3618/7602
f 3828/3558/7603 3829/3557/7603 3892/3620/7603
f 3830/3559/7604 3893/3622/7604 3892/3620/7604
f 3831/3561/7605 3894/3624/7605 3893/3622/7605
f 3831/3561/7606 3832/3560/7606 3895/3623/7606
f 3833/3563/7607 3896/3626/7607 3895/3623/7607
f 3833/3563/7608 3834/3562/7608 3897/3625/7608
f 3834/3562/7609 3835/3564/7609 3898/3627/7609
f 3836/3566/7610 3899/3628/7610 3898/3627/7610
f 3837/3565/7611 3900/3629/7611 3899/3628/7611
f 3838/3567/7612 3901/3630/7612 3900/3629/7612
f 3839/3568/7613 3902/3631/7613 3901/3630/7613
f 3840/3569/7614 3903/3633/7614 3902/3631/7614
f 3840/3569/7615 3841/3571/7615 3904/3632/7615
f 3841/3571/7616 3842/3570/7616 3905/3634/7616
f 3843/3572/7617 3906/3636/7617 3905/3634/7617
f 3843/3572/7618 3844/3574/7618 3907/3635/7618
f 3845/3573/7619 3908/3637/7619 3907/3635/7619
f 3846/3576/7620 3909/3639/7620 3908/3637/7620
f 3846/3576/7621 3847/3575/7621 3910/3638/7621
f 3849/3579/7622 3912/3642/7622 3911/3640/7622
f 3849/3579/7623 3850/3578/7623 3913/3641/7623
f 3850/3578/7624 3851/3580/7624 3914/3643/7624
f 3851/3580/7625 3852/3582/7625 3915/3644/7625
f 3852/3582/7626 3853/3581/7626 3916/3645/7626
f 3853/3581/7627 3854/3583/7627 3917/3646/7627
f 3855/3585/7628 3918/3648/7628 3917/3646/7628
f 3855/3585/7629 3856/3584/7629 3919/3647/7629
f 3856/3584/7630 3857/3586/7630 3920/3649/7630
f 3858/3588/7631 3921/3650/7631 3920/3649/7631
f 3859/3587/7632 3922/3651/7632 3921/3650/7632
f 3860/3589/7633 3923/3653/7633 3922/3651/7633
f 3860/3589/7634 3861/3591/7634 3924/3652/7634
f 3861/3591/7635 3862/3590/7635 3925/3654/7635
f 3863/3592/7636 3926/3655/7636 3925/3654/7636
f 3864/3593/7637 3927/3656/7637 3926/3655/7637
f 3865/3594/7638 3928/3658/7638 3927/3656/7638
f 3865/3594/7639 3866/3595/7639 3929/3657/7639
f 3866/3595/7640 3867/3596/7640 3930/3659/7640
f 3867/3596/7641 3868/3597/7641 3931/3660/7641
f 3869/3598/7642 3932/3661/7642 3931/3660/7642
f 3870/3600/7643 3933/3662/7643 3932/3661/7643
f 3871/3599/7644 3934/3663/7644 3933/3662/7644
f 3872/3602/7645 3935/3665/7645 3934/3663/7645
f 3872/3602/7646 3873/3601/7646 3936/3664/7646
f 3874/3603/7647 3937/3667/7647 3936/3664/7647
f 3874/3603/7648 3875/3604/7648 3938/3666/7648
f 3875/3604/7649 3876/3605/7649 3939/3668/7649
f 3877/3607/7650 3940/3670/7650 3939/3668/7650
f 3877/3607/7651 3878/3606/7651 3941/3669/7651
f 3879/3609/7652 3942/3672/7652 3941/3669/7652
f 3879/3609/7653 3880/3608/7653 3943/3671/7653
f 3881/3611/7654 3944/3674/7654 3943/3671/7654
f 3881/3611/7655 3882/3610/7655 3945/3673/7655
f 3883/3612/7656 3946/3676/7656 3945/3673/7656
f 3883/3612/7657 3884/3613/7657 3947/3675/7657
f 3884/3613/7658 3885/3614/7658 3948/3677/7658
f 3885/3614/7659 3886/3616/7659 3949/3678/7659
f 3886/3616/7660 3887/3615/7660 3950/3679/7660
f 3888/3617/7661 3951/3680/7661 3950/3679/7661
f 3889/3619/7662 3952/3682/7662 3951/3680/7662
f 3889/3619/7663 3890/3618/7663 3953/3681/7663
f 3891/3621/7664 3954/3684/7664 3953/3681/7664
f 3891/3621/7665 3892/3620/7665 3955/3683/7665
f 3893/3622/7666 3956/3685/7666 3955/3683/7666
f 3894/3624/7667 3957/3687/7667 3956/3685/7667
f 3894/3624/7668 3895/3623/7668 3958/3686/7668
f 3896/3626/7669 3959/3688/7669 3958/3686/7669
f 3897/3625/7670 3960/3690/7670 3959/3688/7670
f 3897/3625/7671 3898/3627/7671 3961/3689/7671
f 3899/3628/7672 3962/3691/7672 3961/3689/7672
f 3900/3629/7673 3963/3693/7673 3962/3691/7673
f 3900/3629/7674 3901/3630/7674 3964/3692/7674
f 3902/3631/7675 3965/3694/7675 3964/3692/7675
f 3903/3633/7676 3966/3695/7676 3965/3694/7676
f 3904/3632/7677 3967/3697/7677 3966/3695/7677
f 3904/3632/7678 3905/3634/7678 3968/3696/7678
f 3906/3636/7679 3969/3698/7679 3968/3696/7679
f 3907/3635/7680 3970/3700/7680 3969/3698/7680
f 3907/3635/7681 3908/3637/7681 3971/3699/7681
f 3909/3639/7682 3972/3701/7682 3971/3699/7682
f 3910/3638/7683 3973/3763/7683 3972/3701/7683
f 3912/3642/7684 3975/3703/7684 3974/3702/7684
f 3913/3641/7685 3976/3705/7685 3975/3703/7685
f 3913/3641/7686 3914/3643/7686 3977/3704/7686
f 3915/3644/7687 3978/3706/7687 3977/3704/7687
f 3916/3645/7688 3979/3708/7688 3978/3706/7688
f 3916/3645/7689 3917/3646/7689 3980/3707/7689
f 3918/3648/7690 3981/3709/7690 3980/3707/7690
f 3919/3647/7691 3982/3711/7691 3981/3709/7691
f 3919/3647/7692 3920/3649/7692 3983/3710/7692
f 3921/3650/7693 3984/3713/7693 3983/3710/7693
f 3921/3650/7694 3922/3651/7694 3985/3712/7694
f 3922/3651/7695 3923/3653/7695 3986/3714/7695
f 3924/3652/7696 3987/3715/7696 3986/3714/7696
f 3925/3654/7697 3988/3716/7697 3987/3715/7697
f 3926/3655/7698 3989/3718/7698 3988/3716/7698
f 3926/3655/7699 3927/3656/7699 3990/3717/7699
f 3928/3658/7700 3991/3720/7700 3990/3717/7700
f 3928/3658/7701 3929/3657/7701 3992/3719/7701
f 3930/3659/7702 3993/3721/7702 3992/3719/7702
f 3931/3660/7703 3994/3723/7703 3993/3721/7703
f 3931/3660/7704 3932/3661/7704 3995/3722/7704
f 3932/3661/7705 3933/3662/7705 3996/3724/7705
f 3934/3663/7706 3997/3725/7706 3996/3724/7706
f 3935/3665/7707 3998/3727/7707 3997/3725/7707
f 3935/3665/7708 3936/3664/7708 3999/3726/7708
f 3937/3667/7709 4000/3729/7709 3999/3726/7709
f 3937/3667/7710 3938/3666/7710 4001/3728/7710
f 3938/3666/7711 3939/3668/7711 4002/3730/7711
f 3940/3670/7712 4003/3731/7712 4002/3730/7712
f 3941/3669/7713 4004/3733/7713 4003/3731/7713
f 3941/3669/7714 3942/3672/7714 4005/3732/7714
f 3942/3672/7715 3943/3671/7715 4006/3734/7715
f 3944/3674/7716 4007/3735/7716 4006/3734/7716
f 3945/3673/7717 4008/3737/7717 4007/3735/7717
f 3945/3673/7718 3946/3676/7718 4009/3736/7718
f 3947/3675/7719 4010/3738/7719 4009/3736/7719
f 3948/3677/7720 4011/3739/7720 4010/3738/7720
f 3949/3678/7721 4012/3741/7721 4011/3739/7721
f 3949/3678/7722 3950/3679/7722 4013/3740/7722
f 3950/3679/7723 3951/3680/7723 4014/3742/7723
f 3951/3680/7724 3952/3682/7724 4015/3743/7724
f 3952/3682/7725 3953/3681/7725 4016/3744/7725
f 3954/3684/7726 4017/3746/7726 4016/3744/7726
f 3954/3684/7727 3955/3683/7727 4018/3745/7727
f 3956/3685/7728 4019/3747/7728 4018/3745/7728
f 3957/3687/7729 4020/3749/7729 4019/3747/7729
f 3957/3687/7730 3958/3686/7730 4021/3748/7730
f 3958/3686/7731 3959/3688/7731 4022/3750/7731
f 3960/3690/7732 4023/3752/7732 4022/3750/7732
f 3960/3690/7733 3961/3689/7733 4024/3751/7733
f 3961/3689/7734 3962/3691/7734 4025/3753/7734
f 3963/3693/7735 4026/3754/7735 4025/3753/7735
f 3964/3692/7736 4027/3756/7736 4026/3754/7736
f 3964/3692/7737 3965/3694/7737 4028/3755/7737
f 3965/3694/7738 3966/3695/7738 4029/3757/7738
f 3967/3697/7739 4030/3758/7739 4029/3757/7739
f 3968/3696/3652 4031/3759/3652 4030/3758/3652
f 3969/3698/7740 4032/3761/7740 4031/3759/7740
f 3969/3698/7741 3970/3700/7741 4033/3760/7741
f 3971/3699/7742 4034/3762/7742 4033/3760/7742
f 3972/3701/7743 4035/3764/7743 4034/3762/7743
f 3973/3763/7744 4036/3827/7744 4035/3764/7744
f 3974/3702/7745 3975/3703/7745 4038/3765/7745
f 3976/3705/7746 4039/3768/7746 4038/3765/7746
f 3976/3705/7747 3977/3704/7747 4040/3767/7747
f 3977/3704/7748 3978/3706/7748 4041/3769/7748
f 3979/3708/7749 4042/3771/7749 4041/3769/7749
f 3979/3708/7750 3980/3707/7750 4043/3770/7750
f 3980/3707/7751 3981/3709/7751 4044/3772/7751
f 3981/3709/7752 3982/3711/7752 4045/3773/7752
f 3983/3710/7753 4046/3774/7753 4045/3773/7753
f 3984/3713/7754 4047/3776/7754 4046/3774/7754
f 3984/3713/7755 3985/3712/7755 4048/3775/7755
f 3985/3712/7756 3986/3714/7756 4049/3777/7756
f 3987/3715/7757 4050/3779/7757 4049/3777/7757
f 3987/3715/7758 3988/3716/7758 4051/3778/7758
f 3989/3718/7759 4052/3781/7759 4051/3778/7759
f 3989/3718/7760 3990/3717/7760 4053/3780/7760
f 3990/3717/7761 3991/3720/7761 4054/3782/7761
f 3992/3719/7762 4055/3784/7762 4054/3782/7762
f 3992/3719/7763 3993/3721/7763 4056/3783/7763
f 3993/3721/7764 3994/3723/7764 4057/3785/7764
f 3995/3722/7765 4058/3787/7765 4057/3785/7765
f 3995/3722/7766 3996/3724/7766 4059/3786/7766
f 3996/3724/7767 3997/3725/7767 4060/3788/7767
f 3998/3727/7768 4061/3790/7768 4060/3788/7768
f 3998/3727/7769 3999/3726/7769 4062/3789/7769
f 4000/3729/7770 4063/3791/7770 4062/3789/7770
f 4001/3728/7771 4064/3793/7771 4063/3791/7771
f 4001/3728/7772 4002/3730/7772 4065/3792/7772
f 4002/3730/7773 4003/3731/7773 4066/3794/7773
f 4004/3733/7774 4067/3795/7774 4066/3794/7774
f 4005/3732/7775 4068/3797/7775 4067/3795/7775
f 4005/3732/7776 4006/3734/7776 4069/3796/7776
f 4006/3734/7777 4007/3735/7777 4070/3798/7777
f 4008/3737/7778 4071/3800/7778 4070/3798/7778
f 4008/3737/7779 4009/3736/7779 4072/3799/7779
f 4009/3736/7780 4010/3738/7780 4073/3801/7780
f 4011/3739/7781 4074/3802/7781 4073/3801/7781
f 4012/3741/7782 4075/3804/7782 4074/3802/7782
f 4012/3741/7783 4013/3740/7783 4076/3803/7783
f 4013/3740/7784 4014/3742/7784 4077/3805/7784
f 4015/3743/7785 4078/3807/7785 4077/3805/7785
f 4015/3743/7786 4016/3744/7786 4079/3806/7786
f 4017/3746/7787 4080/3808/7787 4079/3806/7787
f 4018/3745/7788 4081/3809/7788 4080/3808/7788
f 4019/3747/7789 4082/3811/7789 4081/3809/7789
f 4019/3747/7790 4020/3749/7790 4083/3810/7790
f 4020/3749/7791 4021/3748/7791 4084/3812/7791
f 4021/3748/7792 4022/3750/7792 4085/3813/7792
f 4023/3752/7793 4086/3814/7793 4085/3813/7793
f 4024/3751/7794 4087/3816/7794 4086/3814/7794
f 4024/3751/7795 4025/3753/7795 4088/3815/7795
f 4026/3754/7796 4089/3818/7796 4088/3815/7796
f 4026/3754/7797 4027/3756/7797 4090/3817/7797
f 4027/3756/7798 4028/3755/7798 4091/3819/7798
f 4028/3755/7799 4029/3757/7799 4092/3820/7799
f 4030/3758/7800 4093/3821/7800 4092/3820/7800
f 4031/3759/7801 4094/3822/7801 4093/3821/7801
f 4032/3761/7802 4095/3824/7802 4094/3822/7802
f 4032/3761/7803 4033/3760/7803 4096/3823/7803
f 4034/3762/7804 4097/3826/7804 4096/3823/7804
f 4034/3762/7805 4035/3764/7805 4098/3825/7805
f 4036/3827/7806 4099/3890/7806 4098/3825/7806
f 4038/3765/7807 4101/3829/7807 4100/3828/7807
f 4039/3768/7808 4102/3830/7808 4101/3829/7808
f 4040/3767/7809 4103/3831/7809 4102/3830/7809
f 4041/3769/7810 4104/3833/7810 4103/3831/7810
f 4041/3769/7811 4042/3771/7811 4105/3832/7811
f 4043/3770/7812 4106/3835/7812 4105/3832/7812
f 4043/3770/7813 4044/3772/7813 4107/3834/7813
f 4044/3772/7814 4045/3773/7814 4108/3836/7814
f 4046/3774/7815 4109/3838/7815 4108/3836/7815
f 4046/3774/7816 4047/3776/7816 4110/3837/7816
f 4048/3775/7817 4111/3839/7817 4110/3837/7817
f 4049/3777/7818 4112/3840/7818 4111/3839/7818
f 4050/3779/7819 4113/3841/7819 4112/3840/7819
f 4051/3778/7820 4114/3843/7820 4113/3841/7820
f 4051/3778/7821 4052/3781/7821 4115/3842/7821
f 4053/3780/7822 4116/3845/7822 4115/3842/7822
f 4053/3780/7823 4054/3782/7823 4117/3844/7823
f 4055/3784/7824 4118/3846/7824 4117/3844/7824
f 4056/3783/7825 4119/3848/7825 4118/3846/7825
f 4056/3783/7826 4057/3785/7826 4120/3847/7826
f 4057/3785/7827 4058/3787/7827 4121/3849/7827
f 4059/3786/7828 4122/3851/7828 4121/3849/7828
f 4059/3786/7829 4060/3788/7829 4123/3850/7829
f 4060/3788/7830 4061/3790/7830 4124/3852/7830
f 4062/3789/7831 4125/3854/7831 4124/3852/7831
f 4062/3789/7832 4063/3791/7832 4126/3853/7832
f 4063/3791/7833 4064/3793/7833 4127/3855/7833
f 4065/3792/7834 4128/3856/7834 4127/3855/7834
f 4066/3794/7835 4129/3858/7835 4128/3856/7835
f 4066/3794/7836 4067/3795/7836 4130/3857/7836
f 4068/3797/7837 4131/3860/7837 4130/3857/7837
f 4068/3797/7838 4069/3796/7838 4132/3859/7838
f 4069/3796/7839 4070/3798/7839 4133/3861/7839
f 4071/3800/7840 4134/3862/7840 4133/3861/7840
f 4072/3799/7841 4135/3863/7841 4134/3862/7841
f 4073/3801/7842 4136/3864/7842 4135/3863/7842
f 4074/3802/7843 4137/3865/7843 4136/3864/7843
f 4075/3804/7844 4138/3866/7844 4137/3865/7844
f 4076/3803/7845 4139/3868/7845 4138/3866/7845
f 4076/3803/7846 4077/3805/7846 4140/3867/7846
f 4078/3807/7847 4141/3870/7847 4140/3867/7847
f 4078/3807/7848 4079/3806/7848 4142/3869/7848
f 4080/3808/7849 4143/3871/7849 4142/3869/7849
f 4081/3809/7850 4144/3873/7850 4143/3871/7850
f 4081/3809/7851 4082/3811/7851 4145/3872/7851
f 4082/3811/7852 4083/3810/7852 4146/3874/7852
f 4084/3812/7853 4147/3875/7853 4146/3874/7853
f 4085/3813/7854 4148/3877/7854 4147/3875/7854
f 4085/3813/208 4086/3814/208 4149/3876/208
f 4087/3816/7855 4150/3879/7855 4149/3876/7855
f 4087/3816/7856 4088/3815/7856 4151/3878/7856
f 4089/3818/7857 4152/3880/7857 4151/3878/7857
f 4090/3817/7858 4153/3882/7858 4152/3880/7858
f 4090/3817/7859 4091/3819/7859 4154/3881/7859
f 4092/3820/7860 4155/3883/7860 4154/3881/7860
f 4093/3821/7861 4156/3884/7861 4155/3883/7861
f 4094/3822/7862 4157/3885/7862 4156/3884/7862
f 4095/3824/7863 4158/3886/7863 4157/3885/7863
f 4096/3823/7864 4159/3887/7864 4158/3886/7864
f 4097/3826/7865 4160/3889/7865 4159/3887/7865
f 4097/3826/7866 4098/3825/7866 4161/3888/7866
f 4099/3890/7867 4162/4083/7867 4161/3888/7867
f 4100/3828/7868 4101/3829/7868 4164/3891/7868
f 4102/3830/7869 4165/3894/7869 4164/3891/7869
f 4102/3830/7870 4103/3831/7870 4166/3893/7870
f 4104/3833/7871 4167/3896/7871 4166/3893/7871
f 4104/3833/7872 4105/3832/7872 4168/3895/7872
f 4106/3835/7873 4169/3897/7873 4168/3895/7873
f 4107/3834/7874 4170/3898/7874 4169/3897/7874
f 4108/3836/7875 4171/3900/7875 4170/3898/7875
f 4108/3836/7876 4109/3838/7876 4172/3899/7876
f 4110/3837/7877 4173/3901/7877 4172/3899/7877
f 4111/3839/7878 4174/3902/7878 4173/3901/7878
f 4112/3840/7879 4175/3904/7879 4174/3902/7879
f 4112/3840/7880 4113/3841/7880 4176/3903/7880
f 4114/3843/7881 4177/3905/7881 4176/3903/7881
f 4115/3842/7882 4178/3906/7882 4177/3905/7882
f 4116/3845/7883 4179/3908/7883 4178/3906/7883
f 4116/3845/7884 4117/3844/7884 4180/3907/7884
f 4117/3844/7885 4118/3846/7885 4181/3909/7885
f 4119/3848/7886 4182/3910/7886 4181/3909/7886
f 4120/3847/7887 4183/3912/7887 4182/3910/7887
f 4120/3847/7888 4121/3849/7888 4184/3911/7888
f 4121/3849/7889 4122/3851/7889 4185/3913/7889
f 4123/3850/7890 4186/3914/7890 4185/3913/7890
f 4124/3852/7891 4187/3915/7891 4186/3914/7891
f 4125/3854/7892 4188/3916/7892 4187/3915/7892
f 4126/3853/7893 4189/3918/7893 4188/3916/7893
f 4126/3853/7894 4127/3855/7894 4190/3917/7894
f 4127/3855/7895 4128/3856/7895 4191/3919/7895
f 4128/3856/7896 4129/3858/7896 4192/3920/7896
f 4130/3857/7897 4193/3921/7897 4192/3920/7897
f 4131/3860/7898 4194/3922/7898 4193/3921/7898
f 4132/3859/7899 4195/3924/7899 4194/3922/7899
f 4132/3859/7900 4133/3861/7900 4196/3923/7900
f 4133/3861/7901 4134/3862/7901 4197/3925/7901
f 4135/3863/7902 4198/3927/7902 4197/3925/7902
f 4135/3863/7903 4136/3864/7903 4199/3926/7903
f 4137/3865/7904 4200/3929/7904 4199/3926/7904
f 4137/3865/7905 4138/3866/7905 4201/3928/7905
f 4138/3866/7906 4139/3868/7906 4202/3930/7906
f 4139/3868/7907 4140/3867/7907 4203/3931/7907
f 4141/3870/7908 4204/3932/7908 4203/3931/7908
f 4142/3869/7909 4205/3933/7909 4204/3932/7909
f 4143/3871/7910 4206/3935/7910 4205/3933/7910
f 4143/3871/7911 4144/3873/7911 4207/3934/7911
f 4144/3873/7912 4145/3872/7912 4208/3936/7912
f 4145/3872/7913 4146/3874/7913 4209/3937/7913
f 4146/3874/7914 4147/3875/7914 4210/3938/7914
f 4147/3875/7915 4148/3877/7915 4211/3939/7915
f 4148/3877/7916 4149/3876/7916 4212/3940/7916
f 4150/3879/7917 4213/3942/7917 4212/3940/7917
f 4150/3879/7918 4151/3878/7918 4214/3941/7918
f 4151/3878/7919 4152/3880/7919 4215/3943/7919
f 4153/3882/7920 4216/3944/7920 4215/3943/7920
f 4154/3881/7921 4217/3946/7921 4216/3944/7921
f 4154/3881/7922 4155/3883/7922 4218/3945/7922
f 4155/3883/7923 4156/3884/7923 4219/3947/7923
f 4157/3885/7924 4220/3949/7924 4219/3947/7924
f 4157/3885/7925 4158/3886/7925 4221/3948/7925
f 4159/3887/7926 4222/3951/7926 4221/3948/7926
f 4159/3887/7927 4160/3889/7927 4223/3950/7927
f 4161/3888/7928 4224/3953/7928 4223/3950/7928
f 4161/3888/7929 4162/4083/7929 4225/3952/7929
f 68/3954/7930 257/1/7930 67/3955/7930
f 68/3954/7931 69/3958/7931 258/5/7931
f 70/3957/7932 259/4/7932 258/5/7932
f 71/3959/7933 260/6/7933 259/4/7933
f 72/3960/7934 261/10/7934 260/6/7934
f 73/3961/7935 262/12/7935 261/10/7935
f 74/3962/7936 263/14/7936 262/12/7936
f 74/3962/7937 75/3964/7937 264/17/7937
f 76/3963/7938 265/16/7938 264/17/7938
f 77/3965/7939 266/21/7939 265/16/7939
f 78/3966/7940 267/20/7940 266/21/7940
f 79/3967/7941 268/22/7941 267/20/7941
f 80/3968/7942 269/27/7942 268/22/7942
f 81/3969/7943 270/26/7943 269/27/7943
f 82/3970/7944 271/31/7944 270/26/7944
f 83/3971/7945 272/30/7945 271/31/7945
f 83/3971/7946 84/3973/7946 273/32/7946
f 85/3972/7947 274/37/7947 273/32/7947
f 86/3974/7948 275/36/7948 274/37/7948
f 86/3974/7949 87/3976/7949 276/41/7949
f 88/3975/7950 277/40/7950 276/41/7950
f 88/3975/7951 89/3978/7951 278/44/7951
f 90/3977/7952 279/46/7952 278/44/7952
f 91/3979/7953 280/48/7953 279/46/7953
f 92/3980/7954 281/51/7954 280/48/7954
f 92/3980/7955 93/3982/7955 282/50/7955
f 94/3981/7956 283/54/7956 282/50/7956
f 94/3981/7957 95/3983/7957 284/57/7957
f 95/3983/7958 96/3985/7958 285/56/7958
f 97/3984/7959 286/61/7959 285/56/7959
f 98/3986/7960 287/60/7960 286/61/7960
f 98/3986/7961 99/3988/7961 288/65/7961
f 100/3987/7962 289/64/7962 288/65/7962
f 100/3987/7963 101/3990/7963 290/69/7963
f 102/3989/7964 291/68/7964 290/69/7964
f 103/3991/7965 292/73/7965 291/68/7965
f 103/3991/7966 104/3992/7966 293/72/7966
f 104/3992/7967 105/3994/7967 294/74/7967
f 106/3993/7968 295/76/7968 294/74/7968
f 106/3993/7969 107/3995/7969 296/78/7969
f 107/3995/7970 108/3996/7970 297/80/7970
f 108/3996/7971 109/3998/7971 298/82/7971
f 110/3997/7972 299/84/7972 298/82/7972
f 110/3997/7973 111/4000/7973 300/89/7973
f 112/3999/7974 301/88/7974 300/89/7974
f 112/3999/7975 113/4001/7975 302/90/7975
f 113/4001/7976 114/4002/7976 303/92/7976
f 114/4002/7977 115/4003/7977 304/97/7977
f 115/4003/7978 116/4004/7978 305/96/7978
f 116/4004/7979 117/4006/7979 306/98/7979
f 118/4005/7980 307/103/7980 306/98/7980
f 118/4005/7981 119/4007/7981 308/102/7981
f 119/4007/7982 120/4009/7982 309/104/7982
f 121/4008/7983 310/106/7983 309/104/7983
f 121/4008/7984 122/4010/7984 311/108/7984
f 122/4010/7985 123/4012/7985 312/113/7985
f 124/4011/7986 313/112/7986 312/113/7986
f 124/4011/7987 125/4013/7987 314/114/7987
f 125/4013/7988 126/4014/7988 315/116/7988
f 126/4014/7989 127/4015/7989 316/121/7989
f 127/4015/7990 128/4016/7990 317/120/7990
f 128/4016/7991 129/4018/7991 318/125/7991
f 130/4017/7992 319/124/7992 318/125/7992
f 130/4017/7993 2/4211/7993 131/4019/7993
f 131/4019/7994 132/4212/7994 382/4020/7994
f 382/4020/7995 132/4212/7995 133/4021/7995
f 445/188/7996 133/4021/7996 134/4022/7996
f 508/4023/7997 134/4022/7997 135/4024/7997
f 135/4024/7998 136/4213/7998 634/4025/7998
f 634/4025/7999 136/4213/7999 137/4026/7999
f 697/438/8000 137/4026/8000 138/4027/8000
f 760/563/8001 138/4027/8001 139/4028/8001
f 823/625/8002 139/4028/8002 140/4029/8002
f 886/4030/8003 140/4029/8003 141/4031/8003
f 949/689/8004 141/4031/8004 142/4032/8004
f 142/4032/8005 143/4214/8005 1075/4033/8005
f 1075/4033/8006 143/4214/8006 144/4034/8006
f 1138/877/6688 144/4034/6688 145/4035/6688
f 145/4035/8007 146/4215/8007 1264/4036/8007
f 1264/4036/8008 146/4215/8008 147/4037/8008
f 147/4037/8009 148/4039/8009 1390/4038/8009
f 148/4039/8010 149/4040/8010 1453/1189/8010
f 149/4040/8011 150/4042/8011 1516/4041/8011
f 150/4042/8012 151/4043/8012 1579/1315/8012
f 151/4043/8013 152/4044/8013 1642/1378/8013
f 152/4044/8014 153/4045/8014 1705/1440/8014
f 153/4045/8015 154/4046/8015 1768/1504/8015
f 154/4046/8016 155/4047/8016 1831/1629/8016
f 155/4047/8017 156/4216/8017 1894/1691/8017
f 1894/1691/8018 156/4216/8018 157/4048/8018
f 157/4048/8019 158/4050/8019 2020/4049/8019
f 158/4050/8020 159/4217/8020 2083/1817/8020
f 2083/1817/8021 159/4217/8021 160/4051/8021
f 160/4051/8022 161/4052/8022 2209/2005/8022
f 161/4052/8023 162/4054/8023 2272/4053/8023
f 162/4054/8024 163/4055/8024 2335/2069/8024
f 163/4055/8025 164/4218/8025 2398/2131/8025
f 2398/2131/8026 164/4218/8026 165/4056/8026
f 165/4056/8027 166/4057/8027 2524/2319/8027
f 166/4057/8028 167/4219/8028 2587/4058/8028
f 2587/4058/8029 167/4219/8029 168/4059/8029
f 168/4059/8030 169/4220/8030 2713/4060/8030
f 2713/4060/8031 169/4220/8031 170/4061/8031
f 170/4061/8032 171/4062/8032 2839/2571/8032
f 171/4062/8033 172/4063/8033 2902/2695/8033
f 172/4063/8034 173/4064/8034 2965/2758/8034
f 173/4064/8035 174/4066/8035 3028/4065/8035
f 174/4066/8036 175/4067/8036 3091/2822/8036
f 175/4067/8037 176/4068/8037 3154/2884/8037
f 176/4068/8038 177/4069/8038 3217/2948/8038
f 177/4069/8039 178/4071/8039 3280/4070/8039
f 178/4071/8040 179/4072/8040 3343/3072/8040
f 179/4072/8041 180/4221/8041 3406/3197/8041
f 3406/3197/8042 180/4221/8042 181/4073/8042
f 181/4073/8043 182/4075/8043 3532/3260/8043
f 182/4075/8044 183/4076/8044 3595/3324/8044
f 183/4076/8045 184/4077/8045 3658/3386/8045
f 184/4077/8046 185/4222/8046 3721/3449/8046
f 3721/3449/8047 185/4222/8047 186/4078/8047
f 186/4078/8048 187/4079/8048 3847/3575/8048
f 187/4079/8049 188/4223/8049 3910/3638/8049
f 3910/3638/8050 188/4223/8050 189/4080/8050
f 189/4080/8051 190/4081/8051 4036/3827/8051
f 190/4081/8052 191/4224/8052 4099/3890/8052
f 4099/3890/8053 191/4224/8053 192/4082/8053
f 4162/4083/8054 192/4082/8054 193/4084/8054
f 193/4084/8055 4/4225/8055 194/4085/8055
f 4225/3952/8056 194/4085/8056 195/4086/8056
f 4224/3953/8057 195/4086/8057 196/4087/8057
f 4223/3950/8058 196/4087/8058 197/4088/8058
f 4222/3951/8059 197/4088/8059 198/4089/8059
f 4220/3949/8060 4221/3948/8060 198/4089/8060
f 4220/3949/8061 199/4090/8061 200/4091/8061
f 4219/3947/8062 200/4091/8062 201/4092/8062
f 4217/3946/8063 4218/3945/8063 201/4092/8063
f 4217/3946/8064 202/4093/8064 203/4094/8064
f 4216/3944/8065 203/4094/8065 204/4095/8065
f 4215/3943/8066 204/4095/8066 205/4096/8066
f 4213/3942/8067 4214/3941/8067 205/4096/8067
f 4213/3942/8068 206/4097/8068 207/4098/8068
f 4212/3940/8069 207/4098/8069 208/4099/8069
f 4210/3938/8070 4211/3939/8070 208/4099/8070
f 4210/3938/8071 209/4100/8071 210/4101/8071
f 4209/3937/8072 210/4101/8072 211/4102/8072
f 4207/3934/5262 4208/3936/5262 211/4102/5262
f 4206/3935/8073 4207/3934/8073 212/4103/8073
f 4205/3933/8074 4206/3935/8074 213/4104/8074
f 4204/3932/8075 4205/3933/8075 214/4105/8075
f 4203/3931/8076 4204/3932/8076 215/4106/8076
f 4203/3931/8077 216/4107/8077 217/4108/8077
f 4202/3930/8078 217/4108/8078 218/4109/8078
f 4200/3929/8079 4201/3928/8079 218/4109/8079
f 4200/3929/8080 219/4110/8080 220/4111/8080
f 4198/3927/8081 4199/3926/8081 220/4111/8081
f 4197/3925/8082 4198/3927/8082 221/4112/8082
f 4197/3925/8083 222/4113/8083 223/4114/8083
f 4195/3924/8084 4196/3923/8084 223/4114/8084
f 4194/3922/8085 4195/3924/8085 224/4115/8085
f 4194/3922/8086 225/4116/8086 226/4117/8086
f 4192/3920/8087 4193/3921/8087 226/4117/8087
f 4191/3919/8088 4192/3920/8088 227/4118/8088
f 4191/3919/8089 228/4119/8089 229/4120/8089
f 4190/3917/8090 229/4120/8090 230/4121/8090
f 4189/3918/8091 230/4121/8091 231/4122/8091
f 4187/3915/8092 4188/3916/8092 231/4122/8092
f 4186/3914/8093 4187/3915/8093 232/4123/8093
f 4186/3914/8094 233/4124/8094 234/4125/8094
f 4184/3911/8095 4185/3913/8095 234/4125/8095
f 4184/3911/8096 235/4126/8096 236/4127/8096
f 4183/3912/8097 236/4127/8097 237/4128/8097
f 4182/3910/8098 237/4128/8098 238/4129/8098
f 4180/3907/8099 4181/3909/8099 238/4129/8099
f 4179/3908/8100 4180/3907/8100 239/4130/8100
f 4179/3908/8101 240/4131/8101 241/4132/8101
f 4177/3905/8102 4178/3906/8102 241/4132/8102
f 4176/3903/8103 4177/3905/8103 242/4133/8103
f 4175/3904/8104 4176/3903/8104 243/4134/8104
f 4175/3904/8105 244/4135/8105 245/4136/8105
f 4173/3901/8106 4174/3902/8106 245/4136/8106
f 4173/3901/8107 246/4137/8107 247/4138/8107
f 4171/3900/8108 4172/3899/8108 247/4138/8108
f 4171/3900/8109 248/4139/8109 249/4140/8109
f 4169/3897/8110 4170/3898/8110 249/4140/8110
f 4168/3895/8111 4169/3897/8111 250/4141/8111
f 4167/3896/8112 4168/3895/8112 251/4142/8112
f 4167/3896/8113 252/4143/8113 253/4144/8113
f 4165/3894/8114 4166/3893/8114 253/4144/8114
f 4165/3894/8115 254/4145/8115 255/4146/8115
f 4163/3892/8116 4164/3891/8116 255/4146/8116
f 5/4148/8117 4163/3892/8117 256/4147/8117
f 4100/3828/8118 4163/3892/8118 5/4148/8118
f 4037/3766/8119 4100/3828/8119 6/4150/8119
f 8/4152/8120 3974/3702/8120 4037/3766/8120
f 3911/3640/8121 3974/3702/8121 8/4152/8121
f 10/4154/8122 3848/3577/8122 3911/3640/8122
f 11/4155/8123 3785/3514/8123 3848/3577/8123
f 12/4156/8124 3722/3451/8124 3785/3514/8124
f 3659/3389/8125 3722/3451/8125 12/4156/8125
f 14/4158/8126 3596/3325/8126 3659/3389/8126
f 3533/3262/8127 3596/3325/8127 14/4158/8127
f 16/4160/8128 3470/3199/8128 3533/3262/8128
f 3407/3137/8129 3470/3199/8129 16/4160/8129
f 3344/3074/8130 3407/3137/8130 17/4161/8130
f 19/4163/8131 3281/3011/8131 3344/3074/8131
f 3218/2950/8132 3281/3011/8132 19/4163/8132
f 3155/2887/8133 3218/2950/8133 20/4164/8133
f 22/4166/8134 3092/2823/8134 3155/2887/8134
f 3029/2760/8135 3092/2823/8135 22/4166/8135
f 24/4168/8136 2966/2698/8136 3029/2760/8136
f 2903/2635/8137 2966/2698/8137 24/4168/8137
f 2840/2572/8138 2903/2635/8138 25/4169/8138
f 27/4171/8139 2777/2510/8139 2840/2572/8139
f 28/4172/8140 2714/2446/8140 2777/2510/8140
f 2651/2385/8141 2714/2446/8141 28/4172/8141
f 30/4174/8142 2588/2321/8142 2651/2385/8142
f 2525/2259/8143 2588/2321/8143 30/4174/8143
f 2462/2196/8144 2525/2259/8144 31/4175/8144
f 33/4177/8145 2399/2133/8145 2462/2196/8145
f 2336/2070/8146 2399/2133/8146 33/4177/8146
f 2273/2008/8147 2336/2070/8147 34/4178/8147
f 36/4180/8148 2210/1945/8148 2273/2008/8148
f 2147/1882/8149 2210/1945/8149 36/4180/8149
f 38/4182/8150 2084/1819/8150 2147/1882/8150
f 2021/1756/8151 2084/1819/8151 38/4182/8151
f 40/4184/8152 1958/1694/8152 2021/1756/8152
f 41/4185/8153 1895/1631/8153 1958/1694/8153
f 1832/1567/8154 1895/1631/8154 41/4185/8154
f 1769/1506/8155 1832/1567/8155 42/4186/8155
f 44/4188/8156 1706/1443/8156 1769/1506/8156
f 45/4189/8157 1643/1379/8157 1706/1443/8157
f 1580/1316/8158 1643/1379/8158 45/4189/8158
f 47/4191/8159 1517/1253/8159 1580/1316/8159
f 48/4192/8160 1454/1192/8160 1517/1253/8160
f 1391/1128/8161 1454/1192/8161 48/4192/8161
f 50/4194/8162 1328/1066/8162 1391/1128/8162
f 1265/1003/8163 1328/1066/8163 50/4194/8163
f 1202/940/8164 1265/1003/8164 51/4195/8164
f 1139/879/8165 1202/940/8165 52/4196/8165
f 1076/815/8166 1139/879/8166 53/4197/8166
f 1013/753/8167 1076/815/8167 54/4198/8167
f 56/4200/8168 950/690/8168 1013/753/8168
f 887/627/8169 950/690/8169 56/4200/8169
f 824/564/8170 887/627/8170 57/4201/8170
f 761/502/8171 824/564/8171 58/4202/8171
f 60/4204/8172 698/440/8172 761/502/8172
f 635/376/8173 698/440/8173 60/4204/8173
f 572/315/8174 635/376/8174 61/4205/8174
f 63/4207/8175 509/251/8175 572/315/8175
f 446/189/8176 509/251/8176 63/4207/8176
f 383/126/8177 446/189/8177 64/4208/8177
f 66/4210/8178 320/3/8178 383/126/8178
f 257/1/8179 320/3/8179 66/4210/8179
